example_id,text,category
tr_bd8a3a3ea9,I no longer want this can i cancel my purchase?,request_refund
tr_6ce2ca3ef0,"Will you accept my credit card, it my only one.",supported_cards_and_currencies
tr_519ae1c29b,My card won't physically work.,card_not_working
tr_42bbe45644,Why would my payment for my card show as pending?,pending_card_payment
tr_c75be6d947,Is there a certain age I need to be?,age_limit
tr_885324431e,Explain to me how to verify the top-up card.,verify_top_up
tr_5f5bfd247d,What do I need to know about topping up?,top_up_by_card_charge
tr_bdc64bf2f3,I've already sent the money out and still have not received money in my account.,balance_not_updated_after_cheque_or_cash_deposit
tr_6de50e9b77,Am I able to do top-ups with Google Pay?,apple_pay_or_google_pay
tr_c5f8375230,I want to top up my account with a cheque,top_up_by_cash_or_cheque
tr_9d6844749b,"I have checked my statements multiple times, but my refund that I requested a while back is not showing on my account. Is there a reason for this? Can I get some help getting my money back from this transaction?",Refund_not_showing_up
tr_90a13680e5,I don't understand why you want so much of my personal info.,why_verify_identity
tr_cba6f68e04,Why would I need a disposable card?,get_disposable_virtual_card
tr_b5ec3c6220,I recently deposited a cheque and cannot find the cash from it.,balance_not_updated_after_cheque_or_cash_deposit
tr_fa1b1fa3fe,Why was an extra charge added when I used my card?,card_payment_fee_charged
tr_2e130c0c10,i tried to do a transfer to an account but it didn't work,beneficiary_not_allowed
tr_c11754ef1a,I am required to make several disposable cards every day.,disposable_card_limits
tr_b172d88cd2,Why am I getting charged more for using my card?,card_payment_fee_charged
tr_09282162ed,"I only received $20, but I requested $100.",wrong_amount_of_cash_received
tr_fd2ed07d32,Why is my cash withdrawal still showing as pending?,pending_cash_withdrawal
tr_bc63856f69,"I need some help, I thought you guys accepted crypto top ups?? It won't seem to let me do it. I put money in my account and now it's gone and I didn't spend it. Where did it go??",top_up_reverted
tr_dcaf132f4d,Is my daughter eligible to open an account?,age_limit
tr_845199bba8,When do I set up my card PIN?,get_physical_card
tr_8e64eee80c,I tried updating my balance by cheque yesterday but it doesn't seem to be working. Shouldn't that be faster? Please check my account something has gone wrong there.,balance_not_updated_after_cheque_or_cash_deposit
tr_3c37988c99,What do I need for activation of my card?,activate_my_card
tr_9b0b402485,Can you tell me why my transfer is pending still?,pending_transfer
tr_474723bff3,The ATM did not give me my card back?,card_swallowed
tr_03b80a1d77,I am reluctant to use ATMs international because I don't get an accurate exchange rate,wrong_exchange_rate_for_cash_withdrawal
tr_d3c11bcc8b,I asked for cash but I did not receive all the funds,wrong_amount_of_cash_received
tr_5bb81a1dd0,I paid with my card and I was charged a fee,card_payment_fee_charged
tr_0cfa198de3,"Change of location, need to change details",edit_personal_details
tr_b1076994ef,Where do my fund come from?,verify_source_of_funds
tr_5fe7716fb1,help my money isnt showing up,balance_not_updated_after_bank_transfer
tr_cec8907bac,What happens if my card payment is cancelled?,reverted_card_payment?
tr_6c859d3234,How much do I need to pay for a transfer?,top_up_by_bank_transfer_charge
tr_25f44c3ae0,is there a reason i need to verify top up,verify_top_up
tr_53f0dd8320,Is there a problem with the top up system? My transaction hasn't gone through properly,pending_top_up
tr_e29b49f7c7,What's up with the fee for getting cash?,cash_withdrawal_charge
tr_5aa21c47df,Why can I not get cash from the ATM?,declined_cash_withdrawal
tr_527274f768,Is there a function where I can top-up automatically?,automatic_top_up
tr_9e5ce56830,Am I able to track the card that was just sent to me?,card_arrival
tr_a3d1ac46d9,Is there any reason my cash withdrawal still shows as pending?,pending_cash_withdrawal
tr_7ecbe64130,Why is my physical card not working?,card_not_working
tr_b9766c41b5,How many disposable cards can you own?,disposable_card_limits
tr_9a481d6f6f,There's an error with the rate that is charged.,card_payment_wrong_exchange_rate
tr_515abc7301,Is there a reason to why I was charged twice for a transaction?,transaction_charged_twice
tr_bb3ad93134,How long does transfer from the US take?,transfer_timing
tr_88c44d05f5,How long is a delivery to the US?,card_delivery_estimate
tr_472f788f37,Why didn't the money I transferred into my account get added to my balance?,balance_not_updated_after_bank_transfer
tr_0d65d51d6e,How can I top up my account and which currency can I use?,supported_cards_and_currencies
tr_bd4d96b65f,I'm not recognizing the card payment.,card_payment_not_recognised
tr_5a1767e93b,I used my card to top-up but the money is gone!,topping_up_by_card
tr_a1d7745da1,Can you tell me more info about virtual disposable cards?,get_disposable_virtual_card
tr_dd53fbdd2d,HOW LONG THE CARD VALIDITY,card_not_working
tr_5664d40cf0,What is the closest ATM?,atm_support
tr_2572efd7bf,"I thought I knew my password but I guess I was wrong, what can I do now?",passcode_forgotten
tr_ef23eeaf63,"My top-up was cancelled, could my bank be the problem?",top_up_reverted
tr_027b2cf91b,How do I go about cancelling a transaction?,cancel_transfer
tr_99ae835616,I have been waiting over a week. Is the card still coming?,card_arrival
tr_46d0402367,I paid with my card and ended up being charged a fee.,card_payment_fee_charged
tr_5ee8cee3ff,I'd like to delete my account.,terminate_account
tr_b53ff27d1b,Why am I being charged to transfer funds?,transfer_fee_charged
tr_be884e7771,I want to know about your refund policy.,request_refund
tr_f416cce0dc,How do you check my identity?,verify_my_identity
tr_d06b872977,Why is my exchange rate wrong?,card_payment_wrong_exchange_rate
tr_c922faa9b0,why is top up pending,pending_top_up
tr_4913ac0595,I sent a cheque a few days ago and i noticed that no money has been put on my account. Can you please tell me the situation of my account?,balance_not_updated_after_cheque_or_cash_deposit
tr_a67a4ec240,My account balance doesn't reflect an update I made by cheque yesterday. Is something wrong or is the system slow?,balance_not_updated_after_cheque_or_cash_deposit
tr_6cea0331ee,My passcode was denied.,passcode_forgotten
tr_44f18305ec,Can you tell me the cost of a transfer?,top_up_by_bank_transfer_charge
tr_4a50f40b5a,"I would like open a second card for my daughter, how can you assist me?",getting_spare_card
tr_a71ff679a2,"In my statement, I got a €1 extra fee.",extra_charge_on_statement
tr_c60db46797,How can receive a physical card,order_physical_card
tr_b53f6c16db,It looks like I was charged twice for a single transaction,transaction_charged_twice
tr_fc8d8445c9,Some cash withdrawal that I didn't make showed up in the app.,cash_withdrawal_not_recognised
tr_e3c3150561,Can I top up my account with Google Pay?,apple_pay_or_google_pay
tr_8b9bd4b09c,"While getting cash, I was charged a fee.",cash_withdrawal_charge
tr_0b66261aa9,I have money in a foreign account that I want to send to this account.,transfer_into_account
tr_40e53b266f,can other people use the app to add money to my account,topping_up_by_card
tr_d479e03554,How long does it take for cash withdrawals to hit my account?,pending_cash_withdrawal
tr_8b9b3bfe3b,Why has my card been declined?  whats the deal?,declined_card_payment
tr_9ec09c6070,How long does it take for deliver to the US?,card_delivery_estimate
tr_29099af1d8,What do I have to do to get my virtual card?,getting_virtual_card
tr_c0eab37897,The card is non-functional.,card_not_working
tr_55b61f9268,How come I can't get money at the ATM,declined_cash_withdrawal
tr_4a9c2cc8b1,"Hi, I am experiencing problems while trying to top-up with my card. I have never experienced any problems doing this before. Could you please help me?",top_up_failed
tr_f70b33870e,What is the max top-up?,top_up_limits
tr_95ace2fa25,Please specify any limitations that come along with disposable cards.,disposable_card_limits
tr_1e0f27f853,Can I set my own top-up limit?,top_up_limits
tr_28230a559c,"Hi, I tried topping up for the first time today (I'm a new customer), and the transaction has shown as pending for the last half an hour. Can you fix it?",pending_top_up
tr_f3fafa8928,Please update me on whether you have received the funds for the refund of the large purchase I made recently. I have requested this from the merchant days ago but still haven't got anything.,Refund_not_showing_up
tr_c99d5aa581,What currencies and cards do you support?,supported_cards_and_currencies
tr_b2e5e79b93,What is the process for unlocking the pin?,pin_blocked
tr_b5adff5a45,My transfer has not arrived.,transfer_not_received_by_recipient
tr_17155f2510,Can I use my Apple watch to fill my gas tank?,apple_pay_or_google_pay
tr_e72dc71d8b,There seems to be a couple of payments listed in the app I know weren't made by me. Is there a possibility someone has access to my card? Can you find out what's going on?,card_payment_not_recognised
tr_909aaea5d5,Can I pay more to get it deliver quicker?,card_delivery_estimate
tr_e3ed3735ce,"If I get another card, what kind of fees am I looking at?",getting_spare_card
tr_347b424509,Why was there a fee for my cash withdrawal?,cash_withdrawal_charge
tr_22dffad438,I finished my transfer. I am having an issue with it still pending. It has been a long time and i'm growing impatient,pending_transfer
tr_effeb12fc3,My card rejected a cash withdrawal. Why?,declined_cash_withdrawal
tr_f6d27a40a0,I think I was charged a different exchange rate than what was posted at the time.,wrong_exchange_rate_for_cash_withdrawal
tr_6356c21b6c,I contacted the seller for a direct refund last week but he still hasn't give me my money. What should I do?,Refund_not_showing_up
tr_5341e4a5a4,Can I choose whether I receive a Visa or a Mastercard card?,visa_or_mastercard
tr_4e3cf5518f,is there a charge on withdrawals?,cash_withdrawal_charge
tr_e3025c2461,I tried to buy something online yesterday but it kept saying declined. Tried another time today but same thing happened. What's Broken?,declined_transfer
tr_44eb28b344,I have a fee for cash withdrawal,cash_withdrawal_charge
tr_7b7c36dde4,The app is showing a payment I never made.,card_payment_not_recognised
tr_06a85c12f2,Can anyone else top-up for me?,topping_up_by_card
tr_fc73a26d4a,My transfer to my account is missing.,balance_not_updated_after_bank_transfer
tr_13aaf8396f,"I need to set up an account for my daughter, how would I do that?",age_limit
tr_a8546ad5b4,i dont recognize a charge on my card,card_payment_not_recognised
tr_86baf45f09,"i made a payment with my card and was charged a fee, why would you do that",card_payment_fee_charged
tr_61f9150dc7,Do I have to go to an actual bank to change my PIN?,change_pin
tr_aa50adf103,Is there a fee to get an actual card?,order_physical_card
tr_a926a6cc0d,What is the procedure to transfer money to my account?,transfer_into_account
tr_6f2be42f89,I withdraw money abroad but I didn't get the right amount.,wrong_exchange_rate_for_cash_withdrawal
tr_62cc895705,I tried to transfer money to a receiver and they didn't get the right amount. What is going on and who do I contact to help me?,transfer_fee_charged
tr_5b5fbe8dc3,Are there any top-up limits?,top_up_limits
tr_b2909364de,"My new card has arrived, what's the activation procedure?",activate_my_card
tr_6f396bc070,What are the steps I should take to recover my swallowed card?,card_swallowed
tr_b60aa9dc18,How can I go about resetting my passcode?,passcode_forgotten
tr_ca745930ad,I wasn't able to withdraw money at an ATM,declined_cash_withdrawal
tr_0fe1da4f59,What fees are charged for a physical card?,order_physical_card
tr_6c985000f1,Do I pay a fee for SEPA transfers?,top_up_by_bank_transfer_charge
tr_b9b45d8e90,"Hello, I tried to top up with my card, but it didn't work. I just got it a couple days before and it works fine. What's the deal? Can you check into this?",top_up_failed
tr_5c933c6208,My card is expiring soon.,card_about_to_expire
tr_0480b73bfe,What caused my transfer to fail?,failed_transfer
tr_b973819d70,Help me change my PIN.,change_pin
tr_c2bee59887,What if I don't verify my identity?,why_verify_identity
tr_a67cfe900d,Why do you keep declining my payment?I tried several times already with this card and it is just not working.,declined_card_payment
tr_8c7b2eb174,"The ATM charged me an extra fee, Why?",cash_withdrawal_charge
tr_a5c6a320f5,What is identity check?,why_verify_identity
tr_9818187f20,I would like to activate my card.,activate_my_card
tr_57e4235d0e,What are the disposable virtual card limits?,disposable_card_limits
tr_f4f99c36c5,What ATMs can I use this card?,atm_support
tr_690b58af4b,"I have done a transfer within the country a couple days ago, but it's still not there yet. Can you please check what's going on with that, the account number definitely is the right one, I've checked that several times already.",transfer_not_received_by_recipient
tr_fc46a03399,Top up keeps failing,top_up_failed
tr_19094c46a6,Why couldn't I transfer funds to my beneficiary?,beneficiary_not_allowed
tr_b8feb9525e,When will I be able to see my refund?,Refund_not_showing_up
tr_c90395253d,I need an ATM right now!,atm_support
tr_95d41a2dbc,Is there a reason why my card was declined when I attempted to withdraw money?,declined_cash_withdrawal
tr_7359c65c18,After taking over my card transactions I noticed that was charged twice for a restaurant purchased from earlier this week. Can you please remove one of these transactions from my account since it is not accurate?,transaction_charged_twice
tr_76dc6dcf87,What is the fee to top-up my account,top_up_by_bank_transfer_charge
tr_f951e0524f,I was charged more than once in a single transaction,transaction_charged_twice
tr_f7e839b7d4,Can you please assist on my item that needs to be refunded?,request_refund
tr_a92ef7b1c5,Why haven't I gotten a virtual card yet?,getting_virtual_card
tr_6e4846a3f8,Is it ok for a friend to send me money?,receiving_money
tr_c285d7e82c,What are these disposable virtual cards all about?,get_disposable_virtual_card
tr_f9ad35b91d,I used the ATM to get money out and did not realize I would be charged as much as I was or I would not have done that!,wrong_exchange_rate_for_cash_withdrawal
tr_4fbcdd22d9,A transaction on my card shows as pending.,pending_card_payment
tr_3508e905aa,How often can I top up my account?,top_up_limits
tr_ee08757a9a,ATM only gave me $20 instead of $100,wrong_amount_of_cash_received
tr_7fe6ea9883,Reasons for top up cancellation.,top_up_reverted
tr_c3fca681eb,What is the basis of your exchange rates?,exchange_rate
tr_7479a1940a,Can I top up using cash?,top_up_by_cash_or_cheque
tr_a3ceb530f6,I anticipate getting a Visa card,visa_or_mastercard
tr_3aa0ce4e98,I should have a refund in my statement but I can't see it,Refund_not_showing_up
tr_7cd5224add,How do I know what my PIN is?,get_physical_card
tr_b1b13ab03b,Please can you block the transaction I just sent from my account? It was a payment but I accidently typed in the wrong details and think it might have gone to the wrong place.,cancel_transfer
tr_21a32b344e,Do top-ups have limits?,top_up_limits
tr_a1ce6ff68d,Can I use my card for online payments?,card_acceptance
tr_58145ac6b1,I'm upset because I got charged a ridiculous fee when making an ATM withdrawal over a holiday weekend.  It didn't notify me beforehand either or I wouldn't have ever done it.,wrong_exchange_rate_for_cash_withdrawal
tr_6c73d94b81,"There's a problem - I bought something about a week or two ago but just today the payment somehow came back into my account! I already received the item though, what's going on here?",reverted_card_payment?
tr_c9c0dc206a,Any charges applicable for new card?,contactless_not_working
tr_ab497abe13,"My transfer is pending, why?",pending_transfer
tr_8739b10c2d,Why was I not able to take cash from the ATM?,declined_cash_withdrawal
tr_8abe7049de,There is a cash withdrawl I don't remember.,cash_withdrawal_not_recognised
tr_1ff74e32ab,I am having some difficulty verifying my id.,unable_to_verify_identity
tr_276fb9acd2,Why did you decline my transfer?,declined_transfer
tr_9e22445dc6,"I've use my accounts all the time to manage my payments for my place abroad that I just got. I now see that I suddenly have new fees.I'm a frequent customer, so why are you charging me new fees instead of rewarding me?",transfer_fee_charged
tr_432dd4f77a,"Hello, I wanted to get some more information about ATM Withdraw Fee. I have been withdrawing money for years and notice this charge on my account. I always thought it was no fee since its you guys ATM company that I am withdrawing. Can you please explain?",cash_withdrawal_charge
tr_f1bee4a0c0,Help! I need to transfer something to China.,transfer_timing
tr_cae47838a9,Can I select my card scheme or do you choose it for me?,visa_or_mastercard
tr_609f264890,how soon will my card arrive?,card_delivery_estimate
tr_b47f8457a5,Can I auto top if I'm low on funds?,automatic_top_up
tr_6abaccd77b,There was an extra fee when I paid with the card.,card_payment_fee_charged
tr_6bb99a0fb5,Tell me about verifying top-up,verify_top_up
tr_143d875663,Why has my transfer been declined?,declined_transfer
tr_f531b0dae5,Why does the same transaction appear multiple times?,transaction_charged_twice
tr_2d19d6312a,I would like to link my card to my account.,card_linking
tr_28cdab1f8b,Can you send me more cards for my account?,getting_spare_card
tr_1b11ded608,can i use my mastercard to add money to my account,supported_cards_and_currencies
tr_b6d8e0c431,I want to cancel my card. I think someone else is using it.,compromised_card
tr_bb4e8a28a7,I have a trasnger that is pending and wondered about it.,pending_transfer
tr_4a95788f7c,Can I get a card although I'm not in the UK,country_support
tr_4d46adb78e,Where does the exchange rate stand right now?,exchange_rate
tr_ff7cd1a038,Is topping up with Apple Pay possible?,apple_pay_or_google_pay
tr_18c07cb2b5,I sent a payment to the wrong account number - can that transaction be reversed? I am worried about accidentally giving my money away.,cancel_transfer
tr_2a7e737419,My top up is not showing up in my wallet!,topping_up_by_card
tr_9d6bafdf08,I have a question regarding the PIN of the card?,get_physical_card
tr_69818d3601,My card needs to be topped up.,topping_up_by_card
tr_8188f38672,I need to stop a transaction that I made.,cancel_transfer
tr_00d1ca8605,My disposable virtual card isn't working.,virtual_card_not_working
tr_6a7c44a0c4,Please help me with the activation of the new card.,activate_my_card
tr_dad9e3ae6c,"My friend deposited $100 into my account, but it is not showing up!",balance_not_updated_after_cheque_or_cash_deposit
tr_af5e299958,I don't see the verification code for my card transfer.,verify_top_up
tr_6007483d12,I have a card payment I didn't make,card_payment_not_recognised
tr_bbd206a3f6,Why hasn't my cash arrived from a deposited check?,balance_not_updated_after_cheque_or_cash_deposit
tr_9eac51ca92,"Sort your top up out please! It's been pending since an hour already, can you please make this go through asap I really need the money",pending_top_up
tr_0c35f7ffe7,I did not have the right exchange rate applied to my situation of pulling out cash,wrong_exchange_rate_for_cash_withdrawal
tr_0a3be4ea39,Do you offer auto top ups?,automatic_top_up
tr_003a086a16,Does the auto top-up have any limits?,automatic_top_up
tr_67a67b4cf4,What is the length of a transaction completion?,transfer_not_received_by_recipient
tr_5e75014b8a,When should I expect to receive my card?,card_delivery_estimate
tr_608e1197c0,My card is expiring so how fast can I get a new one and how much will it be?,card_about_to_expire
tr_a1194209b7,I am just waiting for the transaction to be completed.,transfer_not_received_by_recipient
tr_98bbdb728d,Why has my top up failed?,top_up_failed
tr_87cfe68623,The cast deposit from a week ago still is not in my account. Why?,balance_not_updated_after_cheque_or_cash_deposit
tr_510279da57,I can't activate my card?,activate_my_card
tr_021161d626,When I got cash I was charged an extra fee!  Explain!,cash_withdrawal_charge
tr_73f6be3808,Why is my contactless not working?,contactless_not_working
tr_70efb1789a,why do you verify the top up,verify_top_up
tr_81985f370b,Why hasn't my transaction completed?,transfer_not_received_by_recipient
tr_bc4315f561,How much extra will I be charged for exchanging foreign currency?,exchange_charge
tr_c935e087c6,I just deposited cash to my account and can't find it!,balance_not_updated_after_cheque_or_cash_deposit
tr_f8755cf1b7,"Why wasn't it obvious that you charge for payments? If you put the fees in an easy to read format, this could have been avoided.",card_payment_fee_charged
tr_9eb8f48af5,What are the reasons to be charged a fee on card payments?,card_payment_fee_charged
tr_1304dbbdba,"You will hear back from us about your verification results in 10 minutes to a one hour timeframe.  If these verification results do fail, please double-check to make sure your images are clear and have no glare or blur; your photos need to be fully readable.  You need to be 18 years of age or older and a resident of Switzerland or the European Economic Area to create an account.",unable_to_verify_identity
tr_716b3ada99,Can I add a card back to the app?,card_linking
tr_178b25c011,What does my daughter need to open an account?,age_limit
tr_dff9d517b5,"What are my options for topping up, automatic and/or manual?",automatic_top_up
tr_d6353d6da9,Can I quickly send a transfer from China?  How long will it take?,transfer_timing
tr_21011b23ab,Can you please assist me in completing a transfer? I'm trying and I keep getting an error. I'm trying to purchase a flat and pay the initial mortgage payment. All I keep getting is an error. Can you find out what's happening here?,failed_transfer
tr_42f4aa7296,Are there charges for using a bank card to top up,top_up_by_card_charge
tr_59b1a8414d,I want a new card,getting_spare_card
tr_15533242df,I made an online purchase and the order has not shown up. Give me my money back.,request_refund
tr_f5425d42d4,how long until a cash withdrawal will show on my account,pending_cash_withdrawal
tr_d8cb09fd55,how should i add money to my card,top_up_by_card_charge
tr_88d45a8b08,My account is locked because I used the wrong pin too many times.  Please help.p,pin_blocked
tr_3475d3dd1d,Can I use my salary for this?,receiving_money
tr_624e860457,Please help me find my top-up verification code,verify_top_up
tr_1125d2d356,Is there a fee that comes with transfers?,transfer_fee_charged
tr_00b17c89de,"I wanted to buy something online yesterday, but I could not because the card got declined on the day of and the following day. What is wrong with the card?",declined_transfer
tr_673585d71c,When will the transaction be done?,transfer_not_received_by_recipient
tr_8a9644c702,What are eligible holding and exchange currencies?,fiat_currency_support
tr_af89d59ce2,Can my children get an account?,age_limit
tr_4d4d9eb52c,Please explain how disposable virtual card work.,get_disposable_virtual_card
tr_3c63a75d91,Is topping up unlimited?,top_up_limits
tr_30a801653d,"I have one of your cards, but I don't know how to link it.",card_linking
tr_f7fee9726f,My card would not work at a shop.,declined_card_payment
tr_4cb74e7d32,Hello. I'm trying to transfer some money to a friend but it keeps getting rejected. can you help me?,failed_transfer
tr_7c31ad7fc5,i entered my pin in wrong and got it frozen. how many tries do i have,declined_cash_withdrawal
tr_1684966ead,Why should I have to prove my identity?,why_verify_identity
tr_aa06adca7d,I don't see the transaction I made to a friend on my account.,transfer_not_received_by_recipient
tr_8e34b723f3,How many years old do I have to be?,age_limit
tr_2151b9e838,I want to terminate my account,terminate_account
tr_974e2846db,Do you accept cheques for top-up?,top_up_by_cash_or_cheque
tr_10da8555c3,My card needs to be activated.,activate_my_card
tr_1332bc122a,"I'd like to make a SEPA transfer to my account, but will I be charged?",top_up_by_bank_transfer_charge
tr_3068a0a126,Why was I charged for transferring money?,transfer_fee_charged
tr_2cfc52ead9,What steps do I need to get another card?,getting_spare_card
tr_5e88fb7633,Someone might be using my card that is not me.,compromised_card
tr_7ba7a01810,Will I be charged for transfers?,transfer_fee_charged
tr_84fccc013d,How do I troubleshoot when contactless doesn't work?,contactless_not_working
tr_a2faad35d3,I was charged twice for an in-store purchase that I thought was declined.  My App says that it's still pending for one of the payments. Please make sure one of the charges is removed.,transaction_charged_twice
tr_b5328d693f,Whats types of currency can I exchange?,exchange_via_app
tr_bf51c8d454,I attempted to deposit a cheque yesterday but the balance isn't showing today. Is it still pending?,balance_not_updated_after_cheque_or_cash_deposit
tr_cc66aec378,I am very upset that i went to use my new card today and it kept getting declined. Why is this happening and what do I do to not have it declined?,declined_card_payment
tr_64b0a564cf,I use my card internationally to manage payments and I just noticed that you are adding additional fees.  Why?  I am a good customer and this has me thinking about leaving.,transfer_fee_charged
tr_d4acd6325f,"I have obtained the salary in GBP, will it need to be configured?",receiving_money
tr_e72aa4f97e,Can I exchange currencies usign this app?,exchange_via_app
tr_0ba48c350d,Why was I charged an additional $1?,extra_charge_on_statement
tr_87b04dc09a,My card payment has had the status of pending forever. What is the issue? It should have gone through at some point.,pending_card_payment
tr_11826094ec,I paid two weeks ago and just got refunded,reverted_card_payment?
tr_a71b6f1b4c,I need to order a new card as my old one will expire soon. Can you tell me how to order a new one?,card_about_to_expire
tr_5e626dc76e,My card hasn't arrived yet. What do I do?,card_arrival
tr_0b636075d7,Which ATMs take the card?,atm_support
tr_a3eaa5e482,Will I be charged for a top off transfer?,top_up_by_bank_transfer_charge
tr_045e6e82d7,What countries can I use my account in?,country_support
tr_6546b186ed,How much money can I withdraw before fees? I noticed a fee on my card but I didn't think I had hit the limit of how much I could withdraw in a month.,cash_withdrawal_charge
tr_893c420ccd,how do i get a pin for my card,get_physical_card
tr_20ee6daf9c,What is the verification code for my top up card?,verify_top_up
tr_31056bd7f3,I still haven't received my card in the mail,card_arrival
tr_ba6be3a139,When will my top up be approved?,pending_top_up
tr_bc251f149a,I can't withdraw any money from my account. Ive tried a couple different ATM machines and both of them wouldn't give me my money. What's going on? Is my account frozen or something?,declined_cash_withdrawal
tr_1c6324ba14,"I'm currently not in possession of my phone, is it still possible to go about things normally without access to the app?",lost_or_stolen_phone
tr_e5552aa682,I did a transfer earlier but see that it failed to go through.,failed_transfer
tr_0dcaa6df03,Why would a card payment be declined?,declined_card_payment
tr_7ecaf42054,My ATM withdrawal is taking forever,pending_cash_withdrawal
tr_547191b1c2,what is the price of a transfer?,top_up_by_bank_transfer_charge
tr_97e1fb4003,"Hi, there is a suspicious payment from my card. I definitely do not know who this is or who could have made this payment.",card_payment_not_recognised
tr_ea2a77b0ea,How do I transfer money from one bank account to another?,transfer_into_account
tr_f06ff15cb3,Please tell me the steps to verify my identity.,verify_my_identity
tr_256a183784,I'm due a refund and it is not on my statement.,Refund_not_showing_up
tr_51a49a3998,Why hasn't my transfer from Europe gone through?,transfer_timing
tr_315b035941,Is it possible to change from USD to GBP with your App?,exchange_via_app
tr_298ac9e704,Is there a minimum age for having an account?,age_limit
tr_f93f8951da,How can I alteration my PIN?,change_pin
tr_738c033287,I made a purchase earlier today but it is still listed as pending- when will it go through?,pending_card_payment
tr_feb7ffa5a0,There's a cash withdrawal I am certain I did not make,cash_withdrawal_not_recognised
tr_d9d5e0ae97,Why did I get charged more for using my card?,card_payment_fee_charged
tr_c67b8a4c58,My app statement shows I took out cash from an ATM but I did not. What can I do?,cash_withdrawal_not_recognised
tr_9746f75df2,Please help!  The app won't let me cancel a money transfer.  I accidently sent money to an account that wasn't mine.  I need this cancelled immediately.,cancel_transfer
tr_f1433c1ed5,What steps do I need to take for the identity checking process?,verify_my_identity
tr_406e2384d6,Is there a fee for physical cards?,order_physical_card
tr_7160f56aff,What happens if the ATM doesn't give the right amount of money?,wrong_amount_of_cash_received
tr_f38104ed75,I just looked over my statement and I don't recognize the name of a card payment.,card_payment_not_recognised
tr_228861eb72,Why didn't my top up work?,top_up_reverted
tr_4d532b3a6e,When will my payment go through?,pending_card_payment
tr_7eb94f6084,Why is my purchase showing as pending?,pending_card_payment
tr_20eb9d61c8,"I just took some cash out of a cash machine in Heathrow airport because I wanted to buy some new sunglasses for my holiday but you've added a fee to the withdrawal, what is this?",cash_withdrawal_charge
tr_0487ac9461,Someone stole my card!,lost_or_stolen_card
tr_6a4bb25135,Is there a topping up limit?,top_up_limits
tr_0d71be9470,"I requested a refund from a merchant a while ago, and upon repeatedly checking my statement, the merchant has yet to refund me my money.  I don't know what's going on, or why the money is getting into my account--could you please help?",Refund_not_showing_up
tr_12def39af2,"I did a transfer to my account, but it hasn't shown up",balance_not_updated_after_bank_transfer
tr_fabaf4342c,What currency can I use to add money?,supported_cards_and_currencies
tr_d22266fcb8,Why is my payment still pending?,pending_card_payment
tr_9101950447,I can't find the auto-top up option.,automatic_top_up
tr_01850ff895,This is the first time I've tried to get my money out of an ATM and it didn't work. Please give me my money,declined_cash_withdrawal
tr_131aa226e7,Do you accept credit cards from the US,supported_cards_and_currencies
tr_0f708edd6a,Can I have a third card?,getting_spare_card
tr_3a4ea6f469,What are disposable virtual cards?,get_disposable_virtual_card
tr_d4b9c373f0,"My transfer was wrong, are you able to stop it before it goes through please?",cancel_transfer
tr_db7ece0c26,How long does it take for me to get my pin,get_physical_card
tr_a9935283da,"I used my card to top up, but now I don't see the money in my account.",topping_up_by_card
tr_722827429c,"Hey I want to get a refund on something I bought, but not sure how to go about it. Can you please just cancel the payment, I have not received the item yet.",request_refund
tr_1d4116e6b8,There is a direct debit charge on my account that is not mine.,direct_debit_payment_not_recognised
tr_982be45269,i haven't received my order and want a refund,request_refund
tr_41df4c8447,"Hello, I was just went through my recent transaction on my bank account and I just noticed that I was charged twice at a place that ate at this past week. Can I get that second transaction removed from my account?",transaction_charged_twice
tr_c1870aef88,where has my transferred money gone?,transfer_not_received_by_recipient
tr_b68b15a484,Where do I order a disposable virtual card?,get_disposable_virtual_card
tr_9baf3f74f5,I need money put into this account from another one.,transfer_into_account
tr_adcf774307,Is it possible to get both a Visa and a Mastercard?,visa_or_mastercard
tr_b26eee7c64,My top-up has been reverted and I would like to know why.,top_up_reverted
tr_0c97c77b9d,Can I dispute a debit payment that I am seeing that I didn't make from a couple of months ago?,direct_debit_payment_not_recognised
tr_25ab52062b,Which type of card will I receive?,visa_or_mastercard
tr_e14263565c,I'm interested in getting a card. How does one go about doing that?,order_physical_card
tr_2eb4d66f76,Why can't I see my funds after I topped up?,pending_top_up
tr_c8e8a95391,What do I need to do to perform identity checks?,verify_my_identity
tr_7289b1aa40,Can I use my account even though the identity verification has not passed yet?,why_verify_identity
tr_225c78f756,Can I put my found card back into the app on my phone?,card_linking
tr_a0f01c1ad7,I need clarity on why my card is not working.,card_not_working
tr_456c8adfbb,How can I trade currencies with this app?,exchange_via_app
tr_98c9deff8a,How do I deactivate my account?,terminate_account
tr_d412c997b5,I need to change my last name on my account because I just got married.,edit_personal_details
tr_f8f9dd9a84,Why can't my beneficiary access my account?,beneficiary_not_allowed
tr_ffb82d1a83,I didn't see any reason why my transfer was declined. What gives?,declined_transfer
tr_c416411fb7,Why couldn't I get cash from an ATM?,declined_cash_withdrawal
tr_9ab6d59d5a,"how long does it take to transfer money, my retailer is waiting",transfer_not_received_by_recipient
tr_64ca187621,One of my transactions needs to be canceled.,cancel_transfer
tr_657bd87bc4,I didn't make this payment and it's on my app,card_payment_not_recognised
tr_95fe78cac5,Can a friend top up my account,topping_up_by_card
tr_061a604dc5,Does the top-up need verified?,verify_top_up
tr_006bf2c53d,Why did the funds for one of my purchase come back to my account?,reverted_card_payment?
tr_a9972fb15d,€1 was in my statement as an extra fee.,extra_charge_on_statement
tr_5541f8304b,Where is my money that I transfered?!,balance_not_updated_after_bank_transfer
tr_25bdd00d06,I have lost my credit card in the ATM!,card_swallowed
tr_dc982006b5,"My funds are low, can I auto top up?",automatic_top_up
tr_21ca405bf7,Where do i verify a top-up card?,verify_top_up
tr_3a68c77cb1,What does the decline message mean,declined_transfer
tr_81db810970,I am not able to make a purchase because there is an issue with my card,reverted_card_payment?
tr_6e8e55cac6,What are ways to test why my card might not be working?,card_not_working
tr_ed54a8eca0,How old do kids have to be to open an account?,age_limit
tr_883bba633d,I need to reset the passcode.,passcode_forgotten
tr_d5f897370a,I have a transfer that is still pending.,pending_transfer
tr_ccf4ad4c4f,I received a message from a seller stating they hadn't received my money even though it definitely came out of my account. The money has now been deposited back into my account. Please get this resolved as soon as possible.,reverted_card_payment?
tr_142d7b486f,Can I top up for free using a European card?,top_up_by_card_charge
tr_931ca1d97f,my exchange rate looks wrong for my last payment,card_payment_wrong_exchange_rate
tr_6c6cc17cbf,I need a quick transfer from China.  How long would that take?,transfer_timing
tr_1d66db1d1e,"I don't know what's wrong with my card, but it has not worked at multiple places today.",card_not_working
tr_b047f6afff,"My card payment is showing up as pending for a very long time, what's going on with that, it should be going through at some point?",pending_card_payment
tr_752e790499,How do I activate and link my new card?,card_linking
tr_124a9f24b9,Are there virtual cards,getting_virtual_card
tr_017c07c9c2,How long will it take to deliver to the US?,card_delivery_estimate
tr_9ff047eb1b,"I have been double charged for a couple of things this week, and would appreciate a refund for the duplicate charges.",transaction_charged_twice
tr_8cf5932ddf,How do I go about exchanging currencies with this app?,exchange_via_app
tr_9044189b6a,There is a debit paymet that I don't recognize.,direct_debit_payment_not_recognised
tr_f4900ba653,How do I get my card out of the ATM?,card_swallowed
tr_f21899baa5,"
Where can I withdraw money from?",atm_support
tr_9622a92a27,how do i add money from my amex card to top up,supported_cards_and_currencies
tr_0ae6390ef1,My top-up appears to be pending.,pending_top_up
tr_bf9213f460,There is a direct debit charge on my account that I don't recognize.,direct_debit_payment_not_recognised
tr_658b8ee5a8,What are the reasons that my mortgage payment won't go through? I'm getting an error and don't know how to correct to get this transfer to go through.,failed_transfer
tr_7ac14c948d,I can get my identification verified.,unable_to_verify_identity
tr_79e72741cc,"I decided I no long want something that I ordered, and want a refund. How do I go about doing that?",request_refund
tr_4851a74226,I need to cancel a transaction.,cancel_transfer
tr_20c73412d6,Show me how to verify my identity?,verify_my_identity
tr_f7b3f23bc4,My throwaway virtual card won't work,virtual_card_not_working
tr_c3058c951a,The disposable cards - what are they for?,get_disposable_virtual_card
tr_ac2ddf8d2a,How can I see the progress of delivery of the card that was sent?,card_arrival
tr_1391626a70,I want to top up my account. What payment methods are supported?,supported_cards_and_currencies
tr_c3804dce4b,I don't recognize this payment,card_payment_not_recognised
tr_ae04ba0ea2,would a visa or mastercard be more suited to me?,visa_or_mastercard
tr_eb4fc45f56,Why was I charged extra when paying with card?,card_payment_fee_charged
tr_a10d4050ae,What is your exchange rate between UK pounds and Russian rubles for my last transaction,card_payment_wrong_exchange_rate
tr_545af377bd,My card is not working at stores.,declined_card_payment
tr_462e697e9d,My transfer seems to be too expensive.,transfer_fee_charged
tr_22b4eabfe1,My recipient hasn't received the money,transfer_not_received_by_recipient
tr_1a95a165c2,Why do I have to give you my drivers license,why_verify_identity
tr_04959bfc0a,I changed my mind on something I purchased through you and I need the transaction canceled and a refund as soon as possible. Can you help me please?,request_refund
tr_1e00fcb3ce,My app is showing a cash balance that I did not receive.,cash_withdrawal_not_recognised
tr_3ef2dedaa4,I want to return an item for a refund can I do that?,request_refund
tr_314f6beb34,how long should I expect to wait for my card to arrive?,card_delivery_estimate
tr_c08e0ac7ec,"I tried topping off my account with a card, but the money is not in my account despite the charge going through",topping_up_by_card
tr_dc72b652af,My top up isnt working,top_up_failed
tr_b4fcba7797,What is not accepted in order for me to top up my account?,top_up_by_cash_or_cheque
tr_334e2b8a43,How long do I have to wait for Europe transfers?,transfer_timing
tr_16df0894d5,Is it possible to have a discount for exchanging currency frequently?,exchange_charge
tr_c5b0bab5a6,What exactly is the exchange fee?,exchange_charge
tr_3761941a64,What do I do if the ATM took my card?,card_swallowed
tr_aed6210970,"I Submitted a cheque couple of days ago, nothing happened to my account yet.What could be the possible issue?",balance_not_updated_after_cheque_or_cash_deposit
tr_36020b60b1,Is there a top-up fee if you add money in USD?,top_up_by_card_charge
tr_bff910659b,Card delivery services? Where?,order_physical_card
tr_e862b43500,why is there a fee for the transfer I made?,transfer_fee_charged
tr_008732bc68,"Hello, I have recently made a purchase and have decided to cancel my purchase. Is there any way that you can cancel that transaction for me so I can get the money back? It's very important.",request_refund
tr_e93da22e3c,"I don't want this account anymore, how do I delete it?",terminate_account
tr_049bdc0a00,"Apple pay is not accepting my American Express card, can you assist me with this problem?",apple_pay_or_google_pay
tr_303c7310cd,I need a new login code,passcode_forgotten
tr_d101034833,Why won't my card accept any transactions?,card_not_working
tr_8b2091fe33,My app shows a direct debit that isn't mine.,direct_debit_payment_not_recognised
tr_6934aa5680,Why is there a verification to identity,why_verify_identity
tr_c2ddf98551,Asked for $100 but only got $20. Why would this happen?,wrong_amount_of_cash_received
tr_d67339ab39,I am still currently waiting for the cash that has been deposited into the account this morning.,balance_not_updated_after_cheque_or_cash_deposit
tr_18c8c321e1,What is the process for getting an actual physical card?,order_physical_card
tr_5f0277e157,How long do deposits take to appear? I've been waiting for more than a week and need the money!,balance_not_updated_after_cheque_or_cash_deposit
tr_dfb5840dbb,What are your supported countries?,country_support
tr_de0fdb4f01,"i need a refund from you because the merchant is refusing, can you do that?",Refund_not_showing_up
tr_f720d35352,"Given a choice, I'd rather have Mastercard.",visa_or_mastercard
tr_189d89e47d,"phone is gone, what should i do",lost_or_stolen_phone
tr_317105d4ef,My transfer didn't arrive to the recipient,transfer_not_received_by_recipient
tr_8d313603c4,"My ID verification hasn't gone through yet, but can I use my account anyway?",why_verify_identity
tr_e19dd73fd5,Please delete the duplicate payment that was made to my account. One payment is still pending and I do not want to pay twice.,transaction_charged_twice
tr_6737aa83ac,Extra charge during transfer,transfer_fee_charged
tr_e11cfde56a,Is it possible to order a card?,order_physical_card
tr_a226ff6fdb,What do I need to do to link my new card for my account?,card_linking
tr_4fed5d2940,Are you only able to get a card if you're in the UK?,country_support
tr_5d77468489,Why is my transfer pending?,pending_transfer
tr_1c8bbeaedc,I need to know where I can withdraw money.,atm_support
tr_a8efe7dd7b,How can I top up with a cheque?,top_up_by_cash_or_cheque
tr_1c29e0c42a,What types of currencies do you accept?,supported_cards_and_currencies
tr_5325ef5ba0,I need to change a transfer.,cancel_transfer
tr_f817b90a97,I ordered my card a couple weeks ago and haven't received it yet. When can I expect it?,card_delivery_estimate
tr_1fd76bf487,How do I find my new pin?,get_physical_card
tr_2a8af1bb06,My card's expiration date is close.,card_about_to_expire
tr_c2f37b6036,My card still hasn't been delivered,card_arrival
tr_5e959d2f68,How does my top-up got cancelled?,top_up_reverted
tr_02f1516f9b,"I have to transfer money over to my mother, and I have tried numerous times and all that keeps happening is error messages.",beneficiary_not_allowed
tr_2bb3593fc8,I just got refunded for my purchase over two weeks ago,reverted_card_payment?
tr_3034c13de5,Do you let me choose between Visa and Mastercard?,visa_or_mastercard
tr_bcff005518,Can I track when my card will be delivered?,card_arrival
tr_46fefb478d,how long will it take for my transfer to stop pending,pending_transfer
tr_6742ee1aa5,can you assist me in activating my card?,activate_my_card
tr_32614017f0,Will you tell me how to exchange USD for GBP in the app?,exchange_via_app
tr_2d6775faed,The app is showing a cash withdrawal that I didn't make.,cash_withdrawal_not_recognised
tr_df8ed96503,How do I cancel a transaction?,cancel_transfer
tr_b68c21f1c0,Could you tell me what your exchange rates are?,exchange_rate
tr_f3e01d19b4,Do I get charged for withdrawals?,cash_withdrawal_charge
tr_92fb82e419,I would like to cancel my order.,request_refund
tr_3f2c7a2b7c,I'm not happy with the services I'm getting with this company. Can you please delete my account?,terminate_account
tr_f2ba234a20,Can I get a new card in China?,card_about_to_expire
tr_fd4a8c166e,i would like to dispute a direct debit payment,direct_debit_payment_not_recognised
tr_19de627993,Why do I have a transaction showing multiple times?,transaction_charged_twice
tr_24e93e6edb,my pin hasn't arrived in the post! How do I cancel it or get a new one?,get_physical_card
tr_f8aff5142c,Why is the exchange rate wrong for my cash withdrawal?,wrong_exchange_rate_for_cash_withdrawal
tr_fab21689ee,Why do you guys need to verify my identity?,why_verify_identity
tr_415eee97d9,What's the reason my new card hasn't come?,card_arrival
tr_02136383ad,"I do not need GBP, I need AUD, how do I convert it?",exchange_via_app
tr_c7b7784a83,I do not have the information to verify my identify.,unable_to_verify_identity
tr_1858a08cec,I made a transfer to my friend earlier and she hasn't received it yet.  What's the hold up?,transfer_not_received_by_recipient
tr_37b6169de5,There is not a refund in my statement.,Refund_not_showing_up
tr_c055e8c7bb,I want to have multiple currencies in my account if possible.,fiat_currency_support
tr_5aff37228f,Today I was out eating and my card was declined. Why's that?,card_not_working
tr_d3f63236c3,I am worried that too much time has gone by for a transfer to be completed.,transfer_not_received_by_recipient
tr_192f60cb57,My account transfer was not cleared.,beneficiary_not_allowed
tr_d777bbab02,How do I get a real card?,order_physical_card
tr_84b49e3d38,"My top up has been pending for an hour already, and I really need this to go through as soon as possible.  Can you help?",pending_top_up
tr_abbe9f367d,I got a declining message during a transfer? please tell me why,declined_transfer
tr_1b620f2968,I made a purchase a few weeks ago but wasn't happy with it so recently requested a refund from the supplier.  Can you check where the money is?,Refund_not_showing_up
tr_a4699a05f7,Transaction refund missing from my statement.,Refund_not_showing_up
tr_6a5eb2b67f,Do you have a limit for someone's age?,age_limit
tr_6b3c9400b3,My account is showing a double charge.,transaction_charged_twice
tr_cf2d6535d2,how do i setup my apple pay,apple_pay_or_google_pay
tr_9982ae1243,I have a card payment which shows as pending,pending_card_payment
tr_d3722fd754,I am unsuccessfully trying to make a transfer can you help?,failed_transfer
tr_e3f09dd45a,How to edit personal details?,edit_personal_details
tr_ad8e450bfa,Reason for my card to decline,declined_card_payment
tr_f9e17e9722,Can I auto top-up as much as I want?,automatic_top_up
tr_b68b3ac0a8,How can I unblock my PIN?,pin_blocked
tr_fe391ac24f,Can I withdraw money in my hometown currency while on holiday without any additional fees?,wrong_exchange_rate_for_cash_withdrawal
tr_cb4c1c1e0f,Can I transfer money to my card via bank-transfer?,transfer_into_account
tr_38238d3d05,How are the exchange rates for transfers calculated?,exchange_rate
tr_c8db75cfe8,I did a cash deposit to my account but my balance is still the same. What happened?,balance_not_updated_after_cheque_or_cash_deposit
tr_f9dbe45ed4,Why is my withdrawal wrong? I took out $100 but only received $20.,wrong_amount_of_cash_received
tr_ecb3a533a6,Can I already use my account although the identity verification has not passed yet?,why_verify_identity
tr_99f99300a1,Can I have a mastercard?,visa_or_mastercard
tr_1b048856a3,When shipped to the US how long is delivery time?,card_delivery_estimate
tr_82f21c4326,is it ok if i use both visa and mastercard,visa_or_mastercard
tr_b8f0782c68,"Okay, I found my card, can I put it back in the app?",card_linking
tr_940781fb86,"The app isn't letting me log in, but my info is correct.",unable_to_verify_identity
tr_11bef23b43,How many days do I have to wait for the transfer to reach my account?,transfer_timing
tr_e3e5d16afe,Why am I not seeing the check I deposited this morning in my account?,balance_not_updated_after_cheque_or_cash_deposit
tr_4426063686,My address is incorrect on my file.,edit_personal_details
tr_7651d314d9,Why hasn't my transfer gone through,failed_transfer
tr_f7ccd5379a,Am I charged for receiving money?,top_up_by_bank_transfer_charge
tr_6875037210,Can i make several disposable cardsper day?,disposable_card_limits
tr_9ab65ae957,"I normally don't use ATMs, but I was in a rush today and had to withdraw some cash. The ATM gave me the wrong amount of money and now my app is not showing the same amount as it should. What do I do?",wrong_amount_of_cash_received
tr_2b5674bd9b,I tried to make a transfer like five different times. Why won't your system let me? Is it broke?,failed_transfer
tr_9305ed426c,How is the exchange rate calculated?,exchange_rate
tr_281c9d1a37,The money has not yet been placed in recipients account.,transfer_not_received_by_recipient
tr_78355bc019,How do I go about getting a refund?,request_refund
tr_753bdeec12,I need a Visa and a Mastercard from you.,visa_or_mastercard
tr_414364912e,What should I do if my passcode won't work?,passcode_forgotten
tr_a3453c557c,Why do I get declined when I try to withdraw cash?,declined_cash_withdrawal
tr_1965e4e815,Why didn't I get the amount I requested at the ATM?,wrong_amount_of_cash_received
tr_25fcf55edb,After trying to update my account balance yesterday by cheque it doesn't seem to working. Shouldn't the process be quicker? I need my account looked at because there appears to be a problem.,balance_not_updated_after_cheque_or_cash_deposit
tr_d1606f4a83,"Unable to complete transfer, states 'declined'",declined_transfer
tr_8250bade93,What kind of costs are involved for exchanging currency?,exchange_charge
tr_c81f5de7c6,why did my account decline a incoming transfer,beneficiary_not_allowed
tr_54fff91178,What is the extra fee that showed up on my card?,card_payment_fee_charged
tr_4b872ba1de,Would I get a Visa or Mastercard?,visa_or_mastercard
tr_12b9af6d32,How can I delete my account?,terminate_account
tr_054b908649,How do I auto top-up?,automatic_top_up
tr_2caeb17245,what are weekend rates for getting cash,wrong_exchange_rate_for_cash_withdrawal
tr_c2f53dbabc,Are there any limit on the auto top-up?,automatic_top_up
tr_ea76075ee2,I would like to get additional physical cards at this time,getting_spare_card
tr_0a5d676769,"My money is gone. I had topped up recently and saw it was there and went through, but now it's disappeared, what's going on?",top_up_reverted
tr_bae3cb3d3f,My card payment has been cancelled,reverted_card_payment?
tr_2bf965cc6d,"What did you do with my money??? I just topped up, I saw the money was there, but now it's gone!! What did you do with it?",top_up_reverted
tr_625cc04570,I bought something on line a and the seller hasn't received the money I sent could you please tell me how long an EU transfer takes?,pending_transfer
tr_7ac5286975,"When using my card I was charged a fee for doing so, why?",card_payment_fee_charged
tr_7c95a5cdda,"Help, I was charged twice!",transaction_charged_twice
tr_7b88ee64fe,Why won't my top up work,top_up_failed
tr_ce00ce4fa5,I was declined when I tried to withdraw cash!,declined_cash_withdrawal
tr_efb20f63e5,Give me a refund,request_refund
tr_366d7a9d52,I am having to wait for my transfer to be fully processed. It seems to be taking a very long time in the pending phase. What is the normal turn around time that I can expect to see it completed?,pending_transfer
tr_35a74b6746,Do you support countries other than mine?,country_support
tr_e5141b3f22,How will I know where my funds are coming from?,verify_source_of_funds
tr_db9f41fc98,"I've got a weird problem: I purchased something a week or maybe it was two weeks ago, and the funds have come back into my account! Can you explain this?",reverted_card_payment?
tr_626302b86d,Can I activate my card?,activate_my_card
tr_446cd9f6e5,How many disposable virtual cards can you have?,disposable_card_limits
tr_0f168f7712,I can't use top up on Google Pay.,apple_pay_or_google_pay
tr_efada892be,I think I was charged double for something I bought - how long should I wait before reporting this?,transaction_charged_twice
tr_0b7d278efd,What is the process for setting up and account for my child?,age_limit
tr_b4dcb4f779,My card was not accepted in a shop,declined_card_payment
tr_a99162554a,How long will my cash withdrawal take,pending_cash_withdrawal
tr_e988790ff1,Am I the only one who can top-up my account?,topping_up_by_card
tr_22b3bf7b61,How much does it cost to do a transfer?,top_up_by_bank_transfer_charge
tr_65a99f03ec,Why would I be charged an extra fee while doing a transfer?,transfer_fee_charged
tr_1b938ca441,What locations are cards delivered to?,order_physical_card
tr_1dc40d8d4f,Where is my PIN?,get_physical_card
tr_dcde1cfefc,I purchased this item and would like a refund,request_refund
tr_3e0ff828bf,What is the maximum transactions for one disposable card?,disposable_card_limits
tr_f35439f99a,The exchange rate that was applied for an international purchase was wrong.,card_payment_wrong_exchange_rate
tr_86148a7a54,The top-up did not go through.,top_up_failed
tr_2c1b1ddd67,"I'm trying to verify my top-up card, but I can't find the code...?",verify_top_up
tr_57d92316a6,Do you accept all cards and currencies?,supported_cards_and_currencies
tr_b053e2a214,I would like to alter my personal details.,edit_personal_details
tr_b543117c25,Is there a list of where I can use my card?,card_acceptance
tr_fc7f3c5336,I have been trying to exchange this for crypto but the app won't work could you please help me?,beneficiary_not_allowed
tr_1cb118035b,Is it possible for me to give my daughter a second card for this account?,getting_spare_card
tr_7d5aec7f07,Is a physical charge extra,order_physical_card
tr_463b44a3eb,When will the money show in my account?,transfer_timing
tr_124aa81a2b,"I went to an ATM to get cash, but the app says the withdrawal is still pending. How is that possible when I already have the cash with me?",pending_cash_withdrawal
tr_9bd7b5c81a,Can I use my account without verifying identity?,why_verify_identity
tr_2ae5dc5033,How long after I receive my statement can I dispute payments on it?,direct_debit_payment_not_recognised
tr_3f859d4226,"I got this stupid fee after taking cash out, why?",cash_withdrawal_charge
tr_f95d4e2fd5,I sent a payment but it isn't showing up in the app,transfer_not_received_by_recipient
tr_4b255a4f78,I went to the Notting Hill ATM to use my card the first time for a cash withdrawal but it didn't work. Does this mean that my card isn't working yet?,declined_cash_withdrawal
tr_f04c751238,Can i get money in my home currency at my ATM ?I am on holiday and bit concerned because i do not have any cash with me .Is it possible to withdraw without any additional cost.,wrong_exchange_rate_for_cash_withdrawal
tr_adc2465b1f,I made a card payment but it didn't work. Why not?,declined_card_payment
tr_bfe1c7b573,Why does my account show as pending a cash withdrawal from the ATM that I have already made?,pending_cash_withdrawal
tr_19a25bcf99,Why did I not get my refund yet?,Refund_not_showing_up
tr_a0a48905d6,"i needed money for a night out with the girls but i was declined, why?",declined_cash_withdrawal
tr_f062f316d9,I need to find the card I received in the app.,card_linking
tr_4a5c626731,WHY IS THERE AN EXTRA FEE FOR USING THE ATM??!!!,cash_withdrawal_charge
tr_c014844009,Duplicate transactions appear on my account,transaction_charged_twice
tr_04063e078e,How long will it take for my payment to go through?,pending_card_payment
tr_4f0ca324fb,Why use a disposable card?,get_disposable_virtual_card
tr_8e7e15fe9d,How do I transfer money into my account?,transfer_into_account
tr_de273a5827,I would like a second card.,getting_spare_card
tr_b4ca3ceeb1,Tell me how to verify a top up.,verify_top_up
tr_dc3c32f8fb,Please verify my top-up card,verify_top_up
tr_a8dcaf209b,I got a new card and can't find where to link it.,card_linking
tr_0e061e0ae2,I ordered online weeks ago and I never received my package in the mail and I don't want to wait any more. So if I could get my money back now that would be great.,request_refund
tr_b7889d3944,What is the process to link the new card?,card_linking
tr_cdc2ee979f,I need to top up using a cheque,top_up_by_cash_or_cheque
tr_4a06744461,How do I know if my top-up went through?,pending_top_up
tr_25ae0a88e0,I think the exchange rate on my card payment is incorrect.,card_payment_wrong_exchange_rate
tr_f6835c62d5,I was charged $1 in a transaction.,extra_charge_on_statement
tr_87fdfe5f1c,How long will it take to refund me,Refund_not_showing_up
tr_a571bed34a,What should I do if someone else used my card?,compromised_card
tr_a6c8286047,There was a direct debit I don't recognize.,direct_debit_payment_not_recognised
tr_90eb12fe90,"Your card pin can be changed at any Visa or MasterCard ATM with Pin services, excluding countries such as Belgium, Luxembourg, Austria, Germany, Spain, and France.",change_pin
tr_a004042a18,There was a transaction this morning that I'd like to reverse.,cancel_transfer
tr_946b47210c,"Do I need to select a preference to receive my salary payments in GBP and, if so, where?",receiving_money
tr_0149b150b3,Why can't I add any beneficiary I choose?,beneficiary_not_allowed
tr_9641f5feaf,Do you work in Greece?,country_support
tr_c9a3bcd483,Was there a number to track that I could get?,card_arrival
tr_2e0e0bdfef,Was there a problem with topping up?,top_up_failed
tr_2440b6c845,Can I get a disposable card?  How many can I have?  How often can I use them?,disposable_card_limits
tr_3f9f00dedb,Please help me.  I don't know my code to get into the app.,passcode_forgotten
tr_da8c0d2a07,I require verification of my source of funds.,verify_source_of_funds
tr_8f4e8e2457,What's the pending length for credit transactions? I've had one in my pending category now for days and it won't move to processed.,pending_card_payment
tr_4feb67af48,Is it possible to use an ATM when I am not in the country and make a withdraw with out extra fees?,wrong_exchange_rate_for_cash_withdrawal
tr_232e9844c2,There are a couple payments with my card in the app I see that I didn't create. What is happening? Maybe someone gained access to my account.,card_payment_not_recognised
tr_9f1e0627d3,I have a payment that I didn't make.,card_payment_not_recognised
tr_d2bcbb2fab,How do I reverse a transaction on my account?,request_refund
tr_75537005b3,"I have arranged a transfer, but no longer need to send it. How do I stop the transfer?",cancel_transfer
tr_42cf2d8efe,"It's been more than a week since I had a return charged to my card, why hasn't it showed up?",Refund_not_showing_up
tr_d9d0899aae,I can't find any option to top up with a cheque?,top_up_by_cash_or_cheque
tr_c734619577,How can I sign up for a virtual card?,getting_virtual_card
tr_f738cb9150,Why was I charged extra when transferring?,transfer_fee_charged
tr_e19bb39165,I can't log in with this passocde,passcode_forgotten
tr_9bb066e52e,"my cash withdrawal is pending, why?",pending_cash_withdrawal
tr_9989320325,Where is the card I ordered 2 weeks ago?,card_arrival
tr_e195653cf0,What can I do about a direct debit transaction on my card that I didn't make?,direct_debit_payment_not_recognised
tr_7696976b63,I left my phone somewhere and can't use the app.,lost_or_stolen_phone
tr_a7c7fd00c3,I was charged a fee for using my card. Can I check that in any way? It seems like there are occasions that I am charge for fees. Can you elaborate this?,card_payment_fee_charged
tr_ac38532726,What happens if a merchant doesn't accept  you payment?,reverted_card_payment?
tr_f672f5db08,How come I can't find my payment?,reverted_card_payment?
tr_bd404f71b3,Why is there a fee for using my card?,card_payment_fee_charged
tr_4866a69d23,"My phone was stolen, what can I do?",lost_or_stolen_phone
tr_dd04ab4333,I have two of the same charges on my account!,transaction_charged_twice
tr_e014e3a446,Why are you keeping my money from me by declining my card? What is going on?,top_up_failed
tr_c58c45290a,I wanted to know why there is a transfer of mine pending.,pending_transfer
tr_ff7d9b4f04,My attempted transfer keeps kicking back with an error message.  Could you please help me to resolve this?,beneficiary_not_allowed
tr_cd2154c39e,"I went for a meal in Seattle and paid the bill but I think they charged me twice, the first time they swiped the card I got a notification to say the money had gone out the account but then I added a tip and I think they swiped it all again. Can you refund one of the charges?",transaction_charged_twice
tr_a53dc8bbad,What do I do if my card is about to expire?,card_about_to_expire
tr_402fd43ef4,When does my transfer from the US arrive in my account?,transfer_timing
tr_5a6d142353,"Looks like my card payment was duplicated after all. I went to pay at the store earlier, got declined once,second time it works. App still stays pending for one of the payments. Can you please remove one of them as it's wrong and was declined?",transaction_charged_twice
tr_c143868b9c,I would like to get help from someone in your customer service department with assisting me with activating my card.,activate_my_card
tr_8f2315b764,"I'm waiting for a money transfer to show, still.",pending_transfer
tr_fdf94bfc5d,"I got a card, how do I get it in the app?",card_linking
tr_580d260c46,If I don't have much money in the account can I auto top-up?,automatic_top_up
tr_e51e47562e,when i travel can it top up automatically,automatic_top_up
tr_8dcd63616b,What caused my cash withdrawal to be declined?,declined_cash_withdrawal
tr_98032e781c,What is limit of disposable cards  I can make per day?,disposable_card_limits
tr_b14e3e5b7f,Cash I did not get showed up in my account,cash_withdrawal_not_recognised
tr_6fd4ee2746,I don't have my cell phone with me so I cannot access the system to complete the transaction.,lost_or_stolen_phone
tr_b2b15b6ffa,Why did I get charged a fee on my card?,card_payment_fee_charged
tr_7d831c466f,How do I get my refund back?,request_refund
tr_472ec31b9a,Is there any type of fee for currency exchange?,exchange_charge
tr_e7e96131f3,Let me know when you charge extra for payments please. I just checked the app earlier when I saw that there was an additional fee on one of the payments that I wasn't warned about before.,card_payment_fee_charged
tr_f31b6d2345,Can currencies be exchanged on this app?,exchange_via_app
tr_623af25f1e,I want to cancel a transaction from this morning.,cancel_transfer
tr_54bcc4e188,How do i go about linking a new card?,card_linking
tr_00a327d68e,"Hello. I have a transaction in my account listed as pending. I tried to use an ATM at the city centre, but the machine declined my card, and I did not receive the money. Why is the transaction still pending if I did not receive the money.",pending_cash_withdrawal
tr_5f803cc9c3,"I purchased something abroad, and the exchange rate that was applied was wrong.",card_payment_wrong_exchange_rate
tr_3e1032fd29,There is a cash withdrawal on my statement that I don't recognize,cash_withdrawal_not_recognised
tr_eb5d2ff07c,What is the most I can top-up?,top_up_limits
tr_5fd8f69346,I made a transfer the day before yesterday within this country. It is still not showing up at all. I have double-checked and the account number is certainly right. I've actually type this multiple times. can you look into what is going on here?,transfer_not_received_by_recipient
tr_eb3d400600,I am trying to delete my account.,terminate_account
tr_4e0f433025,Can other people top up my account?,topping_up_by_card
tr_1d4b43a50d,Does the exchange rate change?,exchange_rate
tr_aa18413315,Can you explain to me why a top-up would still be pending?,pending_top_up
tr_22f3205bca,I do not know what this cash withdrawal is,cash_withdrawal_not_recognised
tr_b51563494e,"stolen phone, what should i do",lost_or_stolen_phone
tr_a59ce136e0,Where can I check to see where the money in my account came from?,verify_source_of_funds
tr_eec32f1203,How can I edit my personal details in the app?,edit_personal_details
tr_15b9ccef04,I can't get the card itself to work.,card_not_working
tr_3fd6784275,Where is the cash deposit I made?,balance_not_updated_after_cheque_or_cash_deposit
tr_13de419682,How long until I see a cash withdrawal?,pending_cash_withdrawal
tr_211a329a06,My transfer to an account failed.,beneficiary_not_allowed
tr_017c1a7e52,I was informed that transfers were free. I noticed I have a fee but why?,transfer_fee_charged
tr_b1c65060f8,"Soon my card will expire, how do I get a new one?",card_about_to_expire
tr_612ad2b372,How do I modify my details?,edit_personal_details
tr_9807c5f744,I am unable to get cash from the ATM,declined_cash_withdrawal
tr_fc0ea70619,I was charged a fee for withdrawing cash.,cash_withdrawal_charge
tr_fd482cd3c1,Why did my payment fail?,declined_card_payment
tr_4c6375476b,why do I need to show ID,verify_my_identity
tr_509834b68b,I'm wondering how long it takes for my money to get to me after a bank transfer.,balance_not_updated_after_bank_transfer
tr_8deef303b7,The card payment I attempted to make failed.,declined_card_payment
tr_56d02d3a34,I didn't get all the cash I asked for,wrong_amount_of_cash_received
tr_c6dd400cc7,"I had a problem with my card payment, can you help?",declined_card_payment
tr_bf7e0a975a,I keep checking my statements but nothing shows up.I requested a refund a long time ago but seems like it's not submitting my account for some reason. Can you please help me get the money back from the seller for me,Refund_not_showing_up
tr_e8226b83ac,My currencies needed to be exchanged often and I was wondering if there were any discounts available for this?,exchange_charge
tr_6067eb5134,"I am interested in giving a second card to my daughter, how can I make this happen?",getting_spare_card
tr_e90452671c,I tried to make a transfer and it failed.,failed_transfer
tr_d6494d74b0,"My app says I made a withdrawal, but I didn't.",cash_withdrawal_not_recognised
tr_5f28d3029d,My payment has been returned.,reverted_card_payment?
tr_bed4772827,How long until transfers from Europe go through?,transfer_timing
tr_fe6e82807e,can i use check to top up,top_up_by_cash_or_cheque
tr_7f80004e93,How many currencies can I have?,fiat_currency_support
tr_64301b65b6,"I was charged extra when I made a cash withdraw, why?",cash_withdrawal_charge
tr_aeda1aa8ea,What do I do when I get close to the expiration date of my card?,card_about_to_expire
tr_f06941f445,Tell me how to replace my expired card.,card_about_to_expire
tr_f56ae9f5ff,Can you tell me about the exchange fee?,exchange_charge
tr_c3247f4f36,Why won't my card work anymore?,card_not_working
tr_21ee04c9d6,"My card is about to expire, what do I do?",card_about_to_expire
tr_36ea196b65,Can you explain why I am now getting charged a fee for using my card?,card_payment_fee_charged
tr_cfa206904d,How can I know where my card will be accepted?,card_acceptance
tr_f142d26224,Since when were there charges for taking out cash from my account? It's always been free for me to do this before.  How much are the charges going to be?,cash_withdrawal_charge
tr_e46c61a76d,Is there something wrong with the ATM? It would not let me pull cash out of my account.,declined_cash_withdrawal
tr_1e7e3570c4,I see a payment on my statement for  a place I didn't make a purchase at.,card_payment_not_recognised
tr_858b3659bc,Can I call to get my card activated?,activate_my_card
tr_5f34764da1,I topped up but my money is not showing. Why is that?,top_up_reverted
tr_11b1dd98e9,I went to top up my card and it was cancelled.,top_up_reverted
tr_379c53a45c,"My salary is in GBP, do I need to exchange it before putting it into my account?",receiving_money
tr_b1e0623451,My phone has been stolen.  How can I make sure no one uses my account from it?,lost_or_stolen_phone
tr_4470f8c3ef,How do I transfer money between two of my accounts?,transfer_into_account
tr_f1ae938847,I just made a top-up but it shows as pending! I use your service all the time and have never had a problem before. Why does it keep showing up as pending?,pending_top_up
tr_8c167dfdf4,"I need your help to get a refund for an item I just bought, can you cancel the payment since what I bought hasn't arrived yet.",request_refund
tr_e9eb8403d9,Can I get a new card?,order_physical_card
tr_9f193f294c,Which countries are you available in?,country_support
tr_ab10146f08,What commission do you take for currency exchage?,exchange_charge
tr_0ed605bbbc,"My card got blocked, how do I reset?",pin_blocked
tr_1770e6ffea,"Why did I not get all the money that I asked for? I asked for all the cash in my my account, but I only got about half. Why is that??",wrong_amount_of_cash_received
tr_00c03c40c8,Seems like my top up has been cancelled,top_up_reverted
tr_c69bb5aaa5,"I attempted to top-up with my card this morning, but the transaction was unsuccessful. I received the card two days ago and was successful using it previously. Could you please help me?",top_up_failed
tr_74d389b1c2,Why has another fee been placed on my statement?,extra_charge_on_statement
tr_0c4ee7b11b,How long is the delivery time to the US?,card_delivery_estimate
tr_8f1d83d149,I was charged multiple times for one transaction.,transaction_charged_twice
tr_f20503df4b,How do I re-order a damaged card?,card_not_working
tr_0b79d44225,I believe my card has been compromised as there's a cash withdrawal I don't recognize.,cash_withdrawal_not_recognised
tr_698aae0949,I noticed an extra pound charge?,extra_charge_on_statement
tr_e8d2e301f5,"Unbeknownst to me, there was an additional charge on my prior transaction. A notification of sorts should be required and explained before future payments are made.",card_payment_fee_charged
tr_fc3b09c492,I need to cancel a transaction immediately.,cancel_transfer
tr_8eeabeed8a,What's the procedure for canceling a purchase?,request_refund
tr_fbbe6895ac,Which ATMs am I allowed to get money from?,atm_support
tr_aa521e7a71,I got some cash but it wasn't the right amount.,wrong_amount_of_cash_received
tr_bfa4e15898,I have a question about fee for cash withdraw.,cash_withdrawal_charge
tr_23505a7b9f,Why is there a payment I didn't do?,card_payment_not_recognised
tr_56d48fa0ff,I used foreign currency to buy something and I think the rate applied is incorrect.,card_payment_wrong_exchange_rate
tr_03baae328d,My top up may have been reverted,top_up_reverted
tr_ef3ed08ab1,Can I change my PIN without going to a bank branch?,change_pin
tr_9e966b795e,How do I get refills to my card when I'm traveling?,automatic_top_up
tr_3657cee95d,Your exchange rates come from where?,exchange_rate
tr_eb5cddfd1b,I bought something and now I want a refund.,request_refund
tr_ac94242f18,I made a purchase but the exchange rate is wrong?,card_payment_wrong_exchange_rate
tr_1a04babbdb,What do I do if someone used my card without my permission?,compromised_card
tr_59e83f9131,Help! I need to cancel a transaction.,cancel_transfer
tr_88fab33432,How do I initiated a bank transfer to top up?,transfer_into_account
tr_9ed56d08d7,"I did not receive my purchase, how do I cancel it?",request_refund
tr_322efe647a,Can I specify a day for my card to be delivered?,card_delivery_estimate
tr_b33e0e63e7,"I tried to use my debit card, but the payment did not work.",reverted_card_payment?
tr_d5fa328c19,I could not transfer to a beneficiary,beneficiary_not_allowed
tr_f3f7f97add,"Using your app, would I be able to exchange between USD and GBP?",exchange_via_app
tr_e63daf66d7,I don't have a way to prove my identity.,unable_to_verify_identity
tr_ee5f8984f8,How long is US delivery?,card_delivery_estimate
tr_8f2b5448ea,I cannot find my PIN.,get_physical_card
tr_7685baebb4,My transfer was declined. Why did this happen?,declined_transfer
tr_9a4c56e26f,The cash I asked for still hasn't been received,wrong_amount_of_cash_received
tr_4cbad5afe3,"Need a new card, mine is expiring.",card_about_to_expire
tr_c587e2d4bd,I think my card payment has been reverted,reverted_card_payment?
tr_67169a3eda,I didn't see the money I added to my card.,top_up_failed
tr_f1a91c1a61,It won't let me activate my card.,activate_my_card
tr_913b3656e8,Is getting my identity verified required before I can use my account?,why_verify_identity
tr_fa8e904a9a,I think a card payment I made was cancelled.,reverted_card_payment?
tr_95dde72536,The exchange rate was wrong?,wrong_exchange_rate_for_cash_withdrawal
tr_6f9f65a168,"My card payment is just showing up as pending and it has been a while , what's going on with that, it should be going through at some point?",pending_card_payment
tr_79f6d31c24,"I withdrew some cash, when is it going to show?",pending_cash_withdrawal
tr_4ab99139eb,Can I get a card even though I live in the US,country_support
tr_bd80df8347,"If I need to make an exchange from USD to GBP, how can I do so in the app?",exchange_via_app
tr_59d7ec967b,Is it possible to use my apple watch for topping up?,apple_pay_or_google_pay
tr_24e80e7e88,Can I use my account before the identity verification is complete?,why_verify_identity
tr_723ee03fc3,Show me the amount of transactions I can do with a disposable card.,disposable_card_limits
tr_cc70dea1d0,A few hours ago I made a bank transfer from my UK account but I don't see that it has arrived.   Can you check and see if all is ok please?,balance_not_updated_after_bank_transfer
tr_850fcc2cb0,I think there's been an unauthorized cash withdrawal from my account.,cash_withdrawal_not_recognised
tr_390f23167c,Where can I find the top up verification code?,verify_top_up
tr_978108eb77,Explain how to verify my identity?,verify_my_identity
tr_a164c1d920,Why do I have a transaction showing up more than once?,transaction_charged_twice
tr_0f5b188293,I haven't been sent my new pin!,get_physical_card
tr_1b1fd3b16f,I can't seem to make a standard bank transfer. I have tried at least five times already but none of them are going through. Please tell me what is wrong?,failed_transfer
tr_010bc487dc,Am I able to cancel a transfer I just made,cancel_transfer
tr_dd13f241a6,Where do I go to change my PIN?,change_pin
tr_0b9913091e,Someone used my card without my permission.,compromised_card
tr_f5b9bf758d,A random charge got added to my card,card_payment_not_recognised
tr_51dff5555d,Can you show me how to top up with Google play?,apple_pay_or_google_pay
tr_d691b963e2,Can you tell me the names of the fiat currencies that I can use at your institution?,fiat_currency_support
tr_76663e3ac6,my transfer isn't there,balance_not_updated_after_bank_transfer
tr_a862fbf752,I was overcharged a pound.,extra_charge_on_statement
tr_006af106b8,Please give me a Mastercard instead.,visa_or_mastercard
tr_b0e07fbc4d,I lost my card. Can you help me?,lost_or_stolen_card
tr_7c923046dc,I can't get the top-up to work! What's going on here.,top_up_failed
tr_6a01f846d4,how do i avoid charges in the future,card_payment_fee_charged
tr_1c97c77803,How can I prove the source of my funds?,verify_source_of_funds
tr_699f2ee419,"Hello, is there any way to double check my card? I have never had issues with withdraws in the past, but this morning on the way to work it was unexpectedly declined.",declined_cash_withdrawal
tr_e898a9d21e,Do I need to convert my currency from GBP before transferring?,receiving_money
tr_bd3523f0f1,I believe my top up did not work.,top_up_failed
tr_881d6e2486,Why does my top-up get cancelled?,top_up_reverted
tr_852c3ad01a,how do i track the moeney,verify_source_of_funds
tr_174f97c836,I was issued a new card a week ago but still haven't received it. How long will it be until I receive it?,card_arrival
tr_c80f858629,What are the limits to where my card will be accepted?,card_acceptance
tr_fb5bb3de64,I would prefer a Mastercard.,visa_or_mastercard
tr_6472187d2c,"I checked my statement and saw a charge of one pound, where is this charge coming from?",extra_charge_on_statement
tr_901752f5cb,I've forgotten my app passcode completely.,passcode_forgotten
tr_00d977a23e,Can I change my in at all ATM's?,change_pin
tr_0ff68153a3,I made a cash deposit a few days ago and it's still not reflected in my account. Do you know what might have happened?,balance_not_updated_after_cheque_or_cash_deposit
tr_60cd69db94,The exchange rate you are using is really bad.This can't be the official interbank exchange rate.,card_payment_wrong_exchange_rate
tr_7256426e5a,I was unable to transfer to another account.,beneficiary_not_allowed
tr_f0bf234b4c,Why is there a fee added to my statement?,extra_charge_on_statement
tr_5674a7cde1,I would like to get an account for my child.,age_limit
tr_a9022020f0,unhappy with service need to delete account,terminate_account
tr_d154c60256,"If I exchange currency frequently, can I get a discounted rate?",exchange_charge
tr_c04f968a49,I bought something and I take issue with the exchange rate applied.,card_payment_wrong_exchange_rate
tr_5a54a0bd84,What do I need to do for the card activation?,activate_my_card
tr_1457361506,I need help making this transfer. I keep getting an error. I'm trying to purchase a flat but i need my mortgage payment to go through first. Can you help?,failed_transfer
tr_bd49c43e74,What is the price for a physical card?,order_physical_card
tr_ebf577a42a,I did a transaction this morning and now I want to cancel it.,cancel_transfer
tr_cbef5f24a4,I was charged extra or a hidden fee when I purchased something from you. What's the deal? I didn't authorize that charge.,extra_charge_on_statement
tr_119504af3e,"My card is showing a fee from when I used it, but I thought this card was supposed to be fee free?",card_payment_fee_charged
tr_c37abcbf5a,Where can my card be used?,card_acceptance
tr_ac611e0c1c,You accepts my card?,card_acceptance
tr_ff2e8745f0,There is a withdrawal on my account I didn't make.,cash_withdrawal_not_recognised
tr_0f0f434baf,"How long does it take to activate the card, as it does not look like its working?",activate_my_card
tr_5b6c0dbf82,Can you please explain how bank transfers work?,transfer_into_account
tr_53d9599556,I can't verify identity through the app.,unable_to_verify_identity
tr_7eb7076333,I didn't know there was a charge for tranferring. What is the charge?,transfer_fee_charged
tr_0413c90068,How do I request a refund?,request_refund
tr_4747040d9c,What is the refund policy?,request_refund
tr_62a073194f,I can't see my cash deposit in my account.,balance_not_updated_after_cheque_or_cash_deposit
tr_0a5094bbd7,My card was stolen and used to make several purchases. Please freeze my card so no one can use it.,compromised_card
tr_6ba7f2e485,My statement shows and extra 1$ that was charged to it and I would like to know why.,extra_charge_on_statement
tr_6ba734fbf8,Will you charge me for topping up with a European card?,top_up_by_card_charge
tr_67d448a7aa,Can I convert currency with the app?,exchange_via_app
tr_4fcc195433,I want to change my pin number from an ATM. Is this possible?,change_pin
tr_c479a52541,I want a mastercard,visa_or_mastercard
tr_e8cec71787,Why is the exchange rate on my card payment different than I expected?,card_payment_wrong_exchange_rate
tr_866819873c,Why am I charged a fee for getting cash?,cash_withdrawal_charge
tr_8464fa6e43,My card payment has not been withdrawn from my account,reverted_card_payment?
tr_29069048dd,I bought something online a week ago and i never got it in the mail.Can I just get my money back now I don't want to keep waiting on something that isn't going to show up.,request_refund
tr_88b2258bf6,"Could I please cancel my transfer, I paid it into the wrong account. I need to pay it into the right account by tomorrow.",cancel_transfer
tr_90befe0842,I'm looking for a machine of yours that will provide me cash from my home country. I went on holiday and don't have any cash on me. Will your machine charge me extra to do this?,wrong_exchange_rate_for_cash_withdrawal
tr_97df214ebf,What should I do if my phone is lost or stolen?,lost_or_stolen_phone
tr_3dda4f6837,I'm not verifying my identity.,why_verify_identity
tr_b39a74f168,"I am seeing unathorized transactions in the app, on my account.",cash_withdrawal_not_recognised
tr_b2df727d05,why do i need to verify the top up?,verify_top_up
tr_cc2813e0a3,"If I don't live in the UK, can I still get a card?",country_support
tr_adff584e3f,Will you set a limit to my top-up?,top_up_limits
tr_49d7ae09ec,Can you help me get a disposable virtual card?,get_disposable_virtual_card
tr_63078eba1d,Help! I've forgot my app passcode!,passcode_forgotten
tr_fcd63012fe,What method do you use for the exchange rate?,exchange_rate
tr_1f19700505,The top-up verification code is not visible.,verify_top_up
tr_6b6eb8f246,Can the exchange rate change while I am in the process of making a withdrawal?,wrong_exchange_rate_for_cash_withdrawal
tr_7424bc4dca,"Hi, I have been transferring money to my friends since morning, but all my transactions were getting failed. Can you please look into this issue.",failed_transfer
tr_b8692ad09e,I can't find my code,passcode_forgotten
tr_cc2a988d2c,Does it cost extra to exchange foreign currencies?,exchange_charge
tr_9eaae6bc96,I moved so I need to change my address. How do I do that?,edit_personal_details
tr_0466708ee6,Payment I did not make.,card_payment_not_recognised
tr_011ed60073,My money is back in my account after a seller contacted me stating they never received payment. I am positive it was deducted out of my account. Please get this sorted out right away.,reverted_card_payment?
tr_7131dd2d6c,Why have I not gotten my new card?,card_arrival
tr_cdb58dd952,What's going on? I was just recently charged for an ATM withdrawal. I've never seen this charge before and before it's always been free.,cash_withdrawal_charge
tr_6fbb07a740,I suspect someone used my card.,compromised_card
tr_89ed742699,I forgot my pin and am blocked now. Can I reset it somewhere?,pin_blocked
tr_6b3a69c847,Your company is lame. Shut down all my account services right now.,terminate_account
tr_1399056268,My daughter needs to open account.,age_limit
tr_48b3078d74,how can i get it to add money automatically while travelling,automatic_top_up
tr_12b16531d1,How come I got to pay to get my money from the ATM?,cash_withdrawal_charge
tr_ce4578c635,Why hasn't my money transfer showed up yet?,balance_not_updated_after_bank_transfer
tr_25260b534f,Is there a transaction limit on a disposable card?,disposable_card_limits
tr_40c525a78d,May I get one of your cards?  I live in the EU.,country_support
tr_25225d7c3d,I am upset with your service.  Please delete my account.,terminate_account
tr_ff3c85bc08,"I need assistance finding out why I am unable to top-up my card, it keeps getting refused.  It is extremely imperative I get this resolved quickly.",top_up_failed
tr_4bc15311d0,I contacted a seller about a refund last week but he still hasn't returned my money. I am frustrated and need these funds. Please help me get my money back.,Refund_not_showing_up
tr_ba710120a2,How is my ATM deposit not available yet?,pending_cash_withdrawal
tr_f01929ec7e,This card payment isn't is recognition.,card_payment_not_recognised
tr_8c15be3717,Hi - I have made a transaction to my new landlord but unfortunately it shows on my end but not on the landlord's end. The numbers are correct. Can you confirm when that will go through?,transfer_not_received_by_recipient
tr_6dd5188508,I answered so many questions about my identity. Why do you need this info?,why_verify_identity
tr_48ebc79a68,I did not receive all of my cash back,wrong_amount_of_cash_received
tr_a4013d3e1e,How to verify top up card?,verify_top_up
tr_6af2c45d3d,What US cards do you accept?  I only have 1 other.,supported_cards_and_currencies
tr_e28ddf083e,Where can I find my fund information?,verify_source_of_funds
tr_81e749dda3,What to do if my physical card is not working?,card_not_working
tr_278123248c,"This company is bad, delete my account now.",terminate_account
tr_2ccb2800e3,Close down my account.  I don't like your service.,terminate_account
tr_73794c6720,Is there any way I can get more physical cards to use with my account?,getting_spare_card
tr_cbb29a379a,"I tried to get money out of the Notting Hill ATM earlier, but I wasn't able to get anything out. Is there a problem with my card? It's the first time I tried using it.",declined_cash_withdrawal
tr_d269254a2e,The exchange rate was different when I got cash,wrong_exchange_rate_for_cash_withdrawal
tr_79d65aa854,How do I get the passcode reset?,passcode_forgotten
tr_d0abaf4f2d,How do I change my details?,edit_personal_details
tr_27fcd95eb3,I think you reverted my top up.,top_up_reverted
tr_4c10ac8009,How much does it cost for a physical card?,order_physical_card
tr_5610a95f2e,Can I obtained a Visa Card,visa_or_mastercard
tr_84ed5b01f5,Why did using an ATM cause me to be charged an additional fee?,cash_withdrawal_charge
tr_3a54fcfb04,"I thought I lost my card but I found it today, so I would like to reactivate it.",card_linking
tr_f6747249ad,My card won't work at all for anything.,card_not_working
tr_5cc1f75849,I wanted to know why my transaction didn't go through.,declined_transfer
tr_e14182a8a3,Where do you export the cards to?,order_physical_card
tr_c433f9df15,"I think something went wrong, I didn't get the right amount.",wrong_amount_of_cash_received
tr_3dce62f048,can the delivery be specific to my needs?,card_delivery_estimate
tr_cba998d9c3,"My bank card has expired, how can I get a new physical card?",card_about_to_expire
tr_3ada1da5d2,I've lost my card. What can I do about that?,lost_or_stolen_card
tr_5065d06acc,There is a repeat charge for the same item,transaction_charged_twice
tr_4e12f28f3e,Why has my withdrawal not posted?,pending_cash_withdrawal
tr_e888487780,Am I going to be charged for topping up by transfer?,top_up_by_bank_transfer_charge
tr_ec6f9b303c,Why am I seeing a transfer fee on my bank statement?,transfer_fee_charged
tr_9aedfe7ec2,Why was I charged for getting cash?,cash_withdrawal_charge
tr_735fa23a9c,"I'm hoping you can answer my question about a pending transfer that I've had for a while now.  I know that all of the account details are correct, so why is it taking so long to go through?",pending_transfer
tr_8830473b39,Why did I get a fee for getting cash?,cash_withdrawal_charge
tr_e37a681fcf,"I accidentally chose to exchange GBP, but I need to pick AUD. How can I change it?",exchange_via_app
tr_010627009c,"I know there's money in my account, why did my account decline me?",declined_card_payment
tr_49f304da1b,I think my wallet fell out on the Tube today! I realized as soon as I got to my desk. How do I cut off the card?,lost_or_stolen_card
tr_0580488ddc,I will need a new card because mine is almost expired.  How fast do I get a replacement and what is the cost?,card_about_to_expire
tr_c8c18ea1a2,If my card is about to expire how long would it take to receive a new one and how much would that cost me?,card_about_to_expire
tr_490e674415,there were two of the same charge to my account,transaction_charged_twice
tr_2ff5ac22c6,When do i activate auto top-up?,automatic_top_up
tr_a6c1141fda,Is there a reason my cash withdrawal was declined?,declined_cash_withdrawal
tr_15c2e44c86,Remove my account immediately.,terminate_account
tr_6d0439700e,Can you please tell me where my card is? I ordered it 2 weeks ago!,card_arrival
tr_b1f7eae3ec,Where is my last money transaction,transfer_not_received_by_recipient
tr_92788a8aa7,"Hi, I had an issue with my card payment and It shows on my account that my payment went through. Then I got contacted from the seller saying ""they did not receive my payment"" then the payment was returned to my account. so I would like to see why it did that please.",reverted_card_payment?
tr_5d2d65fb35,Is there a list of ATMs that take this card?,atm_support
tr_f1a46f1f25,I need more physical cards.,getting_spare_card
tr_3464684900,How can I change my Rowlock ?,change_pin
tr_8b711d43aa,"For some reason, the money I added was returned.",top_up_reverted
tr_3d58f1f370,What type of card will I receive?,visa_or_mastercard
tr_b30f130158,Where can I modify my details?,edit_personal_details
tr_3c66c22a4b,How long will the $1 charge show as pending?,extra_charge_on_statement
tr_2f7a5ad303,"Hello. I bought an item a while ago, and have since requested a refund.  However, upon checking my online statements, it seems that I haven't been issued a refund yet.  How can this be remedied?",Refund_not_showing_up
tr_e0b591c431,The ATM wouldn't let me withdraw cash.,declined_cash_withdrawal
tr_e314dde910,My card payment is being declined and I've tried several times.,declined_card_payment
tr_000ebfdd75,Which merchants accept this card?,card_acceptance
tr_656deb82e0,How do you figure out the exchange rate? Can you explain why I got less money than expected?,wrong_exchange_rate_for_cash_withdrawal
tr_86e553484f,"I think there may be something wrong with my card. I have never had issues with withdraws before, but this morning on the way to work it was suddenly declined.",declined_cash_withdrawal
tr_10006fae65,The exchange rate was incorrect for an item I bought.,card_payment_wrong_exchange_rate
tr_ecf9fd910e,Why was there an extra charge when I transferred money?,transfer_fee_charged
tr_334c6cdaca,"How long do EU transfers actually take? I bought something online a couple days ago, sent the money immediately online but the seller says it's still not there yet.",pending_transfer
tr_8e7e23b7fe,"There are multiple instances where you added a fee to the payment, as well as some where you didn't. Do you have an outline of when a fee will be added?",card_payment_fee_charged
tr_01eacba37e,What's the closest place to withdraw money?,atm_support
tr_29bc00a3df,Why didn't my friend's transaction arrive yet?,transfer_not_received_by_recipient
tr_f990ac0b6a,How do I cancel a transfer?,cancel_transfer
tr_469fb690f1,"Help, I need to top up my account. Where do I send a check?",top_up_by_cash_or_cheque
tr_8e3e0ca4da,"Help, I don't know what the PIN is to my card?",get_physical_card
tr_42166e1a8d,I requested a higher amount for my cash withdrawal,wrong_amount_of_cash_received
tr_9b56de57db,What could the reason be that my payment card was declined?,declined_card_payment
tr_0cb206ce6a,I am travelling and I tried to withdraw cash but didn't get what I was supposed to get.,wrong_exchange_rate_for_cash_withdrawal
tr_c2e01d7723,How can i make my card active?,activate_my_card
tr_922355859e,"I put some money in my account the other day and it's not gone in yet, can you help with this?",balance_not_updated_after_cheque_or_cash_deposit
tr_e0c76c4791,I was not able to use the ATM to get cash,declined_cash_withdrawal
tr_d4b545257e,Where is my pin? I don't have it yet,get_physical_card
tr_8d9f38b14f,Are there limits with top-up?,top_up_limits
tr_13dd212af2,"daughter needs card, how do i add her",getting_spare_card
tr_d0255f632c,"How long is a top up supposed to be pending, because an hour is too long! Can you fix this to go through?",pending_top_up
tr_5b9a98e79e,How do I make my card show up in the app?,card_linking
tr_41a6d1225f,I am trying to revert a transcation I did this morning,cancel_transfer
tr_9f53a5cc01,I'm still waiting on my new card to be delivered!,card_arrival
tr_d69393961c,How simple is it to transfer money into my account?,transfer_into_account
tr_c88bb4b800,Why is there a payment I didn't do in my app?,card_payment_not_recognised
tr_d77a0d5a10,A payment I made is for a wrong amount can you help me correct the mistake.,cancel_transfer
tr_a3e6f75a95,How long does it actually take my card payment to make it to the account? I've made a payment a couple of days ago but it hasn't moved since.,pending_card_payment
tr_f66c430dda,Explain why my card payment wouldn't go through.,declined_card_payment
tr_cc67e250f0,"If my phone was stolen, do I need to do anything?",lost_or_stolen_phone
tr_68339c67f7,"I'd like to get a refund for something I bought, is that possible?",request_refund
tr_47b2255698,My money transfer has not happened yet,pending_transfer
tr_ca7baee76f,"I received my American Express in Apple Pay, is there a reason why top up is not functioning properly?",apple_pay_or_google_pay
tr_6bbd1c8efb,I am still waiting for a refund,Refund_not_showing_up
tr_510381ff7b,Can I auto top up multiple times?,automatic_top_up
tr_a30b58c810,is there a frequent currency discount?,exchange_charge
tr_cc36db5cdf,i am under 18 and i am trying to verify my id. why wont it work?,unable_to_verify_identity
tr_a766a3be7b,Are there any fees if I want to add money using an international card?,top_up_by_card_charge
tr_12b92e328c,I got charged for with a fee for paying with my card.,card_payment_fee_charged
tr_bbb4e16b32,I don't have the device I used to log onto the platform so I can't access it.,lost_or_stolen_phone
tr_0e033c0172,Is there a transaction limit for a disposable card?,disposable_card_limits
tr_75c75f85b8,Why did my transfer fail?  What can I do?,failed_transfer
tr_4acc28ece1,My statement indicates I made a payment to an unfamiliar merchant.,card_payment_not_recognised
tr_8d6fc3fbb5,"My card is expiring soon, How do I order a new card?",card_about_to_expire
tr_9c850a7bad,How can I change my PIN even though I'm out of the country in Austria at the moment?,change_pin
tr_de74aeca81,My product hasn't arrived even though I ordered it a while ago. I want a refund!,request_refund
tr_af8ccb803f,I must make several disposable cards per day.,disposable_card_limits
tr_eed4ada729,Why do you ask for top-up verification?,verify_top_up
tr_07764af2bb,I would like to know if you use Visa or Mastercard.,visa_or_mastercard
tr_b910b06638,I wanted $100 but only got $20,wrong_amount_of_cash_received
tr_4145ac01d5,I think the exchange rate was incorrect.,wrong_exchange_rate_for_cash_withdrawal
tr_83a8e3533e,I think my top up has been reverted,top_up_reverted
tr_f69a8bc7b5,"My phone was stolen, what should I do first?",lost_or_stolen_phone
tr_60d3399029,I must have entered my PIN wrong.,pin_blocked
tr_8884f54019,Is the 1 pound charge I can see an error or an incorrect entry?,extra_charge_on_statement
tr_3e4539809b,I don't know why my card payment did not work,declined_card_payment
tr_5008ac7a4f,I want to talk about an order that I placed a long time ago and have yet to receive. I demand a refund due to lack of delivery of the product!  I refuse to pay for something I never got.,request_refund
tr_dfb8fb4b25,"I used my card to top up, but the money is not there!",topping_up_by_card
tr_459aa28042,I prefer to get a Mastercard.,visa_or_mastercard
tr_c64e7a8c95,"My American express works with my apple pay, why is top up not working?",apple_pay_or_google_pay
tr_76008ef3b4,My refund is not here yet,Refund_not_showing_up
tr_b198e8e39c,Why do i have to verify my top-up card?,verify_top_up
tr_34811ebc33,"I need to top up, but I have to use an international card.  Is there a cost for that?",top_up_by_card_charge
tr_052828015e,Why has my account balance not changed after depositing a cheque?,balance_not_updated_after_cheque_or_cash_deposit
tr_bf971ce1ef,"I no longer have my phone, what should I do?",lost_or_stolen_phone
tr_98ec939dff,What ATMs can I use my card at?,atm_support
tr_5503af46ad,The exchange rate you are using is bad.This can't be the official interbank exchange rate.,card_payment_wrong_exchange_rate
tr_9fb5d22449,WHAT IS THE REASON FOR THAT,card_not_working
tr_0c0a0f1ccd,Are there limits to businesses that will accept this card?,card_acceptance
tr_b9a746aef8,You did not give me the correct exchange rate for an item that I bought.,card_payment_wrong_exchange_rate
tr_c6c82a6ae2,What are the auto-top up policies?,automatic_top_up
tr_f8450aaeac,"I want to add money to my international card, so are there any fees charged to do this?",top_up_by_card_charge
tr_2d26a26da4,Can I have more than 2 disposable cards?,disposable_card_limits
tr_11771b5306,What is the strange cash withdrawal on my statement?,cash_withdrawal_not_recognised
tr_4ba5ae9311,Why is the ATM not allowing me to get cash?,declined_cash_withdrawal
tr_27eded5c55,how much do I have to pay for exchange of currency?,exchange_charge
tr_d3bcc2a9d2,Can I get a Visa from you?,visa_or_mastercard
tr_8f0f5211c8,Do you offer cards for those in other countries?,country_support
tr_f52412bc4b,Please help me figure out the reason for the odd withdrawal amount from my account?,cash_withdrawal_not_recognised
tr_f4a3a537fb,my phone was lost,lost_or_stolen_phone
tr_f9f069ab54,"After a transfer, I see an extra fee.  Why?",transfer_fee_charged
tr_b3c2732ee3,I received a fee I should not have.,card_payment_fee_charged
tr_9fd0391b6a,I tried withdrawing money in another country and the exchange rate was wrong.,wrong_exchange_rate_for_cash_withdrawal
tr_acc193a9a3,What's the limit to how much I can top up?,top_up_limits
tr_399a519e54,I was charged twice for the same purchase!,transaction_charged_twice
tr_3898ca3369,The payment I made with my card is not showing up.,reverted_card_payment?
tr_4765e14513,I'm unhappy with the exchange rate your cash transactions.,wrong_exchange_rate_for_cash_withdrawal
tr_2b892bce46,"I prefer Visa, can I get that instead?",visa_or_mastercard
tr_feb06d24f3,"Around one or two weeks ago I purchased something but there's seems to be an issue. I have already received one of the items, but today the money was placed back into my account. What is happening?",reverted_card_payment?
tr_9c4cfdc1f5,My card hasn't been working when I try to use it.,card_not_working
tr_e708e3153c,Why did I have to pay extra because I paid with my card?,card_payment_fee_charged
tr_8654511ccc,"I have my card, when whill my PIN be available?",get_physical_card
tr_8bc5cc1491,Can I reset my PIN?,change_pin
tr_110cb16cb3,What's the maximum amount I can top up my card with please?,top_up_limits
tr_a744b043b1,Why can't I use my card?,card_not_working
tr_c732e4f191,I have been charged twice on my statement.,transaction_charged_twice
tr_7d857d31e8,Why  am I being told this  transfer will not  go thru,beneficiary_not_allowed
tr_34c72b7a6d,Can I have a new card shipped to China?,card_about_to_expire
tr_6801d4508d,Why won't my virtual card work?,virtual_card_not_working
tr_e547e88251,I want to know the source of my funds.,verify_source_of_funds
tr_62fb8d3da2,Which fiat currencies are supported for holding and exchanging?,fiat_currency_support
tr_c59b89e46a,Someone has taken my phone from my hotel room!,lost_or_stolen_phone
tr_c594132c03,Is there a money transfer fee?,transfer_fee_charged
tr_08f5c6314f,I got a notice from my app that I withdrew cash but I don't remember doing so. How do I fix this?,cash_withdrawal_not_recognised
tr_288b90011f,How do you come up with your exchange rate,exchange_rate
tr_7e53987110,The seller just told me he didn't get paid. After reviewing my account it did subtract the balance but now it has added it back to my account. I need you to please take care of this promptly.,reverted_card_payment?
tr_4f74b8a255,Help me get the virtual card working.,virtual_card_not_working
tr_aa2ee6a7b2,Can you please refund my item?,request_refund
tr_c12b035a04,Tell me why my transfer was declined.,declined_transfer
tr_457e3a5fa2,Why was my atm withdrawl declined,declined_cash_withdrawal
tr_798e525ef1,I attempted to top up my account but it's been frozen in a pending state for well over an hour now! Is this normal? I'm a new customer and this is my first time doing this. I assumed it would be done quicker than this.,pending_top_up
tr_d0fe0b929c,Who do I contact if there is a direct debit that I did not create.,direct_debit_payment_not_recognised
tr_d5547a4020,I need help proving that this is really me and to verify my identity.,unable_to_verify_identity
tr_b2e687484f,Is there a reason my top-up has been cancelled?,top_up_reverted
tr_2c295f975b,"My marital status has change, I got to correct my name to reflect that.",edit_personal_details
tr_29e4b481dd,For some reason I am unable to preform a transfer to a beneficiary.,beneficiary_not_allowed
tr_570015abaa,can i use my app to get a virtual card,getting_virtual_card
tr_9cc3a4a735,Why is a payment I made reverted back to my account?,reverted_card_payment?
tr_a0aaf52dfd,"my identity hasn't been verified and i can't edit my details, what's next",edit_personal_details
tr_155affeb53,The funds I transferred are not in my account,balance_not_updated_after_bank_transfer
tr_c8a7efa6b4,I don't recognize a charge on my statement.,card_payment_not_recognised
tr_9f0629e819,It is urgency. Please freeze my card now. As someone in some odd remote town has withdrawn some money by using my card. As i did not withdraw any money.,cash_withdrawal_not_recognised
tr_ba64c6b400,Rates were applied wrong while using foreign currency at an ATM.,wrong_exchange_rate_for_cash_withdrawal
tr_ffbbaf8568,WHAT IS THE SOLUTION OF THIS PROBLEM,card_arrival
tr_71d446d47b,How can I solve my issue with holding multiple currencies?,fiat_currency_support
tr_f7a0622011,My statement shows different transaction times.,transaction_charged_twice
tr_83373b3a45,I would like to know if I can top up with Google Pay.,apple_pay_or_google_pay
tr_aaecc7abea,How can I find your exchange rates?,exchange_rate
tr_c4f0ea83b4,"Hey a seller just contacted me that my money didn't come through. It was definitely deducted from my account, but now it appears it's back with me! Sort this out asap please.",reverted_card_payment?
tr_340061400d,"I was checking the app for my account and I noticed there is an authorized charge on it.  I haven't used my card today, so I know I didn't do it.  I would like the transaction reversed and the money replaced.",direct_debit_payment_not_recognised
tr_3d115611d9,What's the process for terminating an account?,terminate_account
tr_5732923ab3,Someone stole my wallet a couple of hours ago now and they have taken money from my account. Is there any way that you can help so I won't lose any more of my money.,cash_withdrawal_not_recognised
tr_d2a952241d,I withdrew $100 but only received $20,wrong_amount_of_cash_received
tr_524123bc25,The ATM cancelled a transaction on me when I was trying to get some cash out.,declined_cash_withdrawal
tr_cef5c6ba8d,Can you provide information for freezing my card immediately?,lost_or_stolen_card
tr_d88b90a87b,I need to know where this charge is coming from?,card_payment_not_recognised
tr_86ec8fecf0,Help me delete my account.  I am not satisfied with the service.,terminate_account
tr_35eb864a52,European bank card for top up will come with any extra fees?,top_up_by_card_charge
tr_f877d70cab,Is my new bank card on the way and is there a way to track it?,card_arrival
tr_5d71c6e397,"There seems to be an additional charge of £1 on my statement, what is the reason for this?",extra_charge_on_statement
tr_16e00ca365,"Am I able to look back at a transaction to see who with drawled some money from my account? I don't remember authorizing this a few weeks ago, but wanted to double check who took the money.",direct_debit_payment_not_recognised
tr_4c633f63d0,My purchases from this morning still have pending payments.,pending_card_payment
tr_34fb7e44ce,My balance was not updated after transferring money.,balance_not_updated_after_bank_transfer
tr_467e1d92a3,There is an urgent transfer I need to make from China.  How long will it take to get it processed?,transfer_timing
tr_25c583e932,When will I be able to see the refund,Refund_not_showing_up
tr_99263800c4,I received incorrect amount of cash from an ATM today. It was more than I wanted. What do I do now?,wrong_amount_of_cash_received
tr_e7e982b36b,I am still waiting for verification.  Can I use my account before I am verified?,why_verify_identity
tr_7bbcb6bf02,Where can the cards be delivered?,order_physical_card
tr_e28fe709a0,I need to cancel a transfer,cancel_transfer
tr_d283e117eb,Where can I find my PIN? I haven't gotten it yet.,get_physical_card
tr_9ba82e4353,Please help me with my card payments which keeps getting reverted whenever i do online shopping. I am having this problem since last two weeks.,reverted_card_payment?
tr_32bac84607,What fees do you charge for the standard card?,order_physical_card
tr_722e51949b,I received my card. How do I link it to the app?,card_linking
tr_d9cefe43a1,I was trying to top-up and my credit card was declined. Can you tell me why?,top_up_failed
tr_f9e5308089,A transfer has been made in my account that I need to cancel.  This was a mistake on my part and I hope we can get this resolved quickly.,cancel_transfer
tr_6c635f04d1,Can you tell me how I would go about learning where my funds came from?,verify_source_of_funds
tr_6ce08b9147,Can I add money to top up my account via a bank transfer?,transfer_into_account
tr_74df39716f,I updated by balance with a cheque yesterday but it isn't showing on my account. Did something go wrong?,balance_not_updated_after_cheque_or_cash_deposit
tr_40d73a7c42,Which fiat currencies are supported by you?,fiat_currency_support
tr_8f3b4d8556,Is there a reason why top-up needs verifying?,verify_top_up
tr_91c59d4bc4,Why am I seeing a fee for transferring money?,transfer_fee_charged
tr_1a1a57d0ae,Where did the  €1 fee in my statement come from,extra_charge_on_statement
tr_b6b5e5cd50,Help! I think someone has made a cash withdrawal with my card!,cash_withdrawal_not_recognised
tr_510df691a1,My money is all gone. What ways are okay to add money to my account?,transfer_into_account
tr_c1403192f3,The card PIN?,get_physical_card
tr_c86ffe442b,When do i get charged a fee for using the card?,card_payment_fee_charged
tr_d9ce975626,I made an ATM withdraw it didn't give me the amount I asked for but is showing a withdraw for that amount.,wrong_amount_of_cash_received
tr_103ea364e7,What to do if my card has been used without my permission?,compromised_card
tr_278023e9f8,"If I ordered my new card last week, how much longer should I wait to receive it?",card_arrival
tr_7ea2d7e673,"I needed cash today, so I used another provider's ATM, and when I attempted to withdraw, it declined. I just checked it out and I'm still showing my account with that amount pending! I didn't take any money out, it was declined, so I don't want that to be processed as a withdrawal.",pending_cash_withdrawal
tr_17a99415de,Is there a way to track my card?,card_arrival
tr_9972a49e16,My transfer was declined. What might the reason be?,declined_transfer
tr_d8b18e230a,Can I get an account for my son?,age_limit
tr_210c86cbeb,I need help verifying my identity.,unable_to_verify_identity
tr_afd5a8854b,"How come my top-up didn't go through instantly, like it usually does?",pending_top_up
tr_ac0cb45db8,I don't understand why I was charged extra for withdrawing money?,cash_withdrawal_charge
tr_5686846d4a,I would like to know why a withdraw I made for some cash shows up as pending.,pending_cash_withdrawal
tr_d8596acd56,why verify the top up? it doesnt make sense,verify_top_up
tr_21815250e9,How do I top up using my card?,topping_up_by_card
tr_31645583ce,"I tried to get money out of the Notting Hill ATM earlier, but I wasn't able to get it to work. Is my card with issue? It's the first time I tried using it.",declined_cash_withdrawal
tr_a1c61f0aaf,I checked the app and there is a payment that I don't recognize.,card_payment_not_recognised
tr_c7ccacbd67,Why isn't my balance updating after depositing cheques and cash.,balance_not_updated_after_cheque_or_cash_deposit
tr_53148cdfa3,I prefer Mastecard.,visa_or_mastercard
tr_42076bf49b,"I can't get my card out of the ATM, what should I do now?",card_swallowed
tr_3e9433653b,There's an error in regards to the exchange rate for an item I bought.,card_payment_wrong_exchange_rate
tr_90eb11c989,When do I see my recent refund in my statement,Refund_not_showing_up
tr_f7eb5bdf6c,Can I use my virtual card for recurring monthly payments?,virtual_card_not_working
tr_d65901c156,Do I need a photo ID to activate a my new card?,activate_my_card
tr_bf62c755a3,What currencies can be used for top up?,supported_cards_and_currencies
tr_8203e1ceb3,"Help, my phone was stolen, please advise!",lost_or_stolen_phone
tr_b3cf0a2b85,I need to update my phone number.,edit_personal_details
tr_c3f5ff8a8a,"I was using foreign currency at an ATM, but the rate was typed in wrong.",wrong_exchange_rate_for_cash_withdrawal
tr_c8341ca2e5,How can I change my password?,passcode_forgotten
tr_97af93bd69,"I deposited a cheque, but my account balance stayed the same.",balance_not_updated_after_cheque_or_cash_deposit
tr_dd2128ce82,Why can't I get cash from the ATM?,declined_cash_withdrawal
tr_637932541c,I think I was wrongly charged in a recent transaction when I used my card.,card_payment_fee_charged
tr_9e2246dbab,"the product is not working, can I get a refund?",request_refund
tr_cd43241712,Can I check my recent refund in my statement?,Refund_not_showing_up
tr_320c4ccc1a,My top-up is taking a very long time to complete.,pending_top_up
tr_aedfc774f4,Why was I charged an extra fee from the ATM?,cash_withdrawal_charge
tr_6066a7a2d6,My account shows I made a debit payment to someone that I can't recall and would like to find out who the payment was made to.,direct_debit_payment_not_recognised
tr_eceaada9cc,Can you close my account please?,terminate_account
tr_498d359f57,Why hasn't my friend's transaction arrive yet?,transfer_not_received_by_recipient
tr_4137c4ba7f,How do I report a cash withdrawal that wasn't me?,cash_withdrawal_not_recognised
tr_fde3cc6ea5,Where can I deposit cash to top up?,top_up_by_cash_or_cheque
tr_b71af7e1b6,"Is there something wrong with my card payment? It's been pending a really, really long time.",pending_card_payment
tr_b8d9564a7b,"Please, tell me why I can't have the funds I deposited a week ago? I need the money now.",balance_not_updated_after_cheque_or_cash_deposit
tr_f9b87a362c,can you tell me where to find the top-up verification code?,verify_top_up
tr_8ff0ff84a3,Why should I verify the top-up?,verify_top_up
tr_299e517cbe,Why do you need verification for my identity?,why_verify_identity
tr_2ca0368831,Can I change my card PIN?,change_pin
tr_0449f84c62,"There must have been a mistake, why was I charged an extra pound?",extra_charge_on_statement
tr_113a9e4cc3,Will you charge me more if I use a European bank card for a top up?,top_up_by_card_charge
tr_613d6a26e6,"There is a fee for a transfer, please explain that to me.",transfer_fee_charged
tr_12099b4700,I thought transfers were free of charge.  I bought something abroad and got charged a ridiculous fee. How do I get this problem fixed.,transfer_fee_charged
tr_682f83cf4e,Please tell me why the purchase I made online returned payment. I really wanted this item and I've been trying for 2 weeks.,reverted_card_payment?
tr_deeae7c816,who can put money in my account?,verify_source_of_funds
tr_59a4ea965c,Why do I need to have my identity verified?,why_verify_identity
tr_51e9a9b07c,I'm being asked for a verification code. Where do I find it?,verify_top_up
tr_b79a2e8509,A couple weeks ago there was a debit taken from my account from a transaction I don't recall. Is it possible to trace this transaction to make sure I'm not being scammed?,direct_debit_payment_not_recognised
tr_a044f64068,What do I need to do to get my new card which I have requested 2 weeks ago?,card_arrival
tr_82693725b4,How soon will I get my card?,card_delivery_estimate
tr_ecec8e21b0,What ATMs use this card?,atm_support
tr_11ea8c49c9,How do I link my new card?,card_linking
tr_7feeed6a2e,Looks like my card payment was cancelled.,reverted_card_payment?
tr_87cb14f6d0,What are then rules on beneficiaries?,beneficiary_not_allowed
tr_0572b89e9e,i withdrew cash and dont see it reflected on the balance,pending_cash_withdrawal
tr_f114407e37,"I made a mistake on the last transfer I made, who must I speak with to cancel?",cancel_transfer
tr_069cead0ec,Why is this payment pending?,pending_card_payment
tr_7f24680816,"While doing a transfer, it says declined.",declined_transfer
tr_d8434aac3a,I paid with my card so so why was I charged a transaction fee?,card_payment_fee_charged
tr_edb98f633d,I can't get a contactless payment to work.,contactless_not_working
tr_5cd22bf37e,Can I change my PIN at any cash machines?,change_pin
tr_c280a51ca9,What is my source of funds?,verify_source_of_funds
tr_9ba8cd87ed,I think the bank made a mistake on the exchange rates,wrong_exchange_rate_for_cash_withdrawal
tr_77e9b205b9,"Visa and MasterCard, can I get them both?",visa_or_mastercard
tr_3c4533691d,Is there a fee to add money to an international card?,top_up_by_card_charge
tr_444e7b2854,I transferred money but the recipient does not see the funds in their account?,transfer_not_received_by_recipient
tr_d2aff4eb8b,From which age can my kids use your service?,age_limit
tr_19838dd55f,"help, I see money missing I didn't take out.",cash_withdrawal_not_recognised
tr_9bde7e434b,Please can i get a disposable virtual card as well?,get_disposable_virtual_card
tr_ba8edf509e,Why is my identity verification process not working?,unable_to_verify_identity
tr_4aeb795b76,Can I have my money refunded for an item,request_refund
tr_3fd50129f3,"I don't recognize this payment on my app, I am sure I didn't spend any money there.",card_payment_not_recognised
tr_b8232f5f67,I have been trying to make transfers to another account but I keep getting a declined notice. I have checked all of my information more than once and my information is accurate.,declined_transfer
tr_44b5d140ef,My payment has an incorrect exchange rate.,card_payment_wrong_exchange_rate
tr_7eed0bab82,How do I change the PIN?,change_pin
tr_b8f7db7930,Why would you cancel my transfer?,declined_transfer
tr_4f80165629,Can I edit my details?,edit_personal_details
tr_a78075feeb,Is my PIN the same thing as my passcode?,get_physical_card
tr_83174efb58,Please check to see if the band transfer I made a while ago from my UK account has safely arrived.,balance_not_updated_after_bank_transfer
tr_7559604a6c,Is there a limit for the amount I can top up?,top_up_limits
tr_c5f920c640,My payment shows that it is pending will I be charged more money?,pending_transfer
tr_b656c5616e,"I need to refund my item, can you please help?",request_refund
tr_33d1b8e252,Why was I double charged?,transaction_charged_twice
tr_f3370d278f,"Someone withdrew money from my account, and it wasn't me.",cash_withdrawal_not_recognised
tr_ac03c2c93d,What fiat currencies are used for holdings?,fiat_currency_support
tr_8ab03a3eeb,Will I be fined for topping up by transfer?,top_up_by_bank_transfer_charge
tr_097dfe7f23,How do I avoid a fee to use an ATM?,cash_withdrawal_charge
tr_0c1e4d2048,Does my top up and apple pay work together?,apple_pay_or_google_pay
tr_7944bd8299,Which currencies will you exchange?,fiat_currency_support
tr_3473a265b1,There is a direct debit payment I don't recognize.,direct_debit_payment_not_recognised
tr_9828d9c23d,My credit card was declined for top-up. Can you see if there is enough funds in my account?,top_up_failed
tr_e344559537,Cancel a transaction,cancel_transfer
tr_c6b35ec6c6,How do I access the option to top up?,automatic_top_up
tr_a57264958f,I can't get money out of the ATM. Is my card actually working? It's the first time I tried using it,declined_cash_withdrawal
tr_f73ceee7bb,i need a virtual card,getting_virtual_card
tr_2a2e82bad5,My refund isn't showing up on my statement.,Refund_not_showing_up
tr_78d2cb4ffa,I made a transfer and was charged extra. Why?,transfer_fee_charged
tr_a86f3f2dce,where can i have a virtual card,getting_virtual_card
tr_d89088ad10,something is wrong with my exchange rate charge,card_payment_wrong_exchange_rate
tr_f282c8c45a,Is there restrictions on where I can use my card?,card_acceptance
tr_129ab40ab6,Where are the Mastercard ATMs?,atm_support
tr_d83e415771,I bought something and want the money refunded can I get some help with that?,request_refund
tr_a2603befa4,Is there a way to make my money usable in another country?,exchange_via_app
tr_ad79306a61,Are there charges for cash withdrawals?,cash_withdrawal_charge
tr_4fc529b725,I'm not sure if my pop-up went through.,top_up_failed
tr_b87285c812,My transfer to a beneficiary was rejected.,beneficiary_not_allowed
tr_f1593e5312,I've tried completing a very standard transfer and have already attempted it 5 times. What's going on here? Is there a problem with your system?,failed_transfer
tr_c9207a1025,What do I have to do to activate my card?,activate_my_card
tr_2038c39fad,What are the uses for disposable cards?,get_disposable_virtual_card
tr_96b331bce7,My transfer didn't work how come?,failed_transfer
tr_bbc013d10b,Is my card denied anywhere?,card_acceptance
tr_861e52411a,"I have made a payment by my card, and its still pending since a long time. Could you please tell me when it will process.",pending_card_payment
tr_a8f5665b1c,Tell me why my topup wouldn't go through?,top_up_failed
tr_5dcefeb6cd,"I no longer want this account, what should I do?",terminate_account
tr_e2f2f38c99,How fast can I transfer something from China?,transfer_timing
tr_1197db5e7b,Why is the refund not on my statement?,Refund_not_showing_up
tr_f1127e4b6d,How can my new card be activated?,activate_my_card
tr_6260d55477,How long will it take to get to the US?,card_delivery_estimate
tr_07ab3fc225,I want to stop my account,terminate_account
tr_15412385b0,I refuse to verify my identity.,why_verify_identity
tr_4b38a0c99f,How long will my transfer be pending?,pending_transfer
tr_3e4db8b745,I made a cash deposit going to my account but it is not there,balance_not_updated_after_cheque_or_cash_deposit
tr_2224487a74,"I just topped up, and the app denied it.",top_up_failed
tr_8f76bfd7c0,how do i get into my account and edit my details,edit_personal_details
tr_35ee289332,My identity hasn't been verified.  Can I use my account?,why_verify_identity
tr_994ef45715,I want to top up with my Apple Watch.,apple_pay_or_google_pay
tr_ac7e22bda3,I've never been to that store.  That's a fraudulent charge.,card_payment_not_recognised
tr_ffabcd0215,Can I add money in intervals to my account?  I will be traveling.,automatic_top_up
tr_349cccfd80,how do I get top up to work for my card,apple_pay_or_google_pay
tr_4d4777caf6,My cards were stolen,lost_or_stolen_phone
tr_bc97e2e8a8,How can my account have money transferred into it?,transfer_into_account
tr_c24e09e503,What cards and currencies can I use?,supported_cards_and_currencies
tr_ad235e0535,What all is needed for the identity verification?,verify_my_identity
tr_cc66c6a1ac,Where can i exchange between GBP and USD,exchange_via_app
tr_dad200fe3b,Is there a charge for using an European bank card for top up?,top_up_by_card_charge
tr_deacb0472b,How long does it take to receive my card?,card_delivery_estimate
tr_f9b6a56fff,I think the top up failed,top_up_failed
tr_ae26534aa1,How do I go about transferring money into my bank account?,transfer_into_account
tr_a47dcca1d3,Why am I not allowed to add a certain beneficiary?,beneficiary_not_allowed
tr_9b9edfaf1d,What is the process to create a disposable virtual card?,get_disposable_virtual_card
tr_ca2b574f6c,what is the correct exchange rate for getting cash,wrong_exchange_rate_for_cash_withdrawal
tr_9d8174794f,Can it automatically top up my account?,automatic_top_up
tr_310c1b7bed,Can I do more than 10 transactions with a disposable card?,disposable_card_limits
tr_988f41983a,I just realised I made the wrong payment yesterday. Can you please change it to the right account? It's my rent payment and really really needs to be in the right account by tomorrow,cancel_transfer
tr_4a86ee9411,What is this $1 charge on my account?,extra_charge_on_statement
tr_3c5b5499d3,Today I noticed a charge for an ATM withdrawal on my account. Can you please fix this? It's supposed to be no charge.,cash_withdrawal_charge
tr_73814d7bc8,how do I get a disposable virtual card?,get_disposable_virtual_card
tr_adce792b5c,How do I transfer funds if I am paid in GBP?,receiving_money
tr_7ecfabe681,Why can't I get cash out?,declined_cash_withdrawal
tr_9407800f75,The machine didn't work earlier when I went to get money out and now my account says transaction in progress.Why?,pending_cash_withdrawal
tr_1ac08aee96,Can you please advise if there is something wrong with my card? I have had multiple rejections and do not know the reason. Thanks!,declined_card_payment
tr_3013c9e189,Can cards be dispatched on a specific date?,card_delivery_estimate
tr_c9d428def0,lost my card in atm,card_swallowed
tr_94c09308a4,Is there an allowance on cards?,card_payment_fee_charged
tr_22545f1ac8,What's the top-up limit?,top_up_limits
tr_df2e1ff390,how do I know where I can get money withdrawn?,atm_support
tr_f6b3c0129f,Can you tell me what I need to do to have my pin changed?,change_pin
tr_abd15ffa49,What are the reasons for my beneficiary not being allowed?,beneficiary_not_allowed
tr_4f4ed49945,"Hi,  My money has not been credited to my account for which i have sent you cheque few days before. I am worried about the money please let me know the status.",balance_not_updated_after_cheque_or_cash_deposit
tr_a8a27244ef,I want a real card,order_physical_card
tr_8f1cd6786e,If I want my son to have his own account is that possible?,age_limit
tr_c86dc65614,How do I get my money back for a duplicated charge?,transaction_charged_twice
tr_a4d4dd3fdd,I want my purchases cancelled.,request_refund
tr_4a1ab48393,I didn't set up a direct debit payment on my account.,direct_debit_payment_not_recognised
tr_a9afc86725,I'm seeing a direct debit payment that is not me.,direct_debit_payment_not_recognised
tr_c133437b7f,What is the current exchange fee?,exchange_charge
tr_2d92f62ba7,Why do you keep declining my payment?I tried several times with this card and it is just not working.,declined_card_payment
tr_7ff6b53fbe,I have transferred some money but the balance hasn't changed,balance_not_updated_after_bank_transfer
tr_5be5aa3607,It looks like my card payment was sent back.,reverted_card_payment?
tr_b718f2d818,Hi. Please can you help me fix a double charge on my card? I'm looking at my transactions and this restaurant I went to earlier in the week has charged me twice! Please remove the additional charge for me.,transaction_charged_twice
tr_9ea6cfa983,"I have lost my phone, what steps can I take to prevent someone using my account?",lost_or_stolen_phone
tr_7936b03064,How long will it take for me to get my card?,card_arrival
tr_bf6e3cc27b,"Would you please tell me the status of my refund request for a large purchase I made not long ago? I contacted the merchant nearly a week ago, but haven't received it.",Refund_not_showing_up
tr_05b6aa7aa0,Where can I check out the source of available funds in my account?,verify_source_of_funds
tr_946cb362ab,I'm trying to take money from my account but its not letting me. Help!,declined_cash_withdrawal
tr_3e203a1d52,Does it cost money to top up?,top_up_by_card_charge
tr_1a5f21ccdf,Is it possible to get a new card in China?,card_about_to_expire
tr_f0aa7e3140,I do not recognize a direct debit payment that I see on my app,direct_debit_payment_not_recognised
tr_93b85451c3,Help!  I think my phone may be stolen or lost!,lost_or_stolen_phone
tr_b3e6b62a7b,My app says that I'm not verified.,unable_to_verify_identity
tr_e102e04d48,There is an extra 1£ charge on my app. Why did you charge me extra?,extra_charge_on_statement
tr_a6f8b22a03,What is the most that I can top-up to a card?,top_up_limits
tr_fa3dbb8046,The exchange rate was not correct for the item I bought.,card_payment_wrong_exchange_rate
tr_d201bf593a,Why was I charged for payments? You didn't warn me about additional fees.,card_payment_fee_charged
tr_ac6cc4c763,Am I allowed to change my PIN anywhere?,change_pin
tr_1ca97ad2db,"After I make a payment, how long will it be before it transitions from ""pending"" to complete?",pending_card_payment
tr_2f1bd7b0bd,I didn't do a payment and I have it now.,card_payment_not_recognised
tr_deae54eb80,My identity can't be verified.,unable_to_verify_identity
tr_b15d5b76da,How do I stop fraud to my card?,compromised_card
tr_44ff3ac4f4,The atm wouldn't give out cash,declined_cash_withdrawal
tr_c5f8758591,What is the age requirement?,age_limit
tr_ad2848cbb1,Are there any limits to using disposable virtual cards?,disposable_card_limits
tr_1e55f7fae8,Please help my find out why there is an odd direct debit in my records.,direct_debit_payment_not_recognised
tr_b1b121e42c,Google Pay won't let me top up.,apple_pay_or_google_pay
tr_cf3e01973b,Exchange fee help?,exchange_charge
tr_e656473cc7,Is the top-up amount unlimited?,top_up_limits
tr_3c33d0969f,Can I choose when my card is delivered?,card_delivery_estimate
tr_40d561f56b,What is the extra fee that was added when I used the card?,card_payment_fee_charged
tr_9b86315dc3,Can you give me a virtual card?,getting_virtual_card
tr_ca20b3409d,What happens when I am charged twice?,transaction_charged_twice
tr_b01e97ce91,Are there any fiat currencies that you will not work with?,fiat_currency_support
tr_4e7506846f,Can I pick a new PIN?,change_pin
tr_2dbf4d0d6c,Can you please explain how to transfer money using the bank transfer process?,transfer_into_account
tr_87c6cebf17,I got my card a few days ago but am unable to top up. I'm thinking about closing my account because of this. What is going on?,top_up_failed
tr_d387d5e0f2,"I need to transfer something ASAP from China, how long will it take to post to my account?",transfer_timing
tr_f2de566943,I recently purchased something and the seller says my money has not arrived yet. It was in EU's. How long does this take?,pending_transfer
tr_9330f77a75,Can I use the apple watch to make a top-up?,apple_pay_or_google_pay
tr_310cdcafc0,What should I do about a direct debit that I did not set up?,direct_debit_payment_not_recognised
tr_463d279978,What are the fiat currencies used?,fiat_currency_support
tr_794bc5f5b6,is my pin the same as my passcode,get_physical_card
tr_8e2c9994b5,Where are you present globally?,country_support
tr_1c7c56f157,Can I track my card while it is in the process of delivery?,card_arrival
tr_dedc599ead,Please tell my why I was charged a fee for using my card?,card_payment_fee_charged
tr_d117142592,The exchange rate for the money I took out in a foreign country is wrong.,wrong_exchange_rate_for_cash_withdrawal
tr_d6021b27c8,What are acceptable documents to prove my identity?,verify_my_identity
tr_d6da8e1125,Why do I have a charge for an ATM withdrawal? I thought these were free?,cash_withdrawal_charge
tr_279c733853,My virtual card isn't working.,virtual_card_not_working
tr_19eb647f3d,How much does currency exchange cost?,exchange_charge
tr_2acfc61ad6,Is the 1 pound charge going to be reimbursed on my card?,extra_charge_on_statement
tr_29ac242238,What do I do if I think someone has used my card without permission? I can see a few transactions I don't recognize.,compromised_card
tr_8450de1765,How can my friend give me money?,receiving_money
tr_08fb574101,Is currency exchange possible?,exchange_via_app
tr_d5df136359,There is a card payment that I'm not recognizing.,card_payment_not_recognised
tr_7b85206600,I think youre system may be broken because I have tried transfer money 5x and it isnt working!  I'm not doing anything complicated it is what I usually do.,failed_transfer
tr_99e8607b1a,What are the sources for the funds in my account?,verify_source_of_funds
tr_96de4fa61f,Am I able to get a refund for something I bought?,request_refund
tr_22f2df6bf3,What is the reason for my beneficiary to be disallowed?,beneficiary_not_allowed
tr_02d553fc5d,Am I allowed to carry an additional card?,getting_spare_card
tr_22aaf06128,"My mother deposited a cheque into my account last week, why is it still not showing up?",balance_not_updated_after_cheque_or_cash_deposit
tr_b45f5c20d6,Can I have multiple currencies in my account?,fiat_currency_support
tr_0075947e4e,I was wondering if I could get a second card on this account? I would like my daughter to have one.,getting_spare_card
tr_e3cdc91848,Why is it failing to top-up?,top_up_failed
tr_bc048abb47,"I am getting charged fees on some payments.  Please help me understand, where are these fees disclosed?",card_payment_fee_charged
tr_6da212b1a7,I topped up about half an hour ago and the charge is still pending. I'm a new customer and today is my first time doing this. Can you fix it? It doesn't seem to be working.,pending_top_up
tr_c7e637d14b,How much for an actual card?,order_physical_card
tr_ddcc4aec93,"So, I am in the middle of purchasing a flat. I need the money for the first mortgage payment and it is not going through. I keep receiving an error. Can you find out what's going on and help me complete this transfer?",failed_transfer
tr_6aeedc5a24,I feel as though I have been over charged for the exchange rate on my payment on last Saturday.,card_payment_wrong_exchange_rate
tr_6a20de2015,Why has transferring money resulted in a charge?,transfer_fee_charged
tr_e69ac9c0fd,Why can't I get my top up to work in Apple Pay?,apple_pay_or_google_pay
tr_7691ea302c,I want to deposit my check to top up my account,top_up_by_cash_or_cheque
tr_8db54056dc,I would like to move money from one account to another to top off my account. Can you explain how I can do that?,transfer_into_account
tr_778befd72b,I can't access my money. Is it because somethings wrong with the top-up? I set it up correctly.,top_up_failed
tr_e5bc39ec8c,I cant find my card.,lost_or_stolen_card
tr_ee3d5168cc,Why would my card payment not work?,declined_card_payment
tr_0b4347e24b,Can I cancel a transfer I made,cancel_transfer
tr_3b33d7e9f3,I am having an issue with an in country transfer I did a few days ago. It has yet to appear in my account. I have checked to be sure that all account information is correct multiple times. What is taking the transfer so long?,transfer_not_received_by_recipient
tr_85201cfb27,Do you charge a fee for topping up a card?,top_up_by_card_charge
tr_90f1c7e751,How do I replace a stolen card?,lost_or_stolen_card
tr_6833f63b68,"How long do EU transfers take? I bought something online a couple days ago , sent the money immediately online but the seller says it is still not there yet",pending_transfer
tr_802f7cb54c,Could you inform me as to why I have been charged a higher fee for doing banking abroad.,transfer_fee_charged
tr_77c0600ff1,I really need to top-up my card today urgently but my card keeps getting declined!! Can you please help me with this problem or let me know if you have any alternatives,top_up_failed
tr_3b33cf7ccf,"I just transferred some money into my account and do not see it updated yet, can you assist?",balance_not_updated_after_bank_transfer
tr_a2af04889d,"i dont recognise some of these transactions, i think someone has my card details",compromised_card
tr_d7ebcc7ecf,How long do transfers typically take? Is there a way of speeding the process up? My friend needs the money I sent her desperately.,transfer_not_received_by_recipient
tr_49667da64c,"Hi, I am unable to use my card in ATM. I had tried my card in two ATMs but both ATMs declined it. Could you please check my account?",declined_cash_withdrawal
tr_2ffb704892,I need to know if everything is okay here. After making a transfer from a UK account it doesn't show up. How long does this normally take to process?,balance_not_updated_after_bank_transfer
tr_5446730740,How can I get disposable virtual cards?,get_disposable_virtual_card
tr_01e02c8ee4,I want to take back my transaction,cancel_transfer
tr_c53f058d43,What steps do I do to transfer money using my credit card?,topping_up_by_card
tr_3b35ad3f76,Why was I charged extra using my card?,card_payment_fee_charged
tr_c40c53daa6,Can someone please explain to me where my source of funds came from?,verify_source_of_funds
tr_246281da8c,It says pending status for my payment. Why?,pending_card_payment
tr_1dba26b8e8,I got charged two times for a transaction,transaction_charged_twice
tr_d046fc3bae,What is the source of funds for my money?,verify_source_of_funds
tr_e9cf66b2de,I would like to know which fiat currencies are recognized by your organization.,fiat_currency_support
tr_1a43e911d6,How do I link the new card that I just got from you guys?,card_linking
tr_e712e2ee17,Why is there an extra charge on my statement.,extra_charge_on_statement
tr_e4da939075,I found a transfer fee - is that correct?,transfer_fee_charged
tr_07742d4c81,My transfer is failing when I try to do it.,failed_transfer
tr_8c2d275018,"i accidentally entered in my retailers information, what should i do next",transfer_not_received_by_recipient
tr_3232744fbc,I've forgotten my passcode. Can I reset?,passcode_forgotten
tr_d18abd5719,Are you available in my country?,country_support
tr_5ad87eb7b8,"I want to start using my card, how do I activate it?",activate_my_card
tr_327256977e,My disposable virtual card got rejected,virtual_card_not_working
tr_e2e81065bb,I think that there is a payment on my card that I did not authorize.  I don't recognize the name attached to the transaction.,card_payment_not_recognised
tr_6f1d200780,Why does my statement have an extra fee?,extra_charge_on_statement
tr_987ef688e5,What does it cost to receive a SEPA transfer?,top_up_by_bank_transfer_charge
tr_a9cbc2cd21,Is there a location where I can change my PIN?,change_pin
tr_90b11cb31d,Do international transfers take longer?? I made a transfer from France 2 days ago but it's still not there yet...,balance_not_updated_after_bank_transfer
tr_e62128f495,Tried using my ATM card earlier at one of your locations for the first time.  It didn't work.  What is going on?,declined_cash_withdrawal
tr_26db3cf7c7,The exchange rate for my payment last Saturday must be wrong because I was charged extra.,card_payment_wrong_exchange_rate
tr_2c327bd00a,Is topping up free?,top_up_by_card_charge
tr_1a4f54dcd6,Why is it necessary to verify the top up?,verify_top_up
tr_94bb933cbe,The ATM won't give me my card back. I need it back now!,card_swallowed
tr_418c8e7ba1,Do you charge for making a withdrawal? I took some money out of my account earlier and I was charged for this.,cash_withdrawal_charge
tr_c15b7bc73c,I think the exchange rate for my for my cash withdrawal is wrong,wrong_exchange_rate_for_cash_withdrawal
tr_55b40362e5,What are the disposable cards used for?,get_disposable_virtual_card
tr_c707ac7cd9,How many digits identify the top-up verification code?,verify_top_up
tr_c86f8205cd,There is a duplicate payment on my card. Why?,transaction_charged_twice
tr_1aacdd3e99,I've tried using my card multiple times and it keeps getting declined.,declined_card_payment
tr_2b00c4acda,What do I need to do to transfer money with my credit card?,topping_up_by_card
tr_cc907825b3,Why was I charged a higher exchange rate when I bought something abroad?,card_payment_wrong_exchange_rate
tr_dd693a3b82,"I've been waiting since Friday, where is my money?",transfer_not_received_by_recipient
tr_f1b5fde136,Are cards issued to people living in the US?,country_support
tr_6fee67b031,I have a friend who needs money as soon as possibly. If I were to transfer it how long will it take to get to her?,transfer_not_received_by_recipient
tr_38611b343c,Help me.  My phone has been lost or stolen!,lost_or_stolen_phone
tr_225ec9b665,"What about an auto top-up, is that a option?",automatic_top_up
tr_710b2ea326,"I purchased something and the seller hasn't received the money yet, but it has been deducted from my account.",reverted_card_payment?
tr_1f62ff5f20,What kind of fiat currencies are supported for holding and exchange?,fiat_currency_support
tr_8031d1fad9,"As I double checked that I have the correct account details that i submitted , they're right for sure. Transfer is still pending so far.",pending_transfer
tr_2dbc8259b1,Please explain to me how to know where my funds are from.,verify_source_of_funds
tr_b87d865ecc,what cards and currencies are accepted?,supported_cards_and_currencies
tr_fa93b08829,If I order a card when does it arrive?,card_delivery_estimate
tr_5b997843b9,Could you explain why my card payment did not work?,declined_card_payment
tr_6eaa30eda6,I noticed that the exchange rate applied to a recent purchase I made abroad was incorrect.,card_payment_wrong_exchange_rate
tr_c0a6e7b8e0,Why can't the person I sent the money transfer to see it?,transfer_not_received_by_recipient
tr_56fb2f8d33,Why hasn't my card payment cleared yet?,pending_card_payment
tr_3aa50bfcdc,How low does the balance have to be before the system updates?,automatic_top_up
tr_3900e47e15,Do you know why my card payment has been declined?,declined_card_payment
tr_0fafe35cb8,Why wouldn't a transfer go through?,failed_transfer
tr_2a3adbed10,Can you tell me what is wrong ? I top-up with you all the time but this time it just shows my top-up as pending. What is happening?,pending_top_up
tr_546b7eb77d,How is the current exchange rate?,exchange_rate
tr_0353673b6c,Can I link my card I previously received?,card_linking
tr_e4961db36a,"I need to know this, where do my funds come from?",verify_source_of_funds
tr_cf3f53311f,Who is giving me my money?,verify_source_of_funds
tr_0f66f660a9,Please tell me how to change my pin.,change_pin
tr_d2ab4e275e,I bought some things in the morning but the payment shows as pending,pending_card_payment
tr_1e5b999777,Do you have support for flat currencies?,fiat_currency_support
tr_6ebbdd35f8,I was charged an extra fee for a card payment. I was unaware of these fees beforehand.,card_payment_fee_charged
tr_19e8da71ac,I am unable to access my app due to forgetting my passcode.,passcode_forgotten
tr_b12d99c37f,Why didn't my transfer get to the recipient?,transfer_not_received_by_recipient
tr_537a79506e,Why are there fees for using a card?,card_payment_fee_charged
tr_bac22b26ce,I need to know the if there is a limit on the amount for auto top-up.,automatic_top_up
tr_f425baaf8f,"Now that I have my card, how do I connect it to the app?",card_linking
tr_82d28fcca0,My identity can't be verified for some reason,unable_to_verify_identity
tr_0de8960b2e,Help me unblock my account.  I entered the PIN wrong too many times.,pin_blocked
tr_8f0275a0b2,Can you tell me why my transfer declined?,declined_transfer
tr_ed31ece1fb,Why is my withdrawl to cash still pending?,pending_cash_withdrawal
tr_a2915ee4d6,What are the policies of disposable cards?,disposable_card_limits
tr_11f6fe8271,An extra fee has been added to my card payment is this correct?,card_payment_fee_charged
tr_1d1bbfc92b,Why can't I see my top up?,topping_up_by_card
tr_75fd56a19d,I cannot get my virtual card to function.,virtual_card_not_working
tr_faf34d7460,Am I limited on the amount of disposable cards I can possess?,disposable_card_limits
tr_c10e1d1392,"Hi, I draw out some money from the ATM today. The ATM has given me wrong amount and the application is displaying more amount than i withdraw.",wrong_amount_of_cash_received
tr_3970b2a9bb,Where do I access the auto top-up function?,automatic_top_up
tr_25df1cd71d,What is the first step I need to make for being able to access my account?,why_verify_identity
tr_bdd1e5ef12,"How do I see what fees I am supposed to be charged on my account? I've noticed fees on some transactions, but not on others. This is very confusing and I cannot find a pattern to what I am being charged?",card_payment_fee_charged
tr_63f2c00256,How do I get a refund for something I bought?,request_refund
tr_a71587d75f,I used an ATM and there was an extra charge.,cash_withdrawal_charge
tr_0119886fad,I have a payment which has not been approved.,pending_card_payment
tr_8209b472d4,Card payment still pending.,pending_card_payment
tr_c719d958ef,I sent payment with EU transfer and they still haven't received it. How long does it take?,pending_transfer
tr_11f3a80d0f,I sent some money and the account hasn't recived the transfer I made.,transfer_not_received_by_recipient
tr_d53a3d472c,What do i do to get a physical card?,order_physical_card
tr_38bdb25c1b,"I think my pin has been compromised, what do I do?",change_pin
tr_5c742397c4,What is the reason for the fee charge on my transfer?,transfer_fee_charged
tr_a00757c50f,Can I choose between Mastercard and Visa?,visa_or_mastercard
tr_ac66365819,I'm not certain my top-up went through yet.,pending_top_up
tr_0a444a1872,How do I top-up while traveling?,automatic_top_up
tr_10f0960187,Where is an ATM?,atm_support
tr_913e023619,how do I ask for a physical card?,order_physical_card
tr_3177a904a9,Does the app allow for exchanges between currencies?,exchange_via_app
tr_9e9a90c295,I have zero dollars in my account. Can I submit additional funds via bank transfer?,transfer_into_account
tr_e820717a81,What areas are cards delivered to?,order_physical_card
tr_5619c5e286,Where should I look for my PIN number at?,get_physical_card
tr_6ceeedd1ff,"Hello.  I ran into a problem with a transfer this morning.  I was trying to send money to some friends but when I tried to send it, the transfer failed.  I don't know what is causing the transfer to be rejected.  Please let me know what is causing the problem.  Thanks.",failed_transfer
tr_bfbc0ffec0,How do i find my top-up card's verification code?,verify_top_up
tr_348a3d6948,Will there be a charge for exchanging foreign currency?,exchange_charge
tr_c4acb0271c,Is my card frozen?,card_not_working
tr_8e515b96b8,I don't know what a pending payment is.,pending_card_payment
tr_014312118f,How do I verify the top up?,verify_top_up
tr_269ef40d90,I forgot my PIN and now it is blocked.,pin_blocked
tr_60cbab85cd,"Someone has access to my card info.  I still have the card, but someone just withdrew cash.  How do I get this corrected/stopped?!",cash_withdrawal_not_recognised
tr_90c7f2896e,I don't think the charges made when I had currency exchanged are right.,card_payment_wrong_exchange_rate
tr_f3bd5b5079,you got the exchange rate wrong for my cash withdrawal,wrong_exchange_rate_for_cash_withdrawal
tr_aa18b05c4a,I just replaced my phone so do I have to make a new account?,lost_or_stolen_phone
tr_12a0243952,My card seems to not be working at all.,card_not_working
tr_da1977c17d,I checked my statement and am being charged one pound. Where did this charge come from?,extra_charge_on_statement
tr_4c8734edf1,Are there certain cards and currencies you support?,supported_cards_and_currencies
tr_0dfd9e2cd5,Why was my card charged when topping off my balance but it's not showing up in my wallet balance?,topping_up_by_card
tr_4ed7806414,Transaction showing up many times.,transaction_charged_twice
tr_e048a51601,I messed up and made a transaction using the wrong account.,cancel_transfer
tr_3a04d2197b,If I live outside of the UK am I still eligible for a card?,country_support
tr_ac54ee3366,"For SEPA transfers, what kind of charge will be applied?",top_up_by_bank_transfer_charge
tr_c95ac48a2e,I am concerned that I am being doubled charged for several items purchased in the past week.  Please review my statement and correct.,transaction_charged_twice
tr_c7160aba31,I believe my exchange rate is incorrect,wrong_exchange_rate_for_cash_withdrawal
tr_d036caf8c7,What do I do now that I can't use this card?,card_not_working
tr_548d931fa6,I want to revert a transaction I did this morning,cancel_transfer
tr_6af5a862c1,"for god sake, just delete my account i am sick of this",terminate_account
tr_98381a55d4,I notice there's a pending payment on my card.,pending_card_payment
tr_0a177ddc9e,"My new card just arrived, how can I activate it?",activate_my_card
tr_a1f557cca9,When will it be delivered to the US?,card_delivery_estimate
tr_4beee3aba8,How do I locate my PIN now that I have my card?,get_physical_card
tr_063886c853,I have a transaction showing multiple times.,transaction_charged_twice
tr_478fb22bcc,I am not able to purchase anything online! I have been using my card on multiple sites over a period of two weeks and none of the payments have gone through. Why is this happening?,reverted_card_payment?
tr_7b575bb490,What is the purpose of requiring my identification?,why_verify_identity
tr_de926ea002,What is the virtual card and how can i get one?,getting_virtual_card
tr_03339509a9,The cheque I sent to you to have deposited a couple days ago has not cleared in my account yet. What is the issue?,balance_not_updated_after_cheque_or_cash_deposit
tr_b6db90106d,Why can't I see a transfer to my account?,balance_not_updated_after_bank_transfer
tr_558692a5df,Everytime I try to prove my identity it won't let me.,unable_to_verify_identity
tr_c7aa9125f0,"My card has an issue, the payment has been deferred.",reverted_card_payment?
tr_00d7edb6dd,What are the steps to verify identity?,verify_my_identity
tr_c3c500d395,A fee that shouldn't be there is there after using my card!,card_payment_fee_charged
tr_3e04d81c71,atm ate my card,card_swallowed
tr_b5ad9798ee,"Hello, I have a pending transaction in my account due to an ATM machine that wasn't working. In any case if the transaction goes through, after how long can I get my money back?",pending_cash_withdrawal
tr_c5e1d2d0a0,Will I get charged on a foreign currencies exchange?,exchange_charge
tr_e056eddfdb,What is my money worth in other countries?,exchange_rate
tr_9acfc16559,"When I was traveling abroad, the exchange rate was applied wrong.",card_payment_wrong_exchange_rate
tr_8bd572b38e,Can I change my PIN at any ATM?,change_pin
tr_df22b117f7,There has been a red flag on my top up.,top_up_failed
tr_48fc286308,i need to top up by card.,topping_up_by_card
tr_9337740a39,What happened to the money that I deposited?,top_up_reverted
tr_85beef8dd6,Why is there an identity check?,why_verify_identity
tr_cc31acc147,Can apple pay handle top up exchanges?,apple_pay_or_google_pay
tr_416dedfe9f,Why on earth is the exchange rate so bad?   Can I get a rate closer to the actual interbank rate?,card_payment_wrong_exchange_rate
tr_a6ae80576d,Is there a way to get a virtual card?,getting_virtual_card
tr_b940e79a2c,"There are transactions that I did not make on my account, I think someone has my information.",compromised_card
tr_b9dcd2cfc4,My new landlord is a lier and is trying to rip me off by saying I've not paid my rent when I have paid my rent.  What is going on?  They say the money hasn't got to them but I see it going out of my account.  Can you check that the money went to the right place?,transfer_not_received_by_recipient
tr_fbccd6f50c,"Hi there, I came across a problem with my top up and my money is missing, was there a system error?",top_up_reverted
tr_1b9fc2dec9,Why was my transfer charged a fee?,transfer_fee_charged
tr_2fb7c2abad,I keep being asked to verify my identity. Is this normal?,why_verify_identity
tr_e64f6cd77a,At what places accept my card?,card_acceptance
tr_5bb4e9065d,Will I see fees from adding money with an international card?,top_up_by_card_charge
tr_a93e8f7052,I want a physical card,order_physical_card
tr_a3ae05d0e1,Can I transfer using SWIFT?,top_up_by_bank_transfer_charge
tr_e7b0bbfeff,What happens when I money transaction doesn't show up on the receiving side?,transfer_not_received_by_recipient
tr_bf7e9c0f04,Why are my transfers and purchases keep getting declined?,declined_transfer
tr_b9b076df62,I want a refund on this.,request_refund
tr_fde7a9e014,Do I have a $1 extra fee on the statement?,extra_charge_on_statement
tr_8e7a1758e7,Why is the purchase I made this morning still pending?,pending_card_payment
tr_e6e61c6e41,What do I do if I have exceeded all my PIN tries?,pin_blocked
tr_dbb53f4b26,"I didn't mean to do the transfer, is there any way to cancel it?",cancel_transfer
tr_ab801682d5,"I'm locked out of my account as I can't remember my code, what do I do now?",passcode_forgotten
tr_67f386ca24,"i am express delivering my card to the us, how long will that take",card_delivery_estimate
tr_f79e0031ad,i have yet to get my pin,get_physical_card
tr_36d579ff66,There is a strange card payment I don't recognise.,card_payment_not_recognised
tr_3b8a7eb269,I entered a wrong PIN too many times. How can I fix this?,pin_blocked
tr_a3361eb105,I have one other credit card from the US. Do you take it?,supported_cards_and_currencies
tr_edcd6c5fab,Why was I charged a fee? I thought shopping was free?,card_payment_fee_charged
tr_1332a5797a,Could you please tell me why my card payment didn't work?,declined_card_payment
tr_85fa32c292,I don't think the exchange rate was right.,wrong_exchange_rate_for_cash_withdrawal
tr_ae2d87fb53,How much is it to use my US debit or credit card to top up?,top_up_by_card_charge
tr_a210acd626,"Transfers can take up to one day to process before departing for the beneficiary accounts. Please confirm that you've entered your account details correctly. SEPA transfers can take up to two working days, while SWIFT transfers can take up to five working days.",pending_transfer
tr_05bd8ed108,What is the charge to make a transfer,top_up_by_bank_transfer_charge
tr_3226c57cb0,Why is my friend not getting a transaction arrival yet?,transfer_not_received_by_recipient
tr_daed230f7f,Do I get an actual card?,order_physical_card
tr_135a733016,Can you explain why my payment was charged a fee?,card_payment_fee_charged
tr_9e2f87ef64,Tell me how to top up my account using bank transfer.,transfer_into_account
tr_4f9010ff69,What are the fees associated with top up via transfer?,top_up_by_bank_transfer_charge
tr_d9a22b7905,there is money in my account that i didnt put there,cash_withdrawal_not_recognised
tr_1fe84cd96d,I'm interested in learning more about product refunds.,request_refund
tr_f11811ae04,How do you exchange currencies,exchange_via_app
tr_e993639cb1,What's the exchange fee?,exchange_charge
tr_1e9dc6bb38,How can I link the new card?,card_linking
tr_1ab4693cea,"I got less than what i asked for in the ATM, why?",wrong_amount_of_cash_received
tr_0828f770b9,You have declined my  payment.,declined_card_payment
tr_80a9ea8e12,Why would a merchant revert a card payment?,reverted_card_payment?
tr_cfb78e350e,Where do I go for a refund?,request_refund
tr_1d6acef4da,Do you have an age limit?,age_limit
tr_0bddc6901e,What is the handling fee for transfer?,top_up_by_bank_transfer_charge
tr_535d9d2241,what do i need to have with me to activate card,activate_my_card
tr_377f3f955c,My statement is showing an extra £1 charge and I am unsure why. Is there an explanation for this?,extra_charge_on_statement
tr_396664f343,This place has been too much work so I'd just like to close out my account & be done.,terminate_account
tr_e5416e9bda,"I paid my rent into the wrong account, could you please pay it into the right account, it needs to be done by tomorrow.",cancel_transfer
tr_a2fd425589,The correct amount of cash was not received.,wrong_amount_of_cash_received
tr_e1a397581e,I need to get some Euros for my holiday. Am I able to exchange some of my money?,exchange_via_app
tr_930d606074,Will you charge for a physical card?,order_physical_card
tr_572e2fe9d8,"extra fees on a cash withdrawal, not cool.",cash_withdrawal_charge
tr_cedeeb7042,I just lost my wallet and I think someone is using my card to withdraw my money. Can you please cancel or freeze my card?!!,cash_withdrawal_not_recognised
tr_004fb4cb7e,"Pending still shows on this transfer, why?",pending_transfer
tr_9606f8da9d,Is there a tracking number for the card?,card_arrival
tr_8060e26fad,I need a new card and I live in the United States.,country_support
tr_1203444050,What is my top-up limit?,top_up_limits
tr_2f79b6734d,"I live in America, but I would like a card.",country_support
tr_9a0b954da3,There is a strange payment on my card and I don't know what to do.,card_payment_not_recognised
tr_cd92222609,The currency exchange rate was wrong for a purchase I made.,card_payment_wrong_exchange_rate
tr_a5cbdef465,My card payment might have been reverted.,reverted_card_payment?
tr_60658a0272,I received a transfer in GBP how do I change it to a different currency?,receiving_money
tr_0957a5f77f,Please tell me how the exchange rate is determined. I was expecting more money for the transaction.,wrong_exchange_rate_for_cash_withdrawal
tr_76c1972888,When going to the ATM to take out some cash today my withdrawal was  declined.  I need to fix this problem as soon as possible. whats going on?,declined_cash_withdrawal
tr_24fba459ba,I need to verify my funds.,verify_source_of_funds
tr_9b86536b65,Too many times I entered the incorrect PIN.  How can I get my account unblocked?,pin_blocked
tr_4f5f6ed210,"Hello,  I am a college student who I recently attended my high school reunion at a local restaurant. I paid with my credit card and now my transaction history reflects a second charge of the seemingly same payment. What could be the reason for this?  Is there any way to have the fraudulent  payment credited back onto my card?",transaction_charged_twice
tr_426491794c,Is it on purpose that my payment has been returned to my account?,reverted_card_payment?
tr_6cd57ee153,"For the identity check, do I need any kind of documentation?",verify_my_identity
tr_64ee3d5d4a,"My money is gone. I had topped up recently and saw it was there and went through, but now it's disappeared, what is happening?",top_up_reverted
tr_b8e2c8d411,Is there a top-up limit that I have to stay under during a given period of time?,top_up_limits
tr_56ebfd7bcf,I am not sure but someone else might be using my card,compromised_card
tr_d5fea57438,Can I receive a refund for an item I purchased?,request_refund
tr_f2224ed2d6,Why is my top-up pending?,pending_top_up
tr_fe168f5105,Why is it saying I have a pending payment?,pending_card_payment
tr_6fac4cb954,How can I change my name in my profile?,edit_personal_details
tr_d2a4d52ba1,How do i activate my card,activate_my_card
tr_1a2d262389,I noticed that my card was charged more than once for one thing.,transaction_charged_twice
tr_9ca237b280,my cash withdrawal has not come out of my account yet.,pending_cash_withdrawal
tr_960bf5379b,What is the foreign exchange rate you will apply?,exchange_rate
tr_79c3080ee7,"If I add money with an international card, are there any fees?",top_up_by_card_charge
tr_eafeb55aef,Where do I find our how to get a physical card?,order_physical_card
tr_5e4fbfca2d,Can I transfer my paycheck to the account?,receiving_money
tr_035f79274a,What systems do you have in place for my security when using my card for everyday purchases?,get_disposable_virtual_card
tr_b59f5ffedf,Can you tell me why I was charged to withdraw cash?,cash_withdrawal_charge
tr_4deebda7ab,Why was a fee changed for my transfer?,transfer_fee_charged
tr_928d8c9d24,can i see money source?,verify_source_of_funds
tr_58488cb64b,I wanted to know what discounts were offered for current exchanges as it is something that occurs frequently.,exchange_charge
tr_680b1ae37b,What is the highest amount of top ups I'm allowed?,top_up_limits
tr_63dc53c16d,"I think something is wrong with your top up.  I've been waiting a little over an hour for this to go through, can you send it through for me?",pending_top_up
tr_5e3ee731cd,Do you ship your cards anywhere?,order_physical_card
tr_062e787613,Is there a longer processing time for international bank transfers?,balance_not_updated_after_bank_transfer
tr_8876602b3e,Can I verify my top-up card?,verify_top_up
tr_61e0a6e545,For what reason must I authenticate the top up?,verify_top_up
tr_5a6aa0ead9,Is there any age limit?,age_limit
tr_573b01e988,I got charged in double and want a refund,transaction_charged_twice
tr_6eb8dbbb4c,Where do I find the auto top up option?,automatic_top_up
tr_e97c0a5287,Can you please tell me why I was charged an extra fee on my transfer?,transfer_fee_charged
tr_ea676dd61a,How do I go about unlocking a pin?,pin_blocked
tr_c0f9fd669c,Is it possible for a transaction to be cancelled?,cancel_transfer
tr_ef2810c0c1,I don't want to use this method to identify myself.,why_verify_identity
tr_5dd470dd00,where are the transfers originating,verify_source_of_funds
tr_008743e8ac,Can I get my card fast tracked?,card_delivery_estimate
tr_3902250068,I did not set up a direct debit I have,direct_debit_payment_not_recognised
tr_3401380165,What should I do if my card is stolen?,lost_or_stolen_card
tr_9713ae1089,I made a transfer and they haven't received the money I sent them.,transfer_not_received_by_recipient
tr_204e3845e5,Can I request a refund,request_refund
tr_32b05202aa,Can I top-up any amount I wish on any given day?,top_up_limits
tr_7954bafcdc,"I locked myself out of my account, how do I unblock my PIN?",pin_blocked
tr_6eaf56060d,"I tried to get money out of the Notting Hill ATM earlier, but wasn't able to. Is my card working okay? It's the first time I tried using it.",declined_cash_withdrawal
tr_3c6fa60a0d,Why is my refund missing in my statement?,Refund_not_showing_up
tr_addbc43205,what is the most money i can top up?,top_up_limits
tr_684054e3dd,I look but I see no virtual card. Why is that?,getting_virtual_card
tr_4c4a57c246,"In my app, a direct debit payment I didn't do shows in my app",direct_debit_payment_not_recognised
tr_62d75d12d9,is it possible to cancel transactions?,cancel_transfer
tr_d58750d794,Can I use check to deposit?,top_up_by_cash_or_cheque
tr_73a70d580b,"I am wanting to refill my card, is there a charge?",top_up_by_card_charge
tr_2dc0a5c73a,You applied the wrong exchange rate while I was traveling outside the country.,wrong_exchange_rate_for_cash_withdrawal
tr_eda41875c7,My first choice would be Mastercard.,visa_or_mastercard
tr_4f3ff8d0da,When can I expect my new card to get here?,card_delivery_estimate
tr_95c2b2493b,I'm getting concerned here.  I sent a friend some money and she isn't seeing it.  What's going on?,transfer_not_received_by_recipient
tr_a242e053f6,My ATM withdrawal was declined.,declined_cash_withdrawal
tr_bf15d96352,I would like my money back for an item I purchased,request_refund
tr_41c6dedc61,I am yet to receive my pin.,get_physical_card
tr_404bbe42ec,My exchange rate is wrong when I get cash.,wrong_exchange_rate_for_cash_withdrawal
tr_f885c3fd73,"Can you point me in the right direction of where to go to roder a disposable virtual card, I can't seem to find it.",get_disposable_virtual_card
tr_0fb59b7ae8,I need assistance to activate the card on my account.,activate_my_card
tr_be318a9493,Why do I see extra charges for withdrawing my money?,cash_withdrawal_charge
tr_7397fbef2d,How long before I can see that my cash withdrawal has taken place?,pending_cash_withdrawal
tr_63d35bf26e,Can I have a refund for one of your products?,request_refund
tr_9e588759f2,How do I go about getting an actual card?,order_physical_card
tr_f452a63b13,How can I transfer money into my account?,transfer_into_account
tr_a93f9532dc,Please assist me with activation.,activate_my_card
tr_e226816c3b,How do you determine the exchange rate?,exchange_rate
tr_972cee80d7,Can I use this app to change money?,exchange_via_app
tr_e3d93738b2,"I tried again to top up my card after doing it a couple days ago when it had worked. Now, it doesn't seem to be working. Can you tell me what the deal is here please?",top_up_failed
tr_31a642f710,My refund is not showing.,Refund_not_showing_up
tr_7ac29ed537,Does transferring money have a fee?,transfer_fee_charged
tr_34807c7673,I have exceeded all my PIN tries,pin_blocked
tr_55ce6e3d37,Would it be possible for me to get a second card?,getting_spare_card
tr_4db3feefe2,Help me close my account.,terminate_account
tr_4fb8f0980c,Can I have a second card issued to another family member?,getting_spare_card
tr_4482173332,I can't find my PIN anywhere.,get_physical_card
tr_f296a20497,The card payment didn't work,reverted_card_payment?
tr_9fe92bfe38,What are the requirements to open an account for a minor?,age_limit
tr_6a229e93f5,"I was told to verify my identity, how do I do that?",verify_my_identity
tr_fac60d6e77,I live in Germany. Is that one of the countries you are in? What other countries are you in?,country_support
tr_143a726594,Why doesn't my Google pay top up work?,apple_pay_or_google_pay
tr_eb6d58d3fc,What is the minimum age limit?,age_limit
tr_c3ce85b202,Please tell me how to get a refund for something I bought.,request_refund
tr_26210ef674,"Something is wrong with the top up! I'm a regular customer and use your service all the time, usually this works but now it just shows up as pending",pending_top_up
tr_103d83149b,why didnt a transfer to my account process,beneficiary_not_allowed
tr_3c24099b97,I got double charged!,transaction_charged_twice
tr_cca147540b,"I got my American Express in Apple Pay, why is top up not working correctly?",apple_pay_or_google_pay
tr_9d10ed989d,Do you offer a discount for those who perform frequent currency exchanges?,exchange_charge
tr_50f4cbdfa6,What does it mean if it says my card payment has been cancelled?,reverted_card_payment?
tr_3e651f8b54,I entered in the wrong PIN.  Please help me unlock my account.,pin_blocked
tr_47f8b2897f,Why isn't my id verified?,unable_to_verify_identity
tr_812e025d1f,Why can I not transfer money into my account?,transfer_into_account
tr_8e0e361752,What do I do if I've been charged twice for the same transaction?,transaction_charged_twice
tr_cd568baa45,Why hasn't the transaction I did to my friend arrive yet?,transfer_not_received_by_recipient
tr_a1e35e06df,What are the steps for getting money from a friend?,receiving_money
tr_7ff0aca1d4,How do I go about verifying the top-up card?,verify_top_up
tr_e93cdc63c1,My pin isn't here yet,get_physical_card
tr_4acffca80e,Would it be possible to open up an account for children?,age_limit
tr_3caa2acd2e,"This is terrible, i want to delete my account",terminate_account
tr_7936c3fbcc,"I no longer need AUD, I need GBP instead, how can I make this happen?",exchange_via_app
tr_b82bbc03d3,I tried to get cash out of the ATM but it is taking too long,pending_cash_withdrawal
tr_e2ac2ffb14,I don't have a PIN at this point.,get_physical_card
tr_26e8061bc3,I'm worried that my card has been compromised because I see a payment that I didn't make.,card_payment_not_recognised
tr_323ed9d224,Is there an age limit to open an account,age_limit
tr_67eb54e298,Why have I all of a sudden been charged for my ATM withdrawal? I thought the withdrawals were free because this is the first time I've ever had this problem.,cash_withdrawal_charge
tr_e30d3e7aee,Can you unblock my pin because I put the wrong one too many times.,pin_blocked
tr_bf58ff3f1f,How to activate Google Pay for top up?,apple_pay_or_google_pay
tr_4bc3f88305,Why did I get less cash than what I asked in the ATM?,wrong_amount_of_cash_received
tr_618364e316,I would like to order a virtual card.,getting_virtual_card
tr_04e847df6f,It's been some time ago that I placed an order and it just isn't coming. At this point just give me back my money because I'm not paying them.,request_refund
tr_6718342a8c,should i add money via bank transfer instead,top_up_by_card_charge
tr_215c6abd99,Can I get information on the identity checks?,verify_my_identity
tr_7072e45c7f,"The activation process did not work, please help?",activate_my_card
tr_6daa4dc677,My card doesn't work. I can't get cash out at an ATM,declined_cash_withdrawal
tr_ae744cda64,Where is my missing cheque I deposited?,balance_not_updated_after_cheque_or_cash_deposit
tr_4eacfa9510,the exchange rate on my payment was wrong,card_payment_wrong_exchange_rate
tr_74cd4ff5e4,I'm interested in what your exchange rates are based on.,exchange_rate
tr_ca4b55706f,How do I fix a broken card?,card_not_working
tr_84186cee75,Can I use an auto top-up option?,automatic_top_up
tr_4901d6d5e0,What does top-up verification do?,verify_top_up
tr_5b0b79e272,I have a direct debit I didn't make,direct_debit_payment_not_recognised
tr_2737812906,What is the max I can top up?,top_up_limits
tr_faf5555733,Why does top-up need to be verified?,verify_top_up
tr_c9a5d84cb4,Why haven't I received my new card yet?,card_arrival
tr_1c887efa3e,I want to change my PIN - do I need to be in a bank?,change_pin
tr_72aa0d33d0,Is there a charge for topping up by card?,top_up_by_card_charge
tr_2b3d5a784d,I got money overseas and the exchange rate was wrong,wrong_exchange_rate_for_cash_withdrawal
tr_c5471fb474,Where should I withdraw money from?,atm_support
tr_20cc812fda,My card gets rejected when I try to use it,card_not_working
tr_297855c130,What currences are available for exchange?,exchange_via_app
tr_d15c2cb47c,Why was the exchange rate so wrong when I bought something!,card_payment_wrong_exchange_rate
tr_92ae7a644e,Why do you keep declining my transfers? it's always been working really well so far but when I tried to buy something just now the card got declined . I tried couple of times already  but same thing is happening .,declined_transfer
tr_70a2cb7f54,I've been waiting for a refund where is it?,Refund_not_showing_up
tr_3cc4114e7d,My transfer failed when I tried.,failed_transfer
tr_b5d2ac6eba,Is there a auto top-up option?,automatic_top_up
tr_5c74aa80b5,What happened to the transfer I did?,balance_not_updated_after_bank_transfer
tr_aa3791ac16,How many ATMs will take this card?,atm_support
tr_fa0c450df8,If I have a credit card with you how I get set up to link to it?,card_linking
tr_514261cf7b,I don't understand why I'm being charged for using my card.,card_payment_fee_charged
tr_2147140f5e,I need my card to be activated right now.,activate_my_card
tr_a23b317f74,"The day before yesterday, I performed a transfer within the country. It still has not completed. Can you check on that? The account number is definitely correct, as I've checked.",transfer_not_received_by_recipient
tr_b6c4b3d94f,What does a transfer cost?,top_up_by_bank_transfer_charge
tr_84d53cf1c5,Make me understand why I am charged an extra fee when I use the ATM.,cash_withdrawal_charge
tr_b8d526b5f9,"I've been to several different countries, can I exchange the cash with a discount for a large transaction?",exchange_charge
tr_d9e209a2eb,I did a transfer but it is still pending.,pending_transfer
tr_279be10a02,Something's wrong my card won't work.,card_not_working
tr_57f86ae1dc,Why am I being charged for transferring money?,transfer_fee_charged
tr_60069911dc,Is there a few for exchanging foreign currencies?,exchange_charge
tr_fe93ce6023,Is my account able to be topped up by my friends?,topping_up_by_card
tr_e6497b165b,"my phone was taken yesterday, what should I do about my account?",lost_or_stolen_phone
tr_31a794d956,What are all of the different steps for identity checks?,verify_my_identity
tr_963aa27561,When can I expect a transfer from Europe to go through?,transfer_timing
tr_ce438c5248,Where is the nearest Mastercard ATM?,atm_support
tr_0f5a0b644b,How does the exchange rate work?,exchange_rate
tr_fa09df10a3,How do I deposit cash?,top_up_by_cash_or_cheque
tr_193f4a220a,Am I able to do a SWIFT transfer?,top_up_by_bank_transfer_charge
tr_5c1af58c62,What do I do to verify a top-up?,verify_top_up
tr_37f5fc4397,Could you please put a freeze on my card?  There are some payments on it that I don't know where they came from.,card_payment_not_recognised
tr_93a7c3f9ce,My exchange rate was wrong for an Item I bought!,card_payment_wrong_exchange_rate
tr_c71adc4e7f,How do I verify the top-up?,verify_top_up
tr_868381a3bd,Where is the option to top up with a cheque?,top_up_by_cash_or_cheque
tr_bde2340e43,I would like to change the the PIN on my card.,change_pin
tr_6e5beef711,"I tried topping up using my card, but the money is gone?",topping_up_by_card
tr_59017e3cb6,There is a payment I don't recognise!,direct_debit_payment_not_recognised
tr_b4fe8ce44f,"I'm stuck here at your broken ATM and I don't know what to do next. Asked for 30 pounds, got 10. ATM said I got 30. Something very wrong here and I want my money now!",wrong_amount_of_cash_received
tr_32b702eb4a,What do you require for identification verification?,verify_my_identity
tr_ce2bf8ea31,I went to use my new card today and the card was repeatedly declined. I would really like to use this card and need to know what to do about it.,declined_card_payment
tr_e4d34f5b8e,What do I do if I can't get my card out of the ATM?,card_swallowed
tr_1fc7433306,"I bought a product a week ago, but may need to return it.",request_refund
tr_302196d8be,How do I use disposable cards?,get_disposable_virtual_card
tr_42078dcee2,My last ATM request did not go through due to a declined card. Please cancel the request on my account.,pending_cash_withdrawal
tr_fa1dfe93cd,"My card is expiring, how do I get a new one?",card_about_to_expire
tr_2c0a80fba7,There is a payment that i made that i noticed has not gone thru yet. Can i ask why?,pending_card_payment
tr_9ef17dd5a2,Please help me.  I am still waiting on a refund.,Refund_not_showing_up
tr_6e72159ccc,I'm getting an error when trying to make a payment. I want to purchase a flat but my mortgage payment needs to go through. Can you help me?,failed_transfer
tr_bb891bd834,The ATM ate my card; how do I get a new one?,card_swallowed
tr_9d7d314bf7,Why have I been charged a fee for cash withdrawal?,cash_withdrawal_charge
tr_50bf9e7727,I exchanged cash when traveling and the rate was incorrect.,wrong_exchange_rate_for_cash_withdrawal
tr_3dfbf762a8,How do I terminate my account.,terminate_account
tr_6a49ec4c16,how long does it take for a transfer from Europe to go through?,transfer_timing
tr_7ecdbe16c0,How limited is a virtual card?,disposable_card_limits
tr_bec7e8871b,An ATM machine didn't give me back my card.,card_swallowed
tr_5756888985,Are there topping up fees if I have to transfer?,top_up_by_bank_transfer_charge
tr_9e36a97be2,Am I able to change my PIN at certain cash machines?,change_pin
tr_136cb62d4f,I can't use my card because it is not working.,card_not_working
tr_6091e0f9b5,Why can't I take money from my account?,declined_cash_withdrawal
tr_0561f96930,How do I stop fraud to my account?,compromised_card
tr_b499438fdc,My card isn't here yet.,card_arrival
tr_b68c8579ca,"How much time do transfers take? I sent money to a friend who needs it fast. It's been hours, and the money has not gone through.",transfer_not_received_by_recipient
tr_48b7fb7cf0,Does it matter if I use Visa or Mastercard?,visa_or_mastercard
tr_c8d378194e,"Money was taken out without my consent,",cash_withdrawal_not_recognised
tr_7091dc4f1d,I lost my wallet and all my cards were in it.,lost_or_stolen_card
tr_a514885b84,I am paid by my employer in GBP; do I need to do anything in the app to indicate this?,receiving_money
tr_e865f854e9,Is there a limit to auto top?,automatic_top_up
tr_ebcea9edb1,"I could not get a top-up to work, why?",top_up_failed
tr_f06bf639ff,I had transferred some money but the balance hasn't changed.,balance_not_updated_after_bank_transfer
tr_69edd61f79,Why is this not letting me exchange crypto? I need help making this transaction go through.,beneficiary_not_allowed
tr_298d07147f,"Why does the ATM continually decline my card? I've tried multiple times on different machines with the same results. I thought I had enough funds for this, so please help me understand why this is happening.",declined_cash_withdrawal
tr_71544acab2,Can I use my apple watch to top-up?,apple_pay_or_google_pay
tr_06e4f97669,Please let me know what currency I can use to top up my account?,supported_cards_and_currencies
tr_0c4814606d,The currency exchange for my purchase in foreign currency is incorrect.,card_payment_wrong_exchange_rate
tr_ff9df626e4,How long does it take for a card to arrive?,card_delivery_estimate
tr_a71aafaf7d,I am still waiting for a money transfer to appear.,pending_transfer
tr_3f5f2ef733,How can I receive a virtual card?,getting_virtual_card
tr_d8a2571ae5,Transfer has failed.,failed_transfer
tr_cf982cecf0,When will my cheque process?,balance_not_updated_after_cheque_or_cash_deposit
tr_d3c9b156a7,I would like my refund for this item I bought.,request_refund
tr_d45c397b57,Do you know which businesses will accept my card?,card_acceptance
tr_360d204c8f,"It's been two weeks and I haven't gotten my card, what do I do?",card_arrival
tr_e7f1338b47,I'm confused ass to why my contactless is not working.,contactless_not_working
tr_54cf54060b,I've checked multiple times to make sure the account number listed is the right one after attempting to make a transfer within the country the day before yesterday. The transfer is still not available so can you please find out what is going on?,transfer_not_received_by_recipient
tr_08ff2b0f77,A transaction to a friend still hasn't shown up.,transfer_not_received_by_recipient
tr_2dc0516175,"I bought something in another currency, but the exchange rate was incorrect.",card_payment_wrong_exchange_rate
tr_95fe0c3d28,Can I directly deposit my salary to this account?,receiving_money
tr_ae1fdd5922,Account topping up bank transfers to my account assistance please?,transfer_into_account
tr_51491892d2,I have an emergency and lost my phone.  I need help accessing my account.,lost_or_stolen_phone
tr_98cb4743bd,I made a payment and it appears it is showing twice,transaction_charged_twice
tr_55220a1cd4,Where do I go to fill out the identity form?,verify_my_identity
tr_98f9b1e856,How do I know how much money I will have when I travel abroad?,exchange_rate
tr_dde3cbd37c,is the a reason why my transfer has failed?,failed_transfer
tr_d4a999d8c8,There is  a charge I don't recognize.,card_payment_not_recognised
tr_dffaeb5886,details need to be modified,edit_personal_details
tr_1ca9cf14f3,Why is my check still not showing up on my account? It's been a week already,balance_not_updated_after_cheque_or_cash_deposit
tr_1846c31161,Why have I been charged more than once for the same transaction?,transaction_charged_twice
tr_98ea99fc5e,I was refunded the money for something I bought already.,reverted_card_payment?
tr_0a2d62cece,i want to get my salary deposited as pesos?,receiving_money
tr_a5b0ce57e8,"No transactions are being accepted, what's wrong with my card?",card_not_working
tr_9f6c313f5a,Can I unblock my pin using the app?,pin_blocked
tr_6d9fe9e69f,I have a strange transaction on my account which appears to pertain to a cash withdrawal I made outside Nandos in Leeds.  What is that for?  Is it fraud?,cash_withdrawal_charge
tr_2b2dfe6c1d,I need to know what is going on. I'm attempting to purchase a flat and need the money to pay on my initial mortgage payment. I'm only getting an error. Can you find out what's going on and help in making the transfer?,failed_transfer
tr_2079bbdd21,What do I use to verify my identity?,verify_my_identity
tr_0df7a69dc3,Is my top up not working?,pending_top_up
tr_fb4d866640,Why hasn't my son received the transfer I sent to him earlier?,transfer_not_received_by_recipient
tr_5964535167,Why is the cash transaction still showing as not completed?,pending_cash_withdrawal
tr_9edee29550,I would like to know what the restrictions are for the disposable cards.,disposable_card_limits
tr_a122ab708d,How can you assist me on topping up on bank transfers to my account?,transfer_into_account
tr_4b3ca9b21b,Can you tell me why my card keeps getting declined every time I try to use it?,declined_card_payment
tr_b015910b5d,How much does it cost to make transfers?,top_up_by_bank_transfer_charge
tr_fd13e1ee6e,Can I open an account for my offspring?,age_limit
tr_93c027cde6,What is the process to activate a card,activate_my_card
tr_97e223434d,I'd like to transfer funds using my credit card.,topping_up_by_card
tr_1dde6809e0,"On my disposable card, is there a transaction limit?",disposable_card_limits
tr_9802385740,can I use it in any country?,country_support
tr_cbd4e3fc81,What kind of ATMs would this card be accepted at?,atm_support
tr_8c0d0038d3,How long does a transfer from the US take?,transfer_timing
tr_aa905867e2,My card data has been exposed.,compromised_card
tr_5824ac419a,Are there limits as to where my card will be accepted?,card_acceptance
tr_694963f44e,Can I choose the day it's delivered?,card_delivery_estimate
tr_87b4371f17,I transferred money to my account but it is not showing.,balance_not_updated_after_bank_transfer
tr_584d5e78f7,I took out money and there is a fee.  Why?,cash_withdrawal_charge
tr_6bf8bd97b9,Why isn't this accepting my identity?,unable_to_verify_identity
tr_d749f46487,where do i go to transfer money from one account to this one,transfer_into_account
tr_063f554006,Why am I not allowed to transfer money to my cryptocurrency exchange?,beneficiary_not_allowed
tr_dedef2145f,What's the expected wait time to recieve my new card?,card_arrival
tr_620348842f,I didn't make this payment!,card_payment_not_recognised
tr_008bf2db2e,How can I dispute a debit transaction?,direct_debit_payment_not_recognised
tr_0cbd10c38a,Why do I need to verify a top-up?,verify_top_up
tr_dc0c634e6d,There is a card payment I'm not familiar with.,card_payment_not_recognised
tr_3255a523ee,I accidentally made a payment to a wrong account. What should I do?,cancel_transfer
tr_0895a0ca7b,"My card has not been delivered yet and its been a week since I ordered it, please help",card_arrival
tr_2f36b12a32,Can I get a Visa or does it have to be something else.,visa_or_mastercard
tr_e20f144ec1,How can I update my personal information after moving?,edit_personal_details
tr_9a33c2660b,My credit card has been declined.,declined_card_payment
tr_b625ac89f1,I see I was charged $1 for a transaction.,extra_charge_on_statement
tr_a7484a4bd5,My account says I have money but I withdrew it in cash.,pending_cash_withdrawal
tr_9831aeb5a8,can you tell me why my card was declined?,declined_card_payment
tr_cc5eb5f598,"Do I have to top up in euros if I use a card, or can I use a different currency?",supported_cards_and_currencies
tr_b9c26e280f,There is a payment showing as pending and hasn't posted for a few days.  When will it post?,pending_card_payment
tr_c1c3701a0d,I need to transfer funds from my other bank account into this bank account.,transfer_into_account
tr_745afef525,Help my find the verification code on a top-up.,verify_top_up
tr_853799cfbb,Will there be a charge for topping up by account with a SEPA transfer?,top_up_by_bank_transfer_charge
tr_92535e3a15,My card payment didn't go through.,declined_card_payment
tr_b61e373c7d,How do I open an account for my children?,age_limit
tr_11389e0102,"So much time has gone by, the pending status shouldn't still be there shouldn't it?",pending_cash_withdrawal
tr_0fadada60b,Can my account be topped-up by friends of mine.,topping_up_by_card
tr_c3684fbc91,Why am I still waiting for my refund,Refund_not_showing_up
tr_72da3c5017,Purchases I did not make are appearing in my bank statement?,direct_debit_payment_not_recognised
tr_3ee8df3485,My physical card is not working,card_not_working
tr_5cd8e9b80d,What is the procedure for topping up with a cheque?,top_up_by_cash_or_cheque
tr_6652336403,There are fraudulent charges that I didn't make on my card. Can you please put in the safeguards necessary to stop this from happening anymore?,compromised_card
tr_082b7c0804,I made a terrible mistake when typing in my account number.  I accidently sent money to the wrong account.  I noticed the app won't allow me to void the transaction.  Can someone help me with this immediately?,cancel_transfer
tr_fb87271f9b,Do you send more than one card?,getting_spare_card
tr_89dffa5a10,I tried to withdraw cash at an ATM in the city center but my card was declined. The transaction is still showing up as pending - please cancel it!,pending_cash_withdrawal
tr_c2fdc91276,Did I not get my refund? I don't see it.,Refund_not_showing_up
tr_50743f54dd,i used a check check yesterday to balance my account and it isn't showing up?,balance_not_updated_after_cheque_or_cash_deposit
tr_ee93524364,I tried to buy something online yesterday and was told declined. I got the same error today after trying again. What is the problem?,declined_transfer
tr_fabd6089f2,"Help! I think someone has a copy of my card - I still have my card, but a five hundred pound cash withdrawal that I didn't authorize is shown on my account.",cash_withdrawal_not_recognised
tr_12119422b7,"My card will expire soon, When do I need to order a new one?",card_about_to_expire
tr_faa9601ded,"Hey, I have my card, how do I get it to show in the app?",card_linking
tr_3d8139564b,Where are cards available to order?,order_physical_card
tr_dad238841e,How would I use a disposable card?,get_disposable_virtual_card
tr_a4f6c03eb1,Can you send me a new card and block my current one. I'm in Spain and my wallet was stolen.,lost_or_stolen_card
tr_881d2a4b43,What is the reason I got rejected for using my disposable virtual card to pay a subscription to the gym?,virtual_card_not_working
tr_79e00a9688,I noticed on my online statement that an ATM withdrawal I made early is still pending.  Is this accurate?,pending_cash_withdrawal
tr_ceef2f4dc4,Will my friends be able to top up my account?,topping_up_by_card
tr_ef2fdeacd2,Is the PIN sent in another message?,get_physical_card
tr_2e3510293e,There is an unauthorized payment in my statement.,card_payment_not_recognised
tr_10d00897ce,"I only have one more US credit card, is it accepted?",supported_cards_and_currencies
tr_4628c91096,Why is my deposit still pending?,balance_not_updated_after_cheque_or_cash_deposit
tr_0d75802908,My card must have used my card as there are some transactions that I haven't done myself..,compromised_card
tr_8c198f5506,Do all businesses take this card?,card_acceptance
tr_3489fcc59e,How long until my new card gets here?,card_arrival
tr_003473a731,I topped up my card but the app rejected it.,top_up_failed
tr_a333a75886,There is  an extra 1£ charge on my app. Why did it charge me extra?,extra_charge_on_statement
tr_a01d454330,Was my card payment reverted?,reverted_card_payment?
tr_6ab1cb2fb6,I would like more physical cards,getting_spare_card
tr_8b9d9eeee0,I just got an error message saying my transfer is not possible? Why is that? I've transferred money before and it worked without problem,beneficiary_not_allowed
tr_040e5ef728,Is there a cash withdrawal fee? Because I just got charged?,cash_withdrawal_charge
tr_d3342aa5a6,Why isn't my deposit in my account?,balance_not_updated_after_cheque_or_cash_deposit
tr_f654910096,How do I top up my account with a bank transfer?,transfer_into_account
tr_467cf0d03e,How long does it take to get a refund on something I bought?,request_refund
tr_3a960beb32,I'm confused as to why my top-up did not go through.,top_up_failed
tr_793bd1a607,How do I track the card you sent me?,card_arrival
tr_de729e53f0,What is the extra fee on my statement?,extra_charge_on_statement
tr_477fa2d771,"I put cash in my account, but I don't see it.",balance_not_updated_after_cheque_or_cash_deposit
tr_14283c85a8,How can I add money to my account from another account I have?,transfer_into_account
tr_293f5f62d1,What is this extra fee that I got when I used my card to pay?,card_payment_fee_charged
tr_0df7659f58,A false direct debit payment is showing in my app,direct_debit_payment_not_recognised
tr_684eb08736,Do you have an auto-top function and how do I use it if so?,automatic_top_up
tr_7baefec4ff,I paid with my card and was charged extra,card_payment_fee_charged
tr_8e785fd176,"Since I got married, I need to change my name.",edit_personal_details
tr_a5821d77e2,"I think I was charged twice, please help!",transaction_charged_twice
tr_44767bcf37,I don't understand why I was charged an additional fee for this service. Can you clarify?,card_payment_fee_charged
tr_39a72e5c0a,My top-up was rejected,top_up_failed
tr_da88049630,"Looks like my card payment was duplicated after all. I went to pay at the store earlier, got declined once, second time it works. App still stays pending for one of the payments. Can you please remove one of them as it's wrong and clearly was declined?",transaction_charged_twice
tr_5705e6303a,Am I supposed to verify my identity?,why_verify_identity
tr_937d1d46e8,Why was my top up reverted?,top_up_reverted
tr_dc5e5ff077,Do i have to verify who I am?,why_verify_identity
tr_7dc47bd069,"i didnt make these transactions, i think my card details might be stolen",compromised_card
tr_11e07fd71d,I've been charged an extra £1 and I don't know why,extra_charge_on_statement
tr_8ce325ea0a,If my card becomes expired what can I do?,card_about_to_expire
tr_62ea5e5f0a,Do I have to change my PIN at a bank?,change_pin
tr_0f282c4131,I was not able to receive the correct amount of cash.,wrong_amount_of_cash_received
tr_d3b3518c5e,"When will I get a new card when I order it, and how much will it cost.",card_about_to_expire
tr_52ec778229,What can I do to make my physical card work?,card_not_working
tr_74b0b9865e,How many days does a regular transaction take to complete?  I see a pending payment that hasn't changed in the last several days.,pending_card_payment
tr_c015dfcdfb,"I tried to make a transfer, but it didn't work.",failed_transfer
tr_6234d1ffe7,How many disposable cards can I have at one time?,disposable_card_limits
tr_f2d64456d6,what are the exchange rates for getting cash,wrong_exchange_rate_for_cash_withdrawal
tr_cfa6c622a9,How long does it take for my payment to process?,pending_card_payment
tr_063f79f59b,I know I'm getting a new card but would like know when I can expect to receive it.,card_arrival
tr_0347316e94,"I deposited a check yesterday to up my account balance, but that deposit hasn't shown up yet.  It's been a day already!",balance_not_updated_after_cheque_or_cash_deposit
tr_cd1d834f41,What do I need to bring for identification?,unable_to_verify_identity
tr_b086c57dea,How does a disposable virtual card work?,get_disposable_virtual_card
tr_de89442741,"I made a deposit a couple of days back it's, as of yet, not gone in! It would be ideal if you assist me with this",balance_not_updated_after_cheque_or_cash_deposit
tr_879ad6c3bd,"My withdrawal is pending, why?",pending_cash_withdrawal
tr_9f668060c7,what is the amount of disposable cards I can have?,disposable_card_limits
tr_dfeb52bf88,What's up with verifying top-ups?,verify_top_up
tr_bf94ef578b,I entered the correct pin but I still couldnt get funds.,declined_cash_withdrawal
tr_78ee3bde6f,One of my card payments has reverted,reverted_card_payment?
tr_ff4e7e179e,I did a money transaction and the recipient doesn't see it,transfer_not_received_by_recipient
tr_c04228a25a,How long should I wait for the card to arrive?,card_delivery_estimate
tr_83ac7c1001,Every ATM I visit is rejecting my card and I don't know why. There should be money on it. Can you check it to see if something is wrong or if I'm doing something wrong?,declined_cash_withdrawal
tr_28b00aeea1,Would I be able to get a second card?,getting_spare_card
tr_a29b154448,I'm still awaiting for the completion of the transaction.,transfer_not_received_by_recipient
tr_a1fcfa5289,I am not seeing recent cash withdrawal on my account.,pending_cash_withdrawal
tr_e7f08f1ce5,Do you have info about the card on delivery?,card_arrival
tr_bbb9ac7ead,I want to close my account. The service you provide is unsatisfactory to me.,terminate_account
tr_fffb73752a,How can I put more money into my account?,top_up_by_cash_or_cheque
tr_d75b2546c2,How can I investigate a missing refund?,Refund_not_showing_up
tr_7dff271047,I recently transferred money to my account when will it show up?,balance_not_updated_after_bank_transfer
tr_89b2e72c78,I used my card to make a payment and wondered why the payment was reverted?,reverted_card_payment?
tr_7a96bf443f,Why am I being a charged for using my card?,card_payment_fee_charged
tr_8e776488db,Do I have to manually top up once I'm too low?,automatic_top_up
tr_17694b30ef,Where is the transfer to my account?,balance_not_updated_after_bank_transfer
tr_e0253f89e0,I would like a  physical card sent to me.,order_physical_card
tr_2313138d71,The amount of cash I received did not match the amount I requested,wrong_amount_of_cash_received
tr_7b42826346,"I enetered the wrong information, I need my account unblocked How do I do that?",pin_blocked
tr_aa2dbb0280,How can I deposit money to my account?,transfer_into_account
tr_c2fadc8813,I already have a card and want to link it,card_linking
tr_8eae44c94d,"I logged in wrong and am blocked, how do I log in?",pin_blocked
tr_1a6d3df952,How much can I top up on my card?,top_up_limits
tr_1ae2689bbb,The ATM did not give me as much cash as I requested.,wrong_amount_of_cash_received
tr_4dabaa290b,There has a recent suspicious withdrawal on my bank account. Is it possible to freeze my card?,cash_withdrawal_not_recognised
tr_89b0d5045f,"Would you be able to offer me a discount, since I need to exchange currencies frequently?",exchange_charge
tr_496993bc24,My credit card transaction was declined for a loan payment.  Can you tell me why?,top_up_failed
tr_c12ed8d1eb,Why is top up not working for my apple pay app,apple_pay_or_google_pay
tr_c7cebe84ee,When will my top-up go through?,pending_top_up
tr_165b4c7557,Where can I go to get my PIN unblocked?,pin_blocked
tr_8ba66eddbd,Did I do something incorrectly? Where is my top-up?,pending_top_up
tr_7d6f247e07,There is something wrong with my card. Tried to use it a few times today in different places and it just didn't work. The transactions I tried to make were really small so not sure what's going on,card_not_working
tr_5249c53b7b,How long will it take to transfer from europe?,transfer_timing
tr_e1218365c0,What documents do I need for the identity check?,verify_my_identity
tr_ef7874e7fd,Am I able to open an account for my children?,age_limit
tr_c2ddd65f2f,What are the exchange rates you assign?,exchange_rate
tr_98090e3f74,Can you tell me what I need for identity validation?,verify_my_identity
tr_86d2380d7c,Can I exchange USD and GBP from the app?,exchange_via_app
tr_74e69e4b69,How can my new card be renewed?,activate_my_card
tr_a128563d93,What would II do if I wanted to activate my new card,activate_my_card
tr_019eb3475a,Can I use a Visa or Mastercard?,visa_or_mastercard
tr_115b26e225,The rate applied to my purchase in a foreign currency was wrong.,card_payment_wrong_exchange_rate
tr_40a2d39739,I want a refund on a direct debit.,direct_debit_payment_not_recognised
tr_9058e4ae50,I made a cash withdrawal at an ATM but it still says pending in my account.,pending_cash_withdrawal
tr_108504648b,I added funds to my account but the app didn't process it.,top_up_failed
tr_810bebd711,I'm in the EU. Can I get one of your cards?,country_support
tr_7fc4709493,I'd like to make some changes to my personal information.,edit_personal_details
tr_690507301a,How do I get this damn virtual card to work?,virtual_card_not_working
tr_c086c3e52d,I want a reason as to why my beneficiary is not allowed?,beneficiary_not_allowed
tr_9838a2f263,What is the amount of time transfers usually take from the UK? I had just completed a transfer and nothing seems to be showing up so I need to be sure things are alright.,balance_not_updated_after_bank_transfer
tr_85aadf4e69,How do I know if my top up worked?,top_up_failed
tr_4792f4bfc6,Is there a specific source that the exchange rate for the transfer I'm planning on making is pulled from?,exchange_rate
tr_28da83ab1d,I need a single use card for shopping online,get_disposable_virtual_card
tr_c1ef52ca1a,Is it possible for a friend to personally send me a payment?,receiving_money
tr_41e088bebf,I think my card is lost.  What do I do?,lost_or_stolen_card
tr_62c297cd74,I need my card to be delivered fast,card_delivery_estimate
tr_64bdcb9d4d,"My refund has not arrived, and I am unsure why. Who do I contact?",Refund_not_showing_up
tr_8132a516c9,What can I do if I lost my card?,lost_or_stolen_card
tr_60550b469f,Is there any way for you to find my card?,lost_or_stolen_card
tr_adca04f934,The app reverted my top up,top_up_reverted
tr_2f5f9e62ea,Should I be seeing a fee applied for my money transfer?,transfer_fee_charged
tr_e767b1c208,How do I find out my source of funds?,verify_source_of_funds
tr_ccad7a399e,What works for identity verification?,verify_my_identity
tr_dd35b74c93,I NEED HELP WITH MY CARD!!!!! please. It keeps getting declined when I try to use it. I have tried a few times to use it and it keeps getting rejected. I have no idea why.,declined_card_payment
tr_6960f015cf,I attemped a transfer and it didn't go through.,failed_transfer
tr_c4d9072178,Is there a charge for sending out more cards?,getting_spare_card
tr_5654c1f129,there is a transfer pending.,pending_transfer
tr_b3cbad183f,I need assistance with transferring funds to another account.,transfer_into_account
tr_48f5d3c9b1,Will I get a Visa card or Mastercard?,visa_or_mastercard
tr_4eb688d371,What happens with the duplicate charge in my account?,transaction_charged_twice
tr_bc2b1282c6,Why do some of my payments have fees?  I don't understand.,card_payment_fee_charged
tr_adf07ca7f9,I was supposed to get a refund but it is not showing up on my card,Refund_not_showing_up
tr_d64df98529,"I have the cash already, my account still shows up as pending.  How can my account be still pending?",pending_cash_withdrawal
tr_81a312c4f7,Why did the ATM swallow my card?,card_swallowed
tr_3835875c76,"Hi, Yesterdays i was unable to do online shopping as it was getting declined. Today I am facing the same issue. Please help me in this respect.",declined_transfer
tr_21fb8e95a2,How do I use bank transfer to top up my account?,transfer_into_account
tr_df8dd6f5ec,"It has been a couple of hours but I do not see my balance updated, can you help?",balance_not_updated_after_bank_transfer
tr_07645ff6e3,"If I wanted to change my PIN, how would I do that?",change_pin
tr_222cabb15f,I got charged twice,transaction_charged_twice
tr_87c8887aa6,"I have done a transfer within the country the day before yesterday, but it's still not there yet. Can you please check what's going on with that, the account number definitely is the right one, I've checked that already.",transfer_not_received_by_recipient
tr_99fe845510,May I change my PIN?,change_pin
tr_cb4a554be7,Will I be able to get both a visa and a mastercard?,visa_or_mastercard
tr_edbc369026,How long do European transfers take?,transfer_timing
tr_6c16b35c7a,I want to do a swift transfer,top_up_by_bank_transfer_charge
tr_6b31119781,What is the daily limit on my card?,top_up_limits
tr_6cf14fc645,Why was there a transfer fee on my account?,transfer_fee_charged
tr_7cd99e7077,I need a new card before it expires.,card_about_to_expire
tr_0452c508a1,How do I delete my account? I am dissatisfied with the service.,terminate_account
tr_c2fddf45b3,I have a duplicate payment on my account,transaction_charged_twice
tr_03bdc2d7bd,Why did my top up get pulled back out?,top_up_reverted
tr_987b06a3c0,I added money to the card but the transaction didn't go through,pending_top_up
tr_04f84dead0,Would you be so kind as to activate my card? Thanks,activate_my_card
tr_34d66669a9,The app says that I got cash in an ATM and I didn't,cash_withdrawal_not_recognised
tr_a2f38ae911,How do I start an exchange between GBP and AUD?,exchange_via_app
tr_b1e27e6581,I recently bought something in foreign currency and I am unsure of the exchange rate. Is this rate applied correctly?,card_payment_wrong_exchange_rate
tr_ea347fea05,How is an exchange rate calculated?,exchange_rate
tr_ef91f243da,Why did my cash deposit not show up?,balance_not_updated_after_cheque_or_cash_deposit
tr_2fa2f03660,"I thought I can make transfers for free, this is not fair. I bought something online from abroad and there was some weird additional fee that I've never seen before?",transfer_fee_charged
tr_8791057f03,what currencies can i use to add money to my account,supported_cards_and_currencies
tr_e5b36b74aa,My rate of exchange was wrong.,card_payment_wrong_exchange_rate
tr_bde80555db,How many days until my US transfer arrives?,transfer_timing
tr_07e5726a83,There are two of the same charges on my account.,transaction_charged_twice
tr_03fb7069c3,what documentation do I need for the identity check?,verify_my_identity
tr_ad38ac2002,What is the estimated date for delivery to US?,card_delivery_estimate
tr_5cb468129d,My transfer to a beneficiary did not go through.  Why?,beneficiary_not_allowed
tr_de4cfcb729,What is the price for an additional card?,getting_spare_card
tr_09112dcfde,"Everything seems fine with my account, so why did it decline my payment?",declined_card_payment
tr_c82b9c2afd,what is the matter?,direct_debit_payment_not_recognised
tr_e6219d40d8,Why was my exchange rate a different amount than usual?,card_payment_wrong_exchange_rate
tr_79b94ad4d9,I bought an item and the exchange rate was wrong.,card_payment_wrong_exchange_rate
tr_df29bb9e96,what is the fee for topping up by card?,top_up_by_card_charge
tr_f2670040a4,Fees for currency exchange,exchange_charge
tr_d43430bd60,How can I get cash back? The ATM just gave me the wrong amount that I've been actually charged though...,wrong_amount_of_cash_received
tr_ed0c5c4e51,I think my card payment was cancelled. What happened?,reverted_card_payment?
tr_9efc74ab70,My card is about to expire.  How do I order another?,card_about_to_expire
tr_a59788d41f,card is being used by someone else,compromised_card
tr_fd1973e902,Tell me how I can verify a card top-up.,verify_top_up
tr_527c843d78,Why is my card payment still pending? It should have gone through already.,pending_card_payment
tr_d9462afdf8,What is this extra pound charge for?,extra_charge_on_statement
tr_a5f0dbf458,"It's been over a month and i still haven't received my goods! I ordered a pencil for crying out loud, it's not that hard to deliver that! I'm done with these people, give me a refund immediately! I'll search for my Japanese exclusive pencil elsewhere!",request_refund
tr_74bd959468,My balance doesn't show my deposit.,balance_not_updated_after_cheque_or_cash_deposit
tr_5b5a832bdd,What's the procedure with currency exchange?,exchange_via_app
tr_8b7adc7e8f,What was the $1 charge for on my statement?,extra_charge_on_statement
tr_eaacf583de,I want to set up an auto top-up,automatic_top_up
tr_d92e45a456,I no longer want to keep this account.,terminate_account
tr_4d1fb9d36e,How many days to deliver to a US customer?,card_delivery_estimate
tr_85d8184bcc,"My ATM transaction shorted me on cash, and I think the exchange rate was wrong. Did I receive the correct rate?",wrong_exchange_rate_for_cash_withdrawal
tr_1b6f986b78,Why is there are there two of the same transaction?,transaction_charged_twice
tr_5d1486ff98,I tried to used my card in a shop and the transaction was declined.,declined_card_payment
tr_185a3bf012,What are the top up charges for all US cards?,top_up_by_card_charge
tr_809cb1cf02,What are the steps for my friend to send me money?,receiving_money
tr_fca2b3954a,"Someone stole my phone, what is my next step?",lost_or_stolen_phone
tr_ddbe34ad54,my virtual card has not came yet!,getting_virtual_card
tr_cebe30342e,There is a payment done with my card which i definitely did not do.Never seen that name before.,card_payment_not_recognised
tr_29f11f24c0,I got less cash at the ATM than I asked for. Why?,wrong_amount_of_cash_received
tr_beec92d0ca,Is there an auto top up feature?,automatic_top_up
tr_1be229a306,My account isn't showing the refund,Refund_not_showing_up
tr_b117b2e882,There is a payment showing that I know I didn't make. I didn't use my card that day and I'm sure of it. Can you please cancel that transaction and return my money? Thankyou,direct_debit_payment_not_recognised
tr_c6d5133f98,"my card was refused, why?",declined_card_payment
tr_25b116249e,I don't recognize what this payment on my statement would be for.,card_payment_not_recognised
tr_b4fa962186,"I seem to have been charged to much for my holiday purchases, the exchange rate is wrong.",card_payment_wrong_exchange_rate
tr_20849ba216,What are the steps to reset my passcode?,passcode_forgotten
tr_e963121ad1,Why won't the machine accept my card anymore?,card_not_working
tr_4554aa5594,I need to close my account as soon as possible.,terminate_account
tr_374692e9b2,is there a way i can see source of money?,verify_source_of_funds
tr_fa70dbd31d,And do you have virtual cards instead of physical ones?,getting_virtual_card
tr_751756202d,There is a withdrawal waiting.,pending_cash_withdrawal
tr_65b85afcbf,"Hello, I noticed there is a payment from my card to a business that I am not familiar with. I definitely did not make this payment.",card_payment_not_recognised
tr_4971cb44ee,"I was wondering why my payment hasn't gone through yet, its been a while.",pending_card_payment
tr_abfc4edf54,Help! I just realised someone has apparently withdrawn money using my card! It's from some odd remote town where I definitely haven't been. Please freeze it immediately!,cash_withdrawal_not_recognised
tr_a52fa2fce7,still need to get card pin,get_physical_card
tr_047a307785,I tried to top up but the app rejected it.,top_up_failed
tr_d4d05a59a1,Why is my cash withdrawal still pending?,pending_cash_withdrawal
tr_774ba0dfb1,I made a payment and it was reverted and wanted to know why?,reverted_card_payment?
tr_113f3b95a5,I want to close my account now.,terminate_account
tr_fa74774c88,This debit is not my transcation. How do I get my money out back?,direct_debit_payment_not_recognised
tr_49a03c5c06,My top up is incomplete.,pending_top_up
tr_6dbc521050,I see a direct debit payment on my statement that wasn't me,direct_debit_payment_not_recognised
tr_7a826c0df1,My top-up didn't work.,top_up_failed
tr_53dcc561a7,"I was wondering, Can I get my pay in another currency?",receiving_money
tr_7037ce3f6f,What do I have to do to get the contactless to work?,contactless_not_working
tr_9939e11786,Why are my payments not working and show pending?,pending_card_payment
tr_3a64ab77db,How long does it take for my id to verify?,unable_to_verify_identity
tr_844edeec91,"I was charged a fee when withdrawing cash, can you explain why?",cash_withdrawal_charge
tr_5beb32d374,How can I reset my passcode?,passcode_forgotten
tr_23ed08588e,I didn't initiate a direct debit that I see on my account,direct_debit_payment_not_recognised
tr_b1862e3f08,"If I lost my phone, what steps do I need to take to stop someone from using my account?",lost_or_stolen_phone
tr_8e9b795acc,Do you take SWIFT transfers?,top_up_by_bank_transfer_charge
tr_8e13f706e5,My card doesn't seem to work anymore,card_not_working
tr_558343d2c2,My top is still pending.,pending_top_up
tr_eb66580595,Is there a strict timeline regarding disputing transactions made on my account? I just noticed a fraudulent charge on a statement from a couple months ago.,direct_debit_payment_not_recognised
tr_b2f1afe770,How much does it cost for additional cards?,getting_spare_card
tr_229a2afbbf,I cannot see a refund in my account,Refund_not_showing_up
tr_be0b1982a1,I need a Visa card,visa_or_mastercard
tr_af634a9bf2,"I deposited cash this morning, but it's not showing up in my account. Can you tell me where's my money?",balance_not_updated_after_cheque_or_cash_deposit
tr_f10b75a10d,There's a card payment I didn't make,card_payment_not_recognised
tr_451af4aa3a,"My card payment has been declined, why?",declined_card_payment
tr_e7d1f4c2c4,I need to reset my passcode. Where do I go to do that?,passcode_forgotten
tr_9e5e6d4564,When will my top up go through?,pending_top_up
tr_a47833eb8e,"I tried using a check to update my balance, but it isn't work? Is something wrong?",balance_not_updated_after_cheque_or_cash_deposit
tr_e969166003,Can you tell me what I need to do for the identity check process?,verify_my_identity
tr_c5c9972aaf,There is a payment showing on my app that I didn't do. Will you please cancel this payment and refund my money ?,direct_debit_payment_not_recognised
tr_556a29b826,Why hasn't my return cleared my account?,Refund_not_showing_up
tr_4aa06f90e0,Why is allowance not being given to my beneficiary?,beneficiary_not_allowed
tr_eb59d4407d,Why hasn't my top up gone through?,pending_top_up
tr_534664d23f,There is more than one charge on my account for a transaction.,transaction_charged_twice
tr_5e82304b46,What is the cause of the delay in applying my card payment to my account?,pending_card_payment
tr_5c266da458,How do I get Top Up to work in Apple Pay?,apple_pay_or_google_pay
tr_fc57effd49,"I noticed a fee, while banking abroad, that seems different than any I have been charged before. What does this fee mean?",transfer_fee_charged
tr_e43861b7b1,Money is not in recipients account.,transfer_not_received_by_recipient
tr_aaf1e33844,What can I use to verify my identity?,verify_my_identity
tr_b99ddcae29,What currencies can I use to top up my account?,transfer_into_account
tr_037976b9d5,I was getting cash and the card got stuck inside,card_swallowed
tr_9acfb8821c,What's the phone number to freeze a card?,lost_or_stolen_card
tr_b152e3aa36,How would I use a bank transfer for topping my account?,transfer_into_account
tr_e499bdbe7c,Can I use a transfer to receive my transfer?,receiving_money
tr_5306b70be8,Are there any disposable virtual cards?,get_disposable_virtual_card
tr_695f19f7ac,i noticed that the funds were returned to my bank account. What happened?,top_up_reverted
tr_5eb667ffca,How is my money transferred to the account,transfer_into_account
tr_3bc59420c0,I see a direct debit that I didn't authorize,direct_debit_payment_not_recognised
tr_c5cbb2b5c6,How long should it take for my top-up to finish? I've been waiting a while.,pending_top_up
tr_8871ae000c,Can you tell me why a cheque deposit isn't showing in my balance?,balance_not_updated_after_cheque_or_cash_deposit
tr_6f07dd45f7,My card is missing.  Please help.,lost_or_stolen_card
tr_0df4076f59,"I just tried to top-up and now I'm getting an additional verification message, why?",verify_top_up
tr_c043205dfc,Will I get extra charges?,transfer_fee_charged
tr_9bbb5225ea,Is there a charge for exchanging foreign currency?,exchange_charge
tr_5508cea07a,"I would like to top up my account with a bank transfer, is that allowed?",transfer_into_account
tr_009c7fb651,I was overcharged one extra pound!,extra_charge_on_statement
tr_595505f2e2,After purchasing an item I noticed the exchange rate was incorrect.,card_payment_wrong_exchange_rate
tr_f63c727de1,Can you unblock my account?  I entered the PIN wrong.,pin_blocked
tr_803a9ef38c,I made a transfer from France a couple days ago and don't see the transaction yet. How long does an international transfer take?,balance_not_updated_after_bank_transfer
tr_3042c4c8d3,How can I check if I have received a refund if it is not yet on my statement?,Refund_not_showing_up
tr_5046b254fa,Can I add funds directly from my Apple Watch?,apple_pay_or_google_pay
tr_da2a04e1ea,What are the charges for topping up US card?,top_up_by_card_charge
tr_52d8993a16,I accidentally exceeded my PIN tries.  Please advise.,pin_blocked
tr_585af32297,My card didn't go through.  It doesn't make sense.  You told me that everything was ok.,declined_card_payment
tr_1d98c6b085,How much am I allowed to top-up?,top_up_limits
tr_1ce2c67f0e,"There has been an unusual withdrawal from my account, can you help?",cash_withdrawal_not_recognised
tr_8239492e22,I am seeing in the App a some cash withdrawal that I did not do,cash_withdrawal_not_recognised
tr_5eef6351c0,There should be a cash withdrawal that I haven't seen yet.,pending_cash_withdrawal
tr_84ffc4dc2e,Is it possible for me to set up separate accounts for my kids?,age_limit
tr_f5d7593424,Is it possible to get a refund for the item?,request_refund
tr_27445ceb1d,Is there a limit on how much I can top up?,top_up_limits
tr_06412f6127,How much is it to send out additional cards?,getting_spare_card
tr_68755cce0a,When will my deposit from this morning show up?,balance_not_updated_after_cheque_or_cash_deposit
tr_45d4d937ce,my statement contains an unknown payment,card_payment_not_recognised
tr_7cc9d6c6cd,How do I use American express to top up my account?,supported_cards_and_currencies
tr_ad65f9a4b3,Why do I need to verify my account?,why_verify_identity
tr_ba14459e70,"I just moved overseas and I noticed that you are charging me more fees.  I am a loyal customer, is this how you expect to keep customers?",transfer_fee_charged
tr_af9e4f598b,I'm on vacation in Europe but I desperately need to change my PIN. Can I do this from abroad?,change_pin
tr_b8407ba64b,Do you charge extra for duplicate cards?,getting_spare_card
tr_2520ebb567,I want to cancel my purchase,request_refund
tr_6e6b0130bf,Where's my card PIN?,get_physical_card
tr_59bdddd2d8,"My card has been stolen. I reported it with the police, but I need to report it with you as well.",lost_or_stolen_card
tr_b06ad0c19f,Why isn't my balance reflecting a transfer I did?,balance_not_updated_after_bank_transfer
tr_5b64b2df62,Why did I get charged a fee for transferring money?,transfer_fee_charged
tr_df0a9dcd84,"I was abroad and needed some cash, but I think the wrong exchange rate was applied to the transaction.",wrong_exchange_rate_for_cash_withdrawal
tr_6c67dd081d,I have have multiple charges for one transaction.,transaction_charged_twice
tr_6afcdc8895,"I have tried to submit a transfer a couple of times now, and for some reason, it continues to be unsuccessful. Do you know why this may be?",beneficiary_not_allowed
tr_9abce456ab,I entered my pin wrong  too many times.,pin_blocked
tr_ffe29a7330,My card payment had the wrong exchange rate,card_payment_wrong_exchange_rate
tr_292718e20b,"your company is awful, i would like to delete my account please",terminate_account
tr_2d27cfcf10,I make payments for my place abroad using this account and since i use it so frequently I was wondering why did the fees increase suddenly rather than decreasing? I would think customers like me should receive incentives for using your service,transfer_fee_charged
tr_ae6f0d2027,The App shows a fraudulent payment made on my account.,card_payment_not_recognised
tr_ad3174b8e4,I just sent money but the person I sent it to doesn't see it. What happened?,transfer_not_received_by_recipient
tr_a0e651f8c1,Where do I activate my card?,activate_my_card
tr_a1b5ba6786,Why would you decline my card?,declined_card_payment
tr_05901f8e3a,"I want to reset my passcode, how can I do that?",passcode_forgotten
tr_631f3da4ee,Can you explain the various transaction times shown on my statement?,transaction_charged_twice
tr_cfd5fc1634,What form of payments can I use for topping up?,top_up_by_cash_or_cheque
tr_dcc331414f,Can I get more cards just incase?,getting_spare_card
tr_dcd46468de,what are the reasons why you would not be able to process a payment,beneficiary_not_allowed
tr_d5f239d706,How long does it take for a top up to be approved?,pending_top_up
tr_06ce803b1e,Is it possible to access my phone from the hotel/,lost_or_stolen_phone
tr_6297a15cbf,is apple pay a top up service?,apple_pay_or_google_pay
tr_8248d7e912,Does a US transfer take long,transfer_timing
tr_866c4851fe,My money transfer has not yet occurred,pending_transfer
tr_da5bd47749,What other currencies are available to change to?,exchange_via_app
tr_4af517b6a9,What if I don't want to disclose all of my identity details?,why_verify_identity
tr_279e78bee2,Will a cheque suffice?,top_up_by_cash_or_cheque
tr_fd30aedd5d,Where did my top-up go? I can't find it in my wallet,topping_up_by_card
tr_24d062953b,What is the system for determining the exchange rate?,exchange_rate
tr_e90a7d12f7,I want a refund on the things i bought,request_refund
tr_be00649e08,How much does each transfer cost?,top_up_by_bank_transfer_charge
tr_86954c05ad,I got a message that my transfer is not possible.  What is happening?  I need this to go through please.,beneficiary_not_allowed
tr_c3879aff59,My address needs to be changed.,edit_personal_details
tr_2e8477a5c5,Can I add money to my account with cash?,top_up_by_cash_or_cheque
tr_2f45fb1756,The app says my transfer failed,failed_transfer
tr_079c54a771,why did i get declined transfer,declined_transfer
tr_887d62c84c,I want to use a payment card to top up my account. How can I do this?,supported_cards_and_currencies
tr_664adc6728,Do you have a children account available?,age_limit
tr_ed7f3771d4,Why has my card payment not yet been applied to my account?,pending_card_payment
tr_c550e12de9,Can I have my card activated?,activate_my_card
tr_f9c179788d,when will my transfer arrive,transfer_not_received_by_recipient
tr_3c38d83ca2,I got charged twice for the same payment. Please removed the pending payment. Thank you.,transaction_charged_twice
tr_00856244d5,How long until my card will get here?,card_delivery_estimate
tr_75360cfddf,Where is my top-up verification code?,verify_top_up
tr_29003d655c,Is it possible to link a new card?,card_linking
tr_3da2f98db1,How do I find my PIN number?,get_physical_card
tr_85e15a2fd5,"my card payment has been declined, do you know why?",declined_card_payment
tr_58b4fe2954,When can I expect my transfer to reach my account?,transfer_timing
tr_f10a057c46,"Hello I made a bank account transfer from the UK. The transfer was a couple hours ago, nothing has shown up yet.  Can you check to see if everything okay. Please.",balance_not_updated_after_bank_transfer
tr_adf86acc7a,How can I track my card's delivery?,card_arrival
tr_ff91851e71,How many countries do you work in?,country_support
tr_0d0902e1af,What do I do if I detect fraudulent use on my car?,compromised_card
tr_979e3a371e,Can my teenager have an account?,age_limit
tr_40d28d8682,Why did the funds not transfer to another recipient?,transfer_not_received_by_recipient
tr_a755409e93,"I've been waiting for something that i've ordered for months now and it still hasn't arrived. I genuinely don't know what this company is doing, but put plainly, i've had enough. Please issue a refund immediately, i would not like to waste anymore of my time on these people.",request_refund
tr_2e5c527829,How long does it take to activate my card?,activate_my_card
tr_3941121f83,Why do I need top-up to be verified?,verify_top_up
tr_16a2f29554,Why was my transaction charged an extra fee when paying with my card?,card_payment_fee_charged
tr_9565387475,Where can I verify my identity?,verify_my_identity
tr_1ede8f3676,Why is my payment declined? It looked like everything worked ok and my account was fine.,declined_card_payment
tr_c6faf12fb5,do you offer refunds? i would like to return purchase.,request_refund
tr_b8bdfea498,Can friends transfer money to each other?,receiving_money
tr_e8deb9851a,How can I activate the new card i got?,activate_my_card
tr_5cbf8bcbb4,A transaction posted twice to my account.,transaction_charged_twice
tr_b7f31eb732,How long do transfers take to show up in my account?,balance_not_updated_after_bank_transfer
tr_2c176ba13d,I wish to be able to top up with cash.,top_up_by_cash_or_cheque
tr_4495b9d20b,How do I know where my money comes from?,verify_source_of_funds
tr_8f216c1719,do i need to add money before i order a card,order_physical_card
tr_8b3c538626,Do you have an age requirement when opening an account with your service?,age_limit
tr_adee0f6d88,"I was under the impression that you offer crypto top up; however,  it doesn't appear to be working. The money has now disappeared from my account so I need to know what the deal is?",top_up_reverted
tr_41efda2ca8,How can I move money from my account at a different bank to the account I have at this bank.,transfer_into_account
tr_1f97d181e2,"If I need an additional card, is there a fee for that?",getting_spare_card
tr_431be4824f,Why do my transfers keep failing?,failed_transfer
tr_6423b70871,How many top-ups can I use?,top_up_limits
tr_3c1354b9a7,Transfers are supposed to be free.  I just got a fee tacked on  to something I bought abroad.  Not cool.  Figure out how to remove it.,transfer_fee_charged
tr_3388dcf9bd,I made a check and cash deposit that wasn't credited to my account.,balance_not_updated_after_cheque_or_cash_deposit
tr_fda5608071,What do you do with all the identity information you're collecting from me?,why_verify_identity
tr_573b3d00e8,Would you give me a mastercard and visa?,visa_or_mastercard
tr_d355e79a6b,Is there a fee for transferring money,transfer_fee_charged
tr_72e82fffba,Contactless payments need to be enabled for my card.,contactless_not_working
tr_733105811a,My card is about to expire.  Where do I get a new one.,card_about_to_expire
tr_4bb01ed850,Why is there an extra fee on a transfer?,transfer_fee_charged
tr_b15032a89d,"It looks like someone besides me ordered something with my card, what should I do?",compromised_card
tr_95358c4a38,My contactless stopped working today no matter where I try to use it. How do I get it to start working again?,contactless_not_working
tr_1e0ea0e71f,Can I choose my card scheme?,visa_or_mastercard
tr_f096ac6e19,Are SWIFT transfers supported?,top_up_by_bank_transfer_charge
tr_2c37fff61d,The ATM didn't give me what I asked for but my balance says it did,wrong_amount_of_cash_received
tr_082381840f,I can not find my refund.,Refund_not_showing_up
tr_f3bd097e3c,I did not receive the correct amount of cash.,wrong_amount_of_cash_received
tr_e8a4e8a7ad,Salary in GBP has been received. Does it need to be configured into another place?,receiving_money
tr_ac69ecd6c8,Why did the ATM give me less money than what I requested?,wrong_amount_of_cash_received
tr_78220154d1,How long will my transfer stay pending?,pending_transfer
tr_ec98916d62,"I'm not in the UK, but can I still get a card?",country_support
tr_1a1dba1661,"How long do EU transfers take? I bought something online a couple of days ago , sent the money immediately online but the seller says it is still not there yet.",pending_transfer
tr_81b7fa19bb,"Can I get money in my home currency at some ATM? I'm on holiday and am a bit concerned because I don't have any cash with me, it is possible to withdraw here already without any additional cost?",wrong_exchange_rate_for_cash_withdrawal
tr_0911dd53ad,Are all European currencies available for holding and exchange?,fiat_currency_support
tr_6d7b495c41,Where Is the top up verification code found?,verify_top_up
tr_ddaa650c71,How can I check for an unsupported merchant for my transfer request?,declined_transfer
tr_5b496ad857,where to i get my funds from?,verify_source_of_funds
tr_f759bb1f47,"i need help, i lost my card",lost_or_stolen_card
tr_40436bc6f8,My money disappeared! Please help??,top_up_reverted
tr_31f1b7c79d,I have cash deposit to my account but it is experiencing a problem,balance_not_updated_after_cheque_or_cash_deposit
tr_6b400ac9f3,Can I choose my Visa or Mastercard?,visa_or_mastercard
tr_64e9d2a39e,"I need to figure out what these charges are on my account. They've been coming out for a couple of days. Can i get all of this money back? Also, I need to freeze my card.",card_payment_not_recognised
tr_8c12d435fb,what are limits to top up,top_up_limits
tr_3e4e4d7b36,Can you tell me about these disposable virtual cards?,get_disposable_virtual_card
tr_0d48251e75,I need to know what these extra charges are on my statement?,extra_charge_on_statement
tr_9e36f92f25,"I want to do a bank transfer to this bank, from an account at another bank.",transfer_into_account
tr_ea2afa1555,"I attempted to top up using my card, but now the money just disappeared?",topping_up_by_card
tr_0d75f74c28,I have an unknown direct debit payment on my account,direct_debit_payment_not_recognised
tr_6b7f87b6bd,I transferred money but the balance did not update.,balance_not_updated_after_bank_transfer
tr_5a26edff73,How many cards can I have?,getting_spare_card
tr_29b79d9e4a,Why can I not take out cash?,declined_cash_withdrawal
tr_b5b9cf02ce,It does not appear that my message went through.,top_up_failed
tr_b092ef7b38,What is your refund policy for products I have purchased?,request_refund
tr_b64193b8d1,what is this charge i didnt do it what can i do,direct_debit_payment_not_recognised
tr_22d3e4060d,Can you tell me where to find top up by cash deposit?,top_up_by_cash_or_cheque
tr_b7863123c0,What countries are getting support?,country_support
tr_13d2323df3,What is the timeframe for a transfer in Europe?,transfer_timing
tr_39b28e926a,"Instead of GBP, how do I exchange for AUD?",exchange_via_app
tr_baa6fc16cf,My address details have changed and I want to update them,edit_personal_details
tr_e671a86192,pending transaction?,pending_card_payment
tr_e09ed669aa,How do I exchange currencies using the app?,exchange_via_app
tr_2fc52157cc,"Please double check my card - withdrawal was working fine so far, but this morning on the way to work it suddenly got declined!",declined_cash_withdrawal
tr_9efb5b26cf,How long will I have to wait for my new card?,card_delivery_estimate
tr_c464224190,How much is the charge for a foreign currency exchange?,exchange_charge
tr_fb5712205f,I dont have identification,unable_to_verify_identity
tr_e3245ac4a2,Is there a limit for top ups?,top_up_limits
tr_e2ca3bc4fd,Where do we mail the card?,order_physical_card
tr_0b706e1699,I need to have an item refunded.,request_refund
tr_74b6d6778e,"I recently deposited some money into my account, but it still isn't showing up. What's going on?",balance_not_updated_after_cheque_or_cash_deposit
tr_e00c3b382e,"If I were to use a European bank card for a top up, will I incur a charge?",top_up_by_card_charge
tr_59e7f30eff,I will be traveling and want money to be added automatically in certain intervals. Is this possible?,automatic_top_up
tr_186f380c0a,I just had a wedding and I want to take my spouses name.,edit_personal_details
tr_5a1f0072f3,I havn't received my PIN yet.,get_physical_card
tr_1e2d7f2636,Is there a way to see my money's source?,verify_source_of_funds
tr_5b467ffb69,I've been trying to make a transfer and it hasn't gone through. Now I am receiving an error message.  What is the problem?,beneficiary_not_allowed
tr_2fb7017e23,I did not make a direct debit payment as listed on my app,direct_debit_payment_not_recognised
tr_8653faa4a0,"I wanted to transfer money to another account, but now I don't have to so I'd like to cancel said transfer. How can I do that?",cancel_transfer
tr_dc9f6e865f,"Using Google Pay, can I top up?",apple_pay_or_google_pay
tr_af32231b75,"top up google pay, is it possible?",apple_pay_or_google_pay
tr_cf0f5d0848,Do you have to be 18 to make an account?,age_limit
tr_a6dc3b0a97,"Cash withdrawal has been pending, why is it so?",pending_cash_withdrawal
tr_b536d7b42c,Is there anywhere I can't use my card?,card_acceptance
tr_304e67ac9e,How do you determine your exchange rates?,exchange_rate
tr_61b2578e50,How can I request cash back? The ATM just gave me the wrong amount that I've been charged though...,wrong_amount_of_cash_received
tr_4d89424a52,Please explain why my payment was declined? I thought everything was good.,declined_card_payment
tr_ba21612d75,What is the time period for money to be transferred?,transfer_timing
tr_a340960a6e,What's the card you sent me's tracking number?,card_arrival
tr_78c32b67c7,What should I do once my card expires?,card_about_to_expire
tr_db0d4c9ba8,Do you know how to change my card PIN?,change_pin
tr_2ad5ba4408,I tried entering my passcode and it isn't working. Can you help?,passcode_forgotten
tr_4877413c9d,How can I get a Visa and Mastercard?,visa_or_mastercard
tr_2bc37c629b,What steps do I have to go through in order to activate my new card?,activate_my_card
tr_823c792fa0,There was a limited amount of money available at the time of my transaction.,wrong_amount_of_cash_received
tr_327e729263,Can you convert to EUR?,fiat_currency_support
tr_d7a90f69e3,How can I close my account?,terminate_account
tr_983563693e,Please help me cancel a transaction.,cancel_transfer
tr_ff94418a13,How do I replace a card that's going to expire?,card_about_to_expire
tr_4e8f294109,I don't understand why there is an extra €1 fee in my statement.,extra_charge_on_statement
tr_03e1bf727a,What would I be charged in receiving a SEPA transfer?,top_up_by_bank_transfer_charge
tr_043daf9764,What kind of fee is there to top-up my account?,top_up_by_bank_transfer_charge
tr_e079b362ac,"In my app, a direct debit payment that I didn't do shows up.",direct_debit_payment_not_recognised
tr_8c215b4d50,"The transaction for the cash I pulled out of the ATM earlier is pending in the app, but how if I already have the cash?",pending_cash_withdrawal
tr_0867842179,I didn't receive my money earlier and it says the transaction is still in progress. Can you fix it?,pending_cash_withdrawal
tr_5d21e29d16,Hold old do my kids have to be to use the service?,age_limit
tr_5f51d67faf,I think my card is broke?,card_not_working
tr_ac187da8c9,I wasn't able to use my card today when I went out for lunch. Wondering why that is?,card_not_working
tr_01fd52a556,How long do bank transfers take to clear,balance_not_updated_after_bank_transfer
tr_7e198d9d3e,There are strange transactions on my account.  What should I do if I think someone stole my details?,compromised_card
tr_3bfdb3ac97,How many transactions can I do with my disposable card?,disposable_card_limits
tr_ed8bcef803,Can my account have different types of currency in it.,fiat_currency_support
tr_f825438082,There is a weird payment in my statement.,card_payment_not_recognised
tr_11d1a01ff8,"Hi, i found a large amount payment in my old statements which i am sure was not made by me. I am aware that the time has passed but is there a way to raise a dispute for this payment now?",direct_debit_payment_not_recognised
tr_dd1a1c6041,Is there a way to order a new card while in China?,card_about_to_expire
tr_0353a88410,Unsure how to provide my identity.,unable_to_verify_identity
tr_c9a1d72dd8,"I reside in the US, but I want a card.",country_support
tr_94b3065217,Can you tell me exactly what fees I will expect to see in regards to your cards?,order_physical_card
tr_0e622c5176,There is a direct debit transaction that I did not authorize,direct_debit_payment_not_recognised
tr_2bcc70beaf,What is the maximum I can top up?,top_up_limits
tr_59afb2724a,"I tried using my card, but it doesn't work.",card_not_working
tr_488f857dde,"My card will expire next month, will I need to order a new one?",card_about_to_expire
tr_91fbc28672,How long do you have to wait to see your virtual card your ordered?,getting_virtual_card
tr_4ac1c98d55,Tell me why my transfer is declined.,declined_transfer
tr_96146f9418,The card payment I made didn't work.,declined_card_payment
tr_b0314abceb,How do i authenticate a top-up card?,verify_top_up
tr_fae5d7d7c1,How long should I wait for top up go go through ?,pending_top_up
tr_d42e304a6f,Can I order a new card with the app?,card_about_to_expire
tr_e215e28d1f,My card activation attempt failed.,activate_my_card
tr_fe6c6dee59,I want to get a virtual card!,getting_virtual_card
tr_f6e1713d32,How can I look at where my available cash is coming from?,verify_source_of_funds
tr_ed28112f33,"I received a fee for obtaining cash, is this correct?",cash_withdrawal_charge
tr_da8cc0b650,"How can I get my money back on an order. I haven't gotten the item yet, so I want to cancel the order. How?",request_refund
tr_e7b6222330,Do you have any fees if I want to add money using an international card.,top_up_by_card_charge
tr_cf24f46047,My top up hasn't gone through,pending_top_up
tr_c9c895cf1f,I saw a fee on my app from one of my payments and I wasn't sure where it came from. Is there a way you can tell me when there's an additional fee for my payments?,card_payment_fee_charged
tr_0cbccd2502,when will I get my refund?,Refund_not_showing_up
tr_eb219a7fe1,Why won't my transfer go through?,failed_transfer
tr_8f0ea28ebb,My card payment wasn't declined,declined_card_payment
tr_e03b877d74,Will I be able to track the card that was sent to me?,card_arrival
tr_58f3bae7a8,How long will my transaction take?,transfer_not_received_by_recipient
tr_21bf47cb86,I did a money transaction and dont have a receipt,transfer_not_received_by_recipient
tr_86c2a3b0b6,What's wrong with my card? The clerk at the grocery store said it was declined.,card_not_working
tr_212facb91e,There is a payment that I made that hasn't gone through yet.,pending_card_payment
tr_c35fc96ccc,how much to get my card in 2 days?,card_delivery_estimate
tr_3e2528ccfe,When will my card come? I need it as soon as possible!,card_delivery_estimate
tr_c398f1cc84,Why did my top-up get reverted?,top_up_reverted
tr_87bf9ea934,Can we skip verifying?,why_verify_identity
tr_b580b39919,I want to have an item refunded can I do that?,request_refund
tr_d00c37d608,What fiat currencies do you support?,fiat_currency_support
tr_e13d1a11c6,How long does it take to prove my identity?,unable_to_verify_identity
tr_0f845d92fa,There is unexpected money in my account.,cash_withdrawal_not_recognised
tr_eb1b57df6f,What should I do after I've moved and need to update my personal details?,edit_personal_details
tr_58d4bc05e4,I think my top-up has failed.,top_up_failed
tr_103060fe94,Physical cards are what I need more of,getting_spare_card
tr_25f2ec809e,Please list what fiat currencies are supported for both holding and exchanging.,fiat_currency_support
tr_4c9c9b8935,"Please help, the atm swallowed my card, what do I do?",card_swallowed
tr_79ccce5124,I sent money and the recipient has not received their money after two weeks.,transfer_not_received_by_recipient
tr_94e993682a,I would like to change my adress,edit_personal_details
tr_ebf04b49c3,Why is there an unknown card payment?,card_payment_not_recognised
tr_3adefc04d0,My phone has been stolen.,lost_or_stolen_phone
tr_3b768d27ae,What happens if my card expires?,card_about_to_expire
tr_c6d7bdfd05,My card isn't letting me purchase something and I wanted to know why.,beneficiary_not_allowed
tr_cbc5cd1971,The ATM didnt let me get cash,declined_cash_withdrawal
tr_7eb25e64d4,"what is going on, i have entered my passcode and its not working",passcode_forgotten
tr_3a14f4c5e1,I believe that a card payment I made was cancelled.,reverted_card_payment?
tr_444bf6344b,My friend says he hasn't received my transaction,transfer_not_received_by_recipient
tr_e4ccbe050b,Help!  The app has an ATM withdrawl that I didn't make.,cash_withdrawal_not_recognised
tr_405d45f004,Why was I charged $1 in a transaction?,extra_charge_on_statement
tr_1c6ba18f88,"In my statement, there was an extra €1 fee",extra_charge_on_statement
tr_cb48475edb,"I see in the app some cash was withdrawn, but it's not mine.",cash_withdrawal_not_recognised
tr_d6d5a9feeb,Is there a reason my new card hasn't arrived yet?,card_arrival
tr_b112f4708c,Is there extra fees for making a withdraw in a different country at a cash machine.,wrong_exchange_rate_for_cash_withdrawal
tr_1eedd1071d,Will there be a charge for sending out more cards?,getting_spare_card
tr_f57a8871d9,There is a record of payment I never submitted on the app.,card_payment_not_recognised
tr_d21f8463eb,Can I have a friend send money directly to me?,receiving_money
tr_f84b3ad111,"Help, your app is showing a larger WD than I actually did earlier at an ATM.",wrong_amount_of_cash_received
tr_1b9fd4b30c,i need to know about exchange rates,exchange_rate
tr_92e0d4a7cd,I'm still waiting for my card.,card_arrival
tr_027d8cfd7f,"I was out today looking forward to paying with my new card, but the payment just kept getting declined. This is really sad, what's going on?",declined_card_payment
tr_d25baa7355,Why am I unable to withdraw money even though in the past I've done it just fine?,declined_cash_withdrawal
tr_244e8c86f7,How can I link my bank to my top up account?,transfer_into_account
tr_5d54fc82a4,what cards can i use to add money to my account,supported_cards_and_currencies
tr_904a685d25,How do I prove I am who I am?,verify_my_identity
tr_be8165abab,"My salary is in GBP, is this something I need to configure?",receiving_money
tr_ca28b0c817,It's been a week since you issued me a card and I still didn't get it. Should I keep waiting?,card_arrival
tr_9ef5bda322,How do I get my card into the app?,card_linking
tr_b743684d34,"Why won't you take my transfer, I keep getting an error message.",beneficiary_not_allowed
tr_af8182e8e0,Is the exchange rate current?,exchange_rate
tr_32fc693478,"The ATM at Metro bank on High St. Kensington didn't return my card, and the bank is now closed. How do I get back a card swallowed by an ATM?",card_swallowed
tr_ab7d8fc7a0,I was charged an incorrect exchange rate for a withdrawal.,wrong_exchange_rate_for_cash_withdrawal
tr_29a9d91b1c,I need to make multiple disposable cards in a day.,disposable_card_limits
tr_8fb3a48d92,How can people transfer money to me?,receiving_money
tr_3875bfb6d2,Can I edit my personal details?,edit_personal_details
tr_a041d6e207,Are SWIFT Transfers available at this bank?,top_up_by_bank_transfer_charge
tr_b01cd190ef,I need a transaction reversed from my account.,transaction_charged_twice
tr_bf9b469bb9,How do I know when my card will expire?,card_about_to_expire
tr_c100173426,I got cash abroad and need to check the exchange rate,wrong_exchange_rate_for_cash_withdrawal
tr_1f77c28312,Why is the exchange rate so high? This should have been a much higher amount of cash for that to apply.,wrong_exchange_rate_for_cash_withdrawal
tr_4ab93a95a6,Can i get payed through this system?,receiving_money
tr_e59a8f0332,I took out some cash from the ATM but it is still showing the transaction is pending.,pending_cash_withdrawal
tr_e0c1b17e47,"For a week now, I have tried to use my card and it is still not working.",card_not_working
tr_b78ed05a55,how to get new card after atm eats it,card_swallowed
tr_3d4fd9e01a,Where do I go to edit my personal details on my account?,edit_personal_details
tr_3637b5e2e4,What is the maximum times I can auto top-up?,automatic_top_up
tr_bfc1956500,Why won't my top up go through?,top_up_reverted
tr_2d74a9d3e6,"The past few times I've been to the ATM, I was charged a withdrawal fee. Have your policies changed regarding fees?",cash_withdrawal_charge
tr_8e862c2451,Why was I charged for withdrawing cash?,cash_withdrawal_charge
tr_6b6f030318,Is there a discount for multiple currency exchanges?,exchange_charge
tr_33b2881869,How do I top up my account using transfer?,transfer_into_account
tr_cd3f340c97,What does it mean when a cash withdrawal is pending?,pending_cash_withdrawal
tr_cf4ccc9d39,Change my pin?,change_pin
tr_1409cf983a,"Hi. About two hours ago I made a transfer from my bank which is in the UK, but I don't see it yet! Would you check what's going on with it, please?",balance_not_updated_after_bank_transfer
tr_1e651bfa7e,When will my top-up happen?,pending_top_up
tr_1331805651,Why wouldn't my contactless work for the metro?,contactless_not_working
tr_0efb5792a1,How do I input a new address?,edit_personal_details
tr_6268e5f049,"In the app, I see a withdrawal I didn't make.",cash_withdrawal_not_recognised
tr_e089636023,Where do I find my card PIN?,get_physical_card
tr_7e73c7f763,Can I possibly change my currency to another?,exchange_via_app
tr_003d972ca0,I need you to delete my account right now.,terminate_account
tr_8e006ef9de,Cash has been deposited this morning but it hasn't came through.,balance_not_updated_after_cheque_or_cash_deposit
tr_06c44a5811,I should not have been charged a fee for my transfer.,transfer_fee_charged
tr_99edc6dea8,I have been charged an extra fee when buying from your store. Why is this?,card_payment_fee_charged
tr_f19c1a256b,I could not get the top-up to go through,top_up_failed
tr_066ae9549e,My payment has not been accepted.,reverted_card_payment?
tr_72785464c2,"There's an extra fee on my statement, why is that?",extra_charge_on_statement
tr_42d0d61462,I need to change my personal details in my account.,edit_personal_details
tr_df659baaa4,I need my PIN unlocked.,pin_blocked
tr_c85769f431,What is the time frame that it usually takes for a transfer to come through? I have a friend needing it immediately but it has yet to come through.,transfer_not_received_by_recipient
tr_02c877ce44,"For you, how long do transfers normally take from a UK account? I completed one just now but nothing appears. I just need to be sure everything is okay.",balance_not_updated_after_bank_transfer
tr_f47510eec9,Are there any places that won't take my card?,card_acceptance
tr_65fddbd38e,How do I find out what countries you service and what countries you do not?,country_support
tr_e11bb77ba3,What is my identification used for?,why_verify_identity
tr_4cde46da83,I have lost my phone or it has been stolen.,lost_or_stolen_phone
tr_c2b23be57b,I just got married and need to change my name on the account,edit_personal_details
tr_f2b644186d,My withdrawals were going smooth until I got declined today. What is going on?,declined_cash_withdrawal
tr_52bec2b233,"My transfer is still pending, why?",pending_transfer
tr_df65104c2b,Does Apple Watch support the topping-off of my account?,apple_pay_or_google_pay
tr_251b033b7e,How do I add my card to the app once I get it?,card_linking
tr_9425e9d048,What are you exchange rates?,exchange_rate
tr_c54e0ebc37,How do I go about ordering a card?,order_physical_card
tr_f33da7541c,"I made a bank transfer from my UK account today, but it's not showing.  Can you check status?",balance_not_updated_after_bank_transfer
tr_b32adc441b,There's a payment with my card that I definitely didn't create. I don't know anyone by that name.,card_payment_not_recognised
tr_22629390b6,Can I have a supplementary card?,getting_spare_card
tr_d6189ebe44,How do I use my card to top up?,topping_up_by_card
tr_093821e06f,DO I have to be 18 to open an account?,age_limit
tr_93a75ba719,How long does it take to show a deposit I made to my balance?,balance_not_updated_after_cheque_or_cash_deposit
tr_c3e336f20a,Can you check if my money has reached my account since it is not showing up yet?,balance_not_updated_after_bank_transfer
tr_978be89dea,"
At which ATMs can I use this card?",atm_support
tr_a63ae5d9b9,What is necessary for the identity verification?,verify_my_identity
tr_922b10ce43,Is this app capable of exchanging currencies?,exchange_via_app
tr_eab6d72d66,I have no more money in my account.  Is there a way to do a bank transfer to put money into my account?,transfer_into_account
tr_84857cb29b,The exchange rate for my withdrawal was wrong.,wrong_exchange_rate_for_cash_withdrawal
tr_bfdc1787b5,How do I know what exchange rate I will get?,exchange_rate
tr_24c4293ca4,There is a direct debit fee in the App that I didn't do.,direct_debit_payment_not_recognised
tr_61f69e14a5,How can I change USD to GBP?,exchange_via_app
tr_5227e154f7,The balance does not appear to have updated.,balance_not_updated_after_bank_transfer
tr_3456429630,A transfer to my account was denied.,beneficiary_not_allowed
tr_da2dd3e526,Help.  My card is broken.,card_not_working
tr_c0a83594ef,How can I change the currency I'm exchanging from AUD to GBP?,exchange_via_app
tr_f231648737,What types of foreign money can be used with this service.?,fiat_currency_support
tr_2e3762a7ee,My top up did not go through yet.,pending_top_up
tr_2b0cb96f7e,If I am running low on credit can I auto top up?,automatic_top_up
tr_2a4c7bfeed,Am I gonna be charged for sending out more cards?,getting_spare_card
tr_ae2881b272,What flat currencies do you use for holding and exchanges.,fiat_currency_support
tr_42a34813d8,"I need to activate my card, how is that done?",activate_my_card
tr_3077f97317,The app shows a withdrawal that I did not make or authorize.,cash_withdrawal_not_recognised
tr_9baa169422,What should I do if I have used all of my PIN tries?,pin_blocked
tr_7e6dd1a03c,The refund isn't appearing in my account,Refund_not_showing_up
tr_8f30a63a1d,"Hello, I am a new customer, and just tried topping up for the first time. According to your information, the transaction should be instant - why does it still show as pending?",pending_top_up
tr_cc37f3f8d6,Which countries do you currently support?,country_support
tr_1130152585,The exchange rate for my cash withdrawal was incorrect,wrong_exchange_rate_for_cash_withdrawal
tr_24676e489b,I was wondering why my card was declined,declined_card_payment
tr_3060e332dc,Why is it required to verify my identity?,why_verify_identity
tr_d2660845dd,where did my funds come from?,verify_source_of_funds
tr_6b1d7c8b4a,A cash withdrawal that I didn't authorize is shown on my account - can you please cancel my card as soon as possible?,cash_withdrawal_not_recognised
tr_b643f5cd0f,"My top-up hasn't gone through, what happened?",top_up_failed
tr_cd88b53a9c,Why are my transfers getting declined?,declined_transfer
tr_5a8d1e120e,"Hi, I have an apple watch. How do I use it to top up my card?",apple_pay_or_google_pay
tr_490e15e23a,How can I order my card?,order_physical_card
tr_72408d45e2,What should I do if my card doesn't work?,card_not_working
tr_ce0a0b5cec,I need a new card.,getting_spare_card
tr_eb55048e95,I need to order a new card.,order_physical_card
tr_30a2ac2dec,What should I do when my card reaches its expiry date?,card_about_to_expire
tr_af6e32f6e1,Why is there a fee for getting cash?,cash_withdrawal_charge
tr_197ea1e5f3,How come there is an extra fee on my statement?,extra_charge_on_statement
tr_0cf39fb282,Tell me how to setup a new PIN.,change_pin
tr_97497de865,What is the dollar that I have pending on my statement there?,extra_charge_on_statement
tr_db905e85ac,What will I need to configure if my salary is in GBP?,receiving_money
tr_78ebdcd562,During the last month I used this account to make payments for my place abroad. I noticed the fees have increased and I wonder why. Shouldn't frequent users have less fees as incentive to keep using instead of increasing them out of nowhere?,transfer_fee_charged
tr_999d1a48b2,Which countries does your service work in?,country_support
tr_1b9e4c50c8,My top-up funds aren't available yet.,pending_top_up
tr_fed36a0859,maximum how many days get the courier?,card_arrival
tr_8d28650b15,When can I expect the transfer to be complete?,transfer_timing
tr_84fe01fbd6,What is the best way to get my virtual card?,getting_virtual_card
tr_269e9c97f8,Why hasn't my account updated to reflect my current balance?,balance_not_updated_after_bank_transfer
tr_1df0591e09,Why are there additional fees for transfers?,transfer_fee_charged
tr_e6b1e07470,I have a withdrawal waiting to go through.,pending_cash_withdrawal
tr_0dbbf398bb,I couldn't pay with card in a shop,declined_card_payment
tr_8a3d915206,"I tried to buy something and it was declined and my transfers keep getting declined, Why?",declined_transfer
tr_ea9f3b91ba,I need more money in my account. Can I add more by transferring?,transfer_into_account
tr_bdf887204f,"I sent a payment, but the person I sent it to says they don't have it",transfer_not_received_by_recipient
tr_8ce265a332,The refund on my account hasn't shown up,Refund_not_showing_up
tr_f840f04ee9,When should I expect my card to arrive?,card_delivery_estimate
tr_f90c38d835,Will the transfer show up in my account soon?,transfer_timing
tr_4aa45b438f,can i get a physical card online,order_physical_card
tr_b46bdf4c7d,I tried my PIN too many times and now my card won't work!,pin_blocked
tr_65144cc9c3,I'm trying to activate the auto-top up function. Where is it?,automatic_top_up
tr_3023646150,"I'm waiting on a top-up, its still pending",pending_top_up
tr_85a615711d,How much does it cost to top up a US-issued card?,top_up_by_card_charge
tr_b62db2da2d,How can correct Top up with the app to work correctly?,top_up_failed
tr_0ab7fe5416,I want to inactivate my account.,terminate_account
tr_1d5b200707,Why are the things I bought earlier today still showing as pending?,pending_card_payment
tr_3d1c3e0cdb,The app declined my top up. What did I do wrong?,top_up_reverted
tr_90afd1ff16,"On my transfer there was a ""decline"" message",declined_transfer
tr_2bd1754123,how can i track card you sent,card_arrival
tr_10d0deeefc,Is it possible to exchange USD and GBP on the app?,exchange_via_app
tr_5cd81940f6,Can I top up my balance with a cheque?,top_up_by_cash_or_cheque
tr_38a8ef3db1,Are there any restrictions on the disposable cards?,disposable_card_limits
tr_ff6cc2baca,How can I top up with Apple Pay?,apple_pay_or_google_pay
tr_c55a71a402,"I need to order a new card, can you please direct me to the virtual cards?",getting_virtual_card
tr_a7db928d01,are SWIFT transfers an option?,top_up_by_bank_transfer_charge
tr_14ca9192af,The exchange rate on my payment doesn't look right,card_payment_wrong_exchange_rate
tr_a9b8237af7,"Would you please unblock my pin? I don't know why, but it's blocked.",pin_blocked
tr_2fc5649e4b,can i order cards on the app,order_physical_card
tr_9535eff6dd,Can you walk me through how I can edit some of my personal information?,edit_personal_details
tr_1b67014668,Can topping up be automatic?,automatic_top_up
tr_dbd4f9d38f,I got a cheque that I want to top up with?,top_up_by_cash_or_cheque
tr_cefa345fbe,how can i add money to my account if you don't accept cash,top_up_by_cash_or_cheque
tr_8a29ef37b5,"I want to reactivate my card, I found it after thinking it was lost.",card_linking
tr_ff1321f0d8,There are a couple of payments with my card shown in the app that in reality I didn't make. Maybe someone has access to my card?Can you check whats the issue ?,card_payment_not_recognised
tr_2cd9f72df1,I'd like to have it delivered on Saturday.  Is that possible?,card_delivery_estimate
tr_9e9aae7705,How can I verify my top-up card?,verify_top_up
tr_ec4b109847,What caused my top up to be reverted?,top_up_reverted
tr_96e3e8f785,My product was faulty.,request_refund
tr_284bf424f5,"How long does EU transfer take? I bought something online a couple days ago , sent the money immediately online but the seller says it is still not there yet",pending_transfer
tr_029c88d64f,I want to transfer some money from my other bank account into this one.,transfer_into_account
tr_6a1126488e,How long will it be to get this new card?,card_arrival
tr_dbc23ff8e6,Where can I get my card PIN?,get_physical_card
tr_0cb3af3e94,There is a 1£ charge that appears as pending on my statement. What is that? I haven't purchased anything for a pound there.,extra_charge_on_statement
tr_37e5f19368,"In reviewing my statement, I show I have two charges for the same purchase at the same time, which I have not made in duplicate? How do I get this solved?",transaction_charged_twice
tr_932a56ea68,I am still waiting for a money transfer to process.,pending_transfer
tr_d50b5802ae,I lost my passcode.,passcode_forgotten
tr_a8dfb87cfe,"I've used my account frequently over the last month to manage my payments from abroad for my new place. I noticed that my fees have suddenly increased. As a frequent customer, shouldn't I be rewarded rather than suddenly being subject to a new fee?",transfer_fee_charged
tr_a556fb0b68,I can't seem to figure out why my transfers are getting declined.,declined_transfer
tr_ed1f486b58,What is the identity verification process?,verify_my_identity
tr_0ecb91055c,if im not using my account should i close it or just let it sit,terminate_account
tr_7f68ad596a,How high is the exchange fee?,exchange_charge
tr_4b6e797c2b,I need help as fast as possible! I made a mistake on my most recent transfer; can you please stop it before it goes through?,cancel_transfer
tr_ff49aaead9,Why hasnt my top up gone through yet?? I thought it was suppose to be instant? Am I wrong? Why is it still pending?,pending_top_up
tr_7d65656478,"Hi, I made a transfer yesterday that I need to reverse.  I need to put the money in a different account.",cancel_transfer
tr_bcf3bf8d5c,I need to cancel my recent transfer quickly since I made a mistake. Please help before it goes through.,cancel_transfer
tr_7f4ac0a4c2,I require verification for my source of funds.,verify_source_of_funds
tr_ea17054b0d,"Hi, status of one of my card payment is still pending from a while. Please let e know how much time it will take to complete.",pending_card_payment
tr_ff1a0117ce,Can I change my PIN if I want to?,change_pin
tr_676f48124b,"my balance has not changed, despite depositing a cheque",balance_not_updated_after_cheque_or_cash_deposit
tr_336bbbbedc,How do I go about getting a virtual card?,getting_virtual_card
tr_9ffa6b9a4b,"According to the app, I got cash from an ATM but I haven't made any transactions.",cash_withdrawal_not_recognised
tr_400e6868de,Can you tell me if I can hold money in several currencies?,fiat_currency_support
tr_bee40fd795,"My Netflix subscription says that there is an issue with my card information, but I thought everything was fine. Why would it be declined?",card_not_working
tr_55e646f03a,I got an cancellation error when I was topping up.,top_up_reverted
tr_2f532667be,What's the youngest I can be to open an account?,age_limit
tr_01e6f548dc,I want to top up by card,topping_up_by_card
tr_a1260feb06,where can i deposit a check,top_up_by_cash_or_cheque
tr_7ebb24f29f,What can I do if my card details where stolen from my car? I think they used my card to buy gas.,compromised_card
tr_380d78f74a,This stupid system is not letting me prove my identity.,unable_to_verify_identity
tr_de4ecd558c,My Apple Pay top up with my American Express card is not working? Please tell me why,apple_pay_or_google_pay
tr_3a74d556c7,How can I top up my account by bank transfer?,transfer_into_account
tr_be5a5561ae,How do I get a new card as your machine swallowed mine!,card_swallowed
tr_ac24251bb1,Which countries are you in?,country_support
tr_96d0bebed4,I think that my card has been stolen!,lost_or_stolen_card
tr_0c6a38d56f,"A transaction I did to my friend hasn't arrived yet, why?",transfer_not_received_by_recipient
tr_381826db86,"I tried to top-up, why didn't it work?",top_up_failed
tr_b27615c33f,Tell me if there is a top-up limit.,top_up_limits
tr_de2b914b27,A payment shows up on the app that I never made.,card_payment_not_recognised
tr_00d4be538e,Where do I go to change my account details?,edit_personal_details
tr_eef5e7e3eb,Why isn't my purchase exchange rate correct?,card_payment_wrong_exchange_rate
tr_f1f15fb59e,"Looks like my card payment was made two time by mistake. I went to pay at the store earlier which rejected once, second time it worked. App is on pending for one of the payments. Can you please remove one of them as it's wrong and clearly was declined?",transaction_charged_twice
tr_2bf5a1f644,What countries do your accounts send and receive to?,country_support
tr_1b89f6d46e,"Could you refund my transaction, I paid it into the wrong account. I need to be able to pay it into the right account by tomorrow.",cancel_transfer
tr_794084010f,Help!  The app says I took out cash but I didn't!,cash_withdrawal_not_recognised
tr_7e7dee5d0c,What do I do if my payment was reverted?,reverted_card_payment?
tr_58556ec5f7,What exchange rate is it?,exchange_rate
tr_c109258c00,what countries can i use my card in,country_support
tr_1bf08b5b0f,How can my friends top up my account?,topping_up_by_card
tr_27d6eae0b9,Tell me about the limit for top ups.,top_up_limits
tr_6f935ef8b9,I want to get a Visa card,visa_or_mastercard
tr_0503b10f04,Can cards be delivered? Where?,order_physical_card
tr_c94d08a2c8,My cash withdrawal was declined.  Why?,declined_cash_withdrawal
tr_dc39926ada,explain the interbank exchange rate,exchange_rate
tr_f96ecea09f,Should i uninstall the app before i try it again?,contactless_not_working
tr_db0b3b357e,Can I be charged for exchanging foreign currency?,exchange_charge
tr_e4ca47dd6b,"My card isn't working at all, I need assistance. It's really frustrating.",card_not_working
tr_a5ea52ced3,How do i transfer something faster than normal?,transfer_timing
tr_87b3d8d642,I've deposited a check but the cash isn't showing that it's there yet.,balance_not_updated_after_cheque_or_cash_deposit
tr_0ef7c9f2bb,I keep checking my statements but nothing shows up. I requested a refund a long time ago but seems it's not reaching my account for some reason. Would you please help me get the money back from the seller.,Refund_not_showing_up
tr_e8a6e384ae,Why was there an additional fee on the payment I just made? I don't usually have additional fees applied to my payments.,card_payment_fee_charged
tr_d6be3a2008,show me how to top up,topping_up_by_card
tr_eca970570b,I tried to pay with my card and it didn't work,declined_card_payment
tr_ca58df2efe,Why am I being charged again?,transaction_charged_twice
tr_25b8b198c9,"I've use this account all the time, including over this past month, to pay for things from my new place abroad. I'm a really good customer, so why do I suddenly have new fees? I should be rewarded instead of charged more fees.",transfer_fee_charged
tr_4e53c5f91e,What do I do to unblock my PIN?,pin_blocked
tr_056bb77c6b,I'm having trouble proving my identity,unable_to_verify_identity
tr_39b6380cbc,Why hasn't my account updated?,balance_not_updated_after_cheque_or_cash_deposit
tr_ffa442a8a3,How's the exchange rate looking right now?,exchange_rate
tr_6908dc1cee,Are there businesses that don't accept this card?,card_acceptance
tr_9388496a64,I topped up but it isn't in my account,pending_top_up
tr_8d1a41edc5,Someone took my card without my permission.,lost_or_stolen_card
tr_322460e47f,I was checking my statement and I think one of my card payments has reverted,reverted_card_payment?
tr_6f3e42d6b4,"Do you hold money and if so, what currencies do you accept?",fiat_currency_support
tr_dccb735d6b,Could you please recommend what I should do if my card keeps getting declined?  I planned to top-up today but I am unable to get it to work.  I need a fast solution to this problem.,top_up_failed
tr_25e4c3c6c9,Is it possible to have more than one disposable card?,disposable_card_limits
tr_0dc57736cd,Can i set up an auto top-up?,automatic_top_up
tr_3501448818,"If my card expires next month, will I need to order a new one?",card_about_to_expire
tr_09c7a48c9c,Is there a fee for sending additional cards?,getting_spare_card
tr_be14ed7e36,Why did the cash deposit not show up in my account?,balance_not_updated_after_cheque_or_cash_deposit
tr_754ce9b47e,Can I create my own top-up limit?,top_up_limits
tr_5119e13cbf,"My PIN number was incorrect, and I can't access it.",pin_blocked
tr_22f19a90a2,I was charged the wing amount for an item.,card_payment_wrong_exchange_rate
tr_735773197b,"Since I need to exchange currencies frequently, would you be able to offer me a discount?",exchange_charge
tr_2f56a3b38b,Can I return an item?,request_refund
tr_4220f3a086,I made a transfer and the person I transferred the money to didn't receive the right amount? Why did this happen and how do I get the rest of the money to them?,transfer_fee_charged
tr_0416f72b9d,"I got my American Express in Apple Pay, why is top up not working on my device?",apple_pay_or_google_pay
tr_c7fe7fc079,"Errors keep showing up every time I try to make this transfer and I am on a time crunch,  could you please help.",failed_transfer
tr_76f482b767,are there any country restrictions?,country_support
tr_5f5609f5d3,"My card has been pending for a while, what should I do?",pending_card_payment
tr_2d5240ff6e,Can you tell me what i need for the identity check?,verify_my_identity
tr_d6ebdad8fb,"I made a mistake and did a transaction to a wrong account, can I cancel?",cancel_transfer
tr_b02f0ade35,My contactless stopped working today for no good reason. It's not working no matter where I try to use it. Can you please help me fix it?,contactless_not_working
tr_8950f97784,I ordered a card and would like to know how to track the delivery progress of it.,card_arrival
tr_94eca52d7b,Why was I charged an extra fee when using an ATM?,cash_withdrawal_charge
tr_173ef97e8b,"I deposited a check, but haven't received the funds for it.",balance_not_updated_after_cheque_or_cash_deposit
tr_ba1ffb4461,I am inquiring about a $1 charge on my statement.,extra_charge_on_statement
tr_7a7566f1cb,Why do we need to verify top-up?,verify_top_up
tr_a80ccbb9dd,What do I do if there is an electronic debit that is not correct?,direct_debit_payment_not_recognised
tr_b706437642,"I want to block my card or deactivate it or something, it's been stolen and I don't want it misused. I want this handled right away.",lost_or_stolen_card
tr_21804155b5,Why has my beneficiary been denied?,beneficiary_not_allowed
tr_7e3b3e0d4f,"i received my American Express in Apple pay, is there a reason why top up is not working?",apple_pay_or_google_pay
tr_b7f71579ad,please cancel the transaction,cancel_transfer
tr_ee17473581,I received the wrong amount of cash.,wrong_amount_of_cash_received
tr_2a962db717,My google top-up pay is not going through,apple_pay_or_google_pay
tr_90c1541b20,how much for topping up by card?,top_up_by_card_charge
tr_7fa00de591,I purchased something abroad but the exchange rate is incorrect.,card_payment_wrong_exchange_rate
tr_35088bb296,"I transferred 7,000 to a receiver outside the EU and they received a lesser amount than what I sent, Unfortunately, now I must send an additional transfer to the receiver so that they can receive the full amount I initially sent.  I'm not sure why they received a lesser amount than what I initially sen, but can you please look into this and let me know what happened?",transfer_fee_charged
tr_f6e5370520,Which ATMs accept this bill of fare ?,atm_support
tr_5b6d0ad854,I got cash abroad and the exchange rate applied is wrong,wrong_exchange_rate_for_cash_withdrawal
tr_8583831e17,When can I expect money to be transferred to my account?,transfer_timing
tr_d9554b6b66,"I needed to send my friends some money urgently.  I tried multiple times to transfer the money this morning, but the transfer keeps failing.  Can you tell me why the transfer is getting rejected?",failed_transfer
tr_dd3cf52af5,Can my children open an account?,age_limit
tr_0c7f9b5827,Why did I get charged for withdrawing cash?,cash_withdrawal_charge
tr_32f6484bf1,My card was declined at a restaurant today and I am not sure why.,card_not_working
tr_972fac17f4,I can't do any business with this virtual card.,virtual_card_not_working
tr_618a2e9b9b,Why is the cash not showing in my account for the check I deposited?,balance_not_updated_after_cheque_or_cash_deposit
tr_7b4b11600d,"Yesterday, I made an incorrect payment to the wrong account for my rent payment. I need this addressed as soon as possible and the funds transferred to the correct account by no later than tomorrow.",cancel_transfer
tr_d9a39bee45,I am having trouble finding the top-up card verification code.,verify_top_up
tr_c61c183d12,How can I find out about an extra fee on my statement?,extra_charge_on_statement
tr_5eb24543bd,A withdrawal is showing that I don't recognize,cash_withdrawal_not_recognised
tr_6dd64589bd,I've made more than one attempt to make a purchase and the card keeps getting declined. Why do you keep denying my transfers?,declined_transfer
tr_edf56e13c0,From what countries can I use an account?,country_support
tr_435f1d4cc2,is it possible to get a refund for something I purchased?,request_refund
tr_5391edfa61,Why is  my  top  up for  my  new account  not  instant,pending_top_up
tr_aca86ceb52,"
Which cash machines will allow me to change my PIN?",change_pin
tr_0b8a8cc67a,"I have a disposable card, how many transactions can I make?",disposable_card_limits
tr_d4a6b86749,where do i find out about exchange fees,exchange_charge
tr_cd89588c84,When will my cheque be processed?,balance_not_updated_after_cheque_or_cash_deposit
tr_9b25c64d67,Are there any restrictions to where I can use my card?,card_acceptance
tr_2419e4cc74,How is my PIN sent?,get_physical_card
tr_76016e1a16,"Can I change my pin at ATMs?  If so, what ones?",change_pin
tr_c2ef29c4e9,"I want to get some cash from the ATM using my card but I dont want to be charged any fees. Ive taken some money out before with no fees, but recently Ive been getting charged. Why?",cash_withdrawal_charge
tr_ff2a86df50,I need my card activated.,activate_my_card
tr_350d5f8b18,I have cancelled payments to this card.,reverted_card_payment?
tr_5a37fec606,I have a service fee that I've never seen before. It showed up after I bought something from an international seller online.,transfer_fee_charged
tr_3eef798dfa,I think the exchange rate for the cash I withdrew wasn't correct.,wrong_exchange_rate_for_cash_withdrawal
tr_b719a23802,I was not given the amount of cash I withdrew,wrong_amount_of_cash_received
tr_51d1420e74,Can you show me how to verify the top-up card?,verify_top_up
tr_7ba24e027b,I must make several disposable cards every day.,disposable_card_limits
tr_9a9250b73f,I just have one additional card from the USA. Do you support that?,supported_cards_and_currencies
tr_0160719d32,How long will the transfer take?,pending_transfer
tr_8dd99e6a1b,How can I change my account details?,edit_personal_details
tr_b332fcfc5f,"The card I thought I lost was in my jacket pocket this morning, so can I reactivate that?",card_linking
tr_178f0348e1,I was charged extra. Was the exchange rate for my payment last Saturday wrong?,card_payment_wrong_exchange_rate
tr_1195eda35e,"I was charged twice, when I didn't purchase anything twice.",transaction_charged_twice
tr_02f3daa2a4,I tried to top up and suddenly my money disappeared,topping_up_by_card
tr_06d8437625,I noticed that there was an extra charge fee on my account. Could You explain to me why?,transfer_fee_charged
tr_90eba0f937,Which cards and currencies are supported?,supported_cards_and_currencies
tr_77dc92b054,If I top up using a European card is there a charge?,top_up_by_card_charge
tr_59fa2df749,Are there any fees when exchanging to foreign currencies?,exchange_charge
tr_816ae8cf06,is there a reason that my payment didnt go through,declined_card_payment
tr_26627abd7d,A payment on my statement is wrong.,card_payment_not_recognised
tr_52ad7766bc,Do you support other currencies?,fiat_currency_support
tr_fb96e48496,I need to renew a card that's about to expire,card_about_to_expire
tr_e4422856a9,Why did they charge me an extra $1?,extra_charge_on_statement
tr_ede0a34574,Why is the check I deposited this morning not showing up?,balance_not_updated_after_cheque_or_cash_deposit
tr_5de469b8e8,how can i exchange currencies,exchange_via_app
tr_0d52c3a462,Explain why my top up would be reverted.,top_up_reverted
tr_4a59d0f1d0,What should I do if I think my card was stolen?,lost_or_stolen_card
tr_f3b2781f60,Why does my transfer say it is pending?,pending_transfer
tr_4616fe0e4f,I can't see a verification code anywhere,verify_top_up
tr_eef68ff05e,"I found my card, how can I use it again?",card_linking
tr_bfc47e08f6,If I exchange currencies on a frequent basis can I receive a discount?,exchange_charge
tr_f88be683f8,I got the incorrect amount of money given to me from my account,wrong_amount_of_cash_received
tr_9d2f3b2f56,Do I have to use bank approved ATM's,atm_support
tr_3a86839435,Why is my balance still the same after a cheque deposit?,balance_not_updated_after_cheque_or_cash_deposit
tr_c12aac389f,My card is needed soon,card_delivery_estimate
tr_61be0a8fac,This disposable virtual card is not working.,virtual_card_not_working
tr_f517111561,There's an unauthorized direct debit in my app.,direct_debit_payment_not_recognised
tr_050e8621c7,I need a disposable virtual card. Please tell me how to order one.,get_disposable_virtual_card
tr_247554aa15,i need to trace a deposit,verify_source_of_funds
tr_2c709430c2,How to receive virtual card?,getting_virtual_card
tr_e2860af34d,It's been some time since refilled the top-up.,pending_top_up
tr_58115a1c3c,what is this charge on my card?,direct_debit_payment_not_recognised
tr_f1a10fb1be,Why couldn't I transfer to a beneficiairy?,beneficiary_not_allowed
tr_f1c5b34cf4,Was my transaction reverted with my card?,reverted_card_payment?
tr_5a36887eed,Tell me why my card payment would be reverted.,reverted_card_payment?
tr_deff6f90e9,What does the bank charge for lost or stolen card replacements?,order_physical_card
tr_fa71601f7b,My card hasn't shown up yet.,card_arrival
tr_6d9eaee335,What kind of charges should I expect to exchange currencies?,exchange_charge
tr_da4a78fcb2,I found my old card. Can I link it back into the app?,card_linking
tr_55ff43d6b4,I have a transfer waiting.,pending_transfer
tr_ac8ad5e383,I need more physical cards than I have right now!,getting_spare_card
tr_dc53fa7a93,There is a payment on my card that I do not recognize.,card_payment_not_recognised
tr_98794a55e9,is it free to add money to my card,top_up_by_card_charge
tr_f352b27ab1,"I got my card now, how do I make it show up in the app?",card_linking
tr_2197563d67,Which US cards have top up charges?,top_up_by_card_charge
tr_a64f4fa209,What forms of ID work for verification?,verify_my_identity
tr_552697b014,How do I unlock my account after typing in the wrong PIN too many times?,pin_blocked
tr_c39247b61b,Can I tell what business will take this card?,card_acceptance
tr_53bcae5890,I need info on activating my card?,activate_my_card
tr_6580274625,There are two of the same charge on my statement.,transaction_charged_twice
tr_13c6ea210b,"Hello, there seems to be a billing mistake associated with my account.  My app was charged $1 more than it should have.  Could you please explain why this may have happened?",extra_charge_on_statement
tr_e0e3b5d548,i would like to top up with check,top_up_by_cash_or_cheque
tr_974039a052,How do I get a PIN?,get_physical_card
tr_ea6154ac4a,Can I change my PIN?,change_pin
tr_530b028d20,"I heard you have an auto-top up option, where do I find that?",automatic_top_up
tr_440b98272a,When will the check I deposited post to my account?,balance_not_updated_after_cheque_or_cash_deposit
tr_ecfb974bb1,What's the normal time frame for a transfer from a UK account? After just making a transfer it doesn't appear at all. I need to know if things went okay.,balance_not_updated_after_bank_transfer
tr_3faafe2016,Do you think you're asking for too much information about me?,why_verify_identity
tr_af4ddb8920,i need help. I updated my balance with a check yesterday and Im not seeing it. Can you look at my account to see what went wrong?,balance_not_updated_after_cheque_or_cash_deposit
tr_76cc16df6d,What's taking my top-up so long?,pending_top_up
tr_10a26f7c6d,I seem to be unable to make any transactions.,card_not_working
tr_ed909b2d7f,"So my top-up failed, could you tell me why?",top_up_failed
tr_9f8cfc7435,Will I be charged for topping up my account using a bank transfer?,top_up_by_bank_transfer_charge
tr_b298f89874,Why is the fee for taking money out so high?  I feel I was overcharged and I would have never used this ATM if I would have known ahead of time.,wrong_exchange_rate_for_cash_withdrawal
tr_36e9205524,What if my top up is reverted?,top_up_reverted
tr_e1b8effca6,What currencies and methods can i use to top up my account?,supported_cards_and_currencies
tr_6abec22c75,What do I do if I can't prove my identity?,unable_to_verify_identity
tr_115dcccd97,Why is identity verification required?,why_verify_identity
tr_1d3521473e,How long will it take to receive a virtual card?,getting_virtual_card
tr_9261e8b108,Is there a fee for adding funds with a credit card?,top_up_by_card_charge
tr_d60cc76b75,"I deposited a cheque, but the balance hasn't changed yet.",balance_not_updated_after_cheque_or_cash_deposit
tr_9e85234f8a,I'd like to order an additional card,getting_spare_card
tr_00ac6b55e6,My virtual car is not working.,virtual_card_not_working
tr_a99d60ed58,"Hi, I sent a payment to the wrong account number - can you cancel it as soon as possible?",cancel_transfer
tr_c85d49b152,Why are all my card payments being declined?,declined_card_payment
tr_1b64f45a3f,What is your shipping policies for cards?,card_delivery_estimate
tr_aa46b556de,Will I be charged any fees if I want to add money with an international card?,top_up_by_card_charge
tr_ce2cb9989c,Why has my payment not transferred?,failed_transfer
tr_ef77d0ac0c,Can you tell me how to get a disposable virtual card?,get_disposable_virtual_card
tr_319243a9fa,I was trying to top up my account and it isn't working,top_up_failed
tr_06a0a44b69,"Hi, would you please activate my card?",activate_my_card
tr_4f01df9402,I don't recognize some transactions.  Is someone else using it?,compromised_card
tr_2c5a41e938,what are you going to use my identification details for?,why_verify_identity
tr_5d6c15937a,What is the procedure for an expired card?,card_about_to_expire
tr_d20468d06e,"My transfer was declined, why is that?",declined_transfer
tr_9f0c54a6fe,I had trouble with an incorrect rate being applied when using the ATM with foreign currency.,wrong_exchange_rate_for_cash_withdrawal
tr_75fb2b6ba5,I still haven't gotten my new card.  When will it get here?,card_arrival
tr_990c496275,"I can't remember my app code, can you reset it?",passcode_forgotten
tr_70088406ee,What should I do with my stuck ATM?,card_swallowed
tr_01de24dcfd,how do i see what i transferred,balance_not_updated_after_bank_transfer
tr_cd0e320acc,How much do I have to pay to accept an international transfer?,exchange_charge
tr_32b97a83fd,I made a transaction to the wrong account!,cancel_transfer
tr_3638cef215,Why didn't my transfer to a beneficiary go through?,beneficiary_not_allowed
tr_7d67218da7,What forms of ID should I use for verification?,verify_my_identity
tr_a178eac45b,I am having trouble withdrawing cash.,declined_cash_withdrawal
tr_daee85248d,What are the steps for identity checks?,verify_my_identity
tr_5064dfa8ff,Can I request a card?,order_physical_card
tr_1590e64682,After depositing a cheque my balance did not change.,balance_not_updated_after_cheque_or_cash_deposit
tr_8d43b70c31,I want to make an online purchase but I don't want to use my credit card. Can you tell me how a disposable virtual card works and where I can apply for one?,get_disposable_virtual_card
tr_059d8cc215,I see some transactions that I don't recognize.  I think someone stole my details.,compromised_card
tr_2df64fe289,I didn't get the right amount of  cash because of the exchange rate.,wrong_exchange_rate_for_cash_withdrawal
tr_92e8eaedb8,How do I get my card PIN?,get_physical_card
tr_7119c035a8,My billing address changed and I need to update my information.,edit_personal_details
tr_3154099d23,My Virtual card was rejected for a car rental. Why?,virtual_card_not_working
tr_189d0e22da,What are my bank details so I can do a transfer?,transfer_into_account
tr_d295077f10,How old do you need to be to open an account?,age_limit
tr_eefa8425af,Why is my beneficiary not being allowed to get payment services?,beneficiary_not_allowed
tr_0221330386,What currency is acceptable for a top up?,supported_cards_and_currencies
tr_4c36e2e0e5,How come there is a duplicate charge on my card?,transaction_charged_twice
tr_452ec692d7,When do I get my card PIN?,get_physical_card
tr_99bcced2be,My disposable virtual card won't work.,virtual_card_not_working
tr_f1c4f21310,My statement is showing I was Charged a dollar and I am not sure why.,extra_charge_on_statement
tr_33660fc363,How long will it take for my cash withdrawal to no longer show as pending?,pending_cash_withdrawal
tr_739b9a668c,You provide support in what countries?,country_support
tr_51d46b468a,Why cant I send money to a beneficiary?,beneficiary_not_allowed
tr_ce82396c1d,My card information seems to have been stolen! I don't know where these transactions came from and I've never even been to the city where they were made. I need my card blocked ASAP so this person can't keep using my card.,compromised_card
tr_b0285ca09c,What locations can I get money from?,atm_support
tr_fd69314bcc,Do I have to go somewhere to activate my card?,activate_my_card
tr_6ebd9252d9,Can I re-link a lost card with the app?,card_linking
tr_6127858e5d,is there a way to see where funds come from,verify_source_of_funds
tr_8aeaad550e,Is ordering a new card from China available?,card_about_to_expire
tr_aac52b59d8,i have a pending top-up,pending_top_up
tr_c4336c4e1c,How do I top-up my card with a cheque?,top_up_by_cash_or_cheque
tr_acc6d1315c,I keep checking my statements but nothing shows up! I requested a refund a long time ago but seems it's not reaching my account for some reason. Can you please help me get the money back from the seller for me,Refund_not_showing_up
tr_c6e3221d4b,Help me unblock my PIN.,pin_blocked
tr_aad3021c47,I need to change details about my personal account.,edit_personal_details
tr_6259c78650,Why is my transfer taking so long. I thought it was supposed to only take 1 day if I made a transfer to someone. Can you wee what went wrong?,transfer_not_received_by_recipient
tr_98a697819b,How do I contact customer support about my declined transfer?,declined_transfer
tr_4dc77018a3,What went wrong with my transfer?,declined_transfer
tr_734d5e07e3,There were a couple of payments that I have noticed on my account with my card that I didn't make. Is it possible that somebody else has my card information?,card_payment_not_recognised
tr_45c8a85dcc,Tell me how to change my details.,edit_personal_details
tr_841e4f731c,How do you find the exchange rate?,exchange_rate
tr_b18354da6a,How much is a physical card?,order_physical_card
tr_2ac1d2275e,"please help me with this transfer, for some reason i can't transfer to a cryptocurency account",declined_transfer
tr_8404b9413a,I left my phone at the hotel I was staying at so I can't use the app!,lost_or_stolen_phone
tr_7491ca766d,When will I have access to my pin number?,get_physical_card
tr_6d69495267,Does this app exchange currencies?,exchange_via_app
tr_f0bbc8980e,When my card expires what is the cost of a replacement and how fast?,card_about_to_expire
tr_27cc2fff94,I need to cancel my card.  There are a few charges from a couple days ago that I didn't make.  Can I get credit for these charges?,card_payment_not_recognised
tr_ffe7776df2,Where can I withdraw money from?,atm_support
tr_f94eb56cfb,"Why are you charging for cash withdrawals? I went to withdraw some money earlier today after getting my groceries, and it appears there is a fee that wasn't there before",cash_withdrawal_charge
tr_3229724e06,Can I change my pin at an atm?,change_pin
tr_35e8f7f69a,I do not have my pin yet,get_physical_card
tr_5f38b4876e,Can you tell me what this cash withdrawal is?,cash_withdrawal_not_recognised
tr_cb14ede4d1,Can I auto-top up?  How do I do it?,automatic_top_up
tr_2a5f6e16e6,Am I charged more for using the ATM?,cash_withdrawal_charge
tr_70e289c643,My card got stuck in an ATM.,card_swallowed
tr_4f1e3b28f0,There's a payment that isn't mine on my app,card_payment_not_recognised
tr_91ad4b9b0a,Tell me what ATMs take this card.,atm_support
tr_8cbfe99636,There is no way for me to prove my identity.,unable_to_verify_identity
tr_c9bd824bf6,Can you issue both a Visa and a Mastercard to me?,visa_or_mastercard
tr_e6647e00e2,What do I do to activate?,activate_my_card
tr_7353975bf9,How many times can I enter a wrong PIN before it is blocked?,pin_blocked
tr_3dacbafd4f,How to order a virtual card,getting_virtual_card
tr_347c973576,"I'm looking at my statement, and my refund is not on there.",Refund_not_showing_up
tr_e5c89efda6,I will be traveling.  Can I add money automatically?,automatic_top_up
tr_8feeba92e1,Can I have a Visa card?,visa_or_mastercard
tr_5a082b84ff,I am on vacation in Spain and need to change my pin.,change_pin
tr_12e11d5768,I transferred some money a couple days ago but haven't received it yet. How long should I expect to wait?,balance_not_updated_after_bank_transfer
tr_f214eb2be6,"This morning, I tried to send money to my friends several times but each time the transfer fails.  Why does it keep failing?  The transfer gets rejected but I do not know what is causing it to be rejected.",failed_transfer
tr_637dc0f671,top up is still pending,pending_top_up
tr_0d4a45cba4,I was given less cash then I wanted.,wrong_amount_of_cash_received
tr_5e48f518c3,Will any ATM's decline my card?,atm_support
tr_419ad146e6,"Hi, I am unable to see transaction in my account which i made couples of hours ago from my UK account. Please help me in this.",balance_not_updated_after_bank_transfer
tr_d951f8a69c,how much does it cost to add money,top_up_by_card_charge
tr_e78e6570dd,"In a month, my card will reach its expiration date, am I required to request the next card?",card_about_to_expire
tr_da432b02ef,Why is the identity check involved?,why_verify_identity
tr_390eaef8da,Can I order a card please?,order_physical_card
tr_ec29508232,What is going on? My balance still hasn't updated and it has been two weeks since I deposited my money!,balance_not_updated_after_cheque_or_cash_deposit
tr_f7f071701e,How many transactions can I do with a disposable card?,disposable_card_limits
tr_cfce5a6a9a,What are some of the restrictions that the disposable cards have?,disposable_card_limits
tr_1533f167f4,What foreign exchange rate will I get?,exchange_rate
tr_95ca7ac2b3,Some cash has been withdrawn but I didn't do it.,cash_withdrawal_not_recognised
tr_c69475cdb1,"I just transferred my friend money, but she hasn't received it yet, and it's been a few hours. Can you tell me when to expect it to go through?",transfer_not_received_by_recipient
tr_0fa755c84c,I want to do a cash deposit to top up. How do I do this?,top_up_by_cash_or_cheque
tr_7df8e80723,Why is it saying my card payment is declined when I made it?,declined_card_payment
tr_25c2939e2c,My statement contained a one pound extra fee,extra_charge_on_statement
tr_4d68127e78,How can I add physical money to my card?,top_up_by_cash_or_cheque
tr_4e2b7e26c1,Can a credit card be used to transfer money?,topping_up_by_card
tr_594e9f94c1,I tried activating my card and it doesn't work how do I solve this problem?,activate_my_card
tr_2f947d3b08,A payment is showing twice. Why is that?,transaction_charged_twice
tr_50a1de5bf5,What are the currency types that I can keep money in.,fiat_currency_support
tr_664482306e,Can you tell me why I haven't received my new card?,card_arrival
tr_6df039d06d,"There is a pending transaction on my account, what does this mean?",pending_card_payment
tr_630ca6baf3,why cant you just refund me instead of a merchant,Refund_not_showing_up
tr_259d353ac2,Where's the button to top up with a cheque?,top_up_by_cash_or_cheque
tr_ad886642e1,I tried to use the ATM today but it would not accept my card.,declined_cash_withdrawal
tr_577728b75b,I didn't make a payment at this business.,card_payment_not_recognised
tr_4818a397e9,How do I sign up for a card if I'm in America?,country_support
tr_a50e5edab1,How can I transfer money to a beneficiary?,beneficiary_not_allowed
tr_3e454162e2,I don't think I made this transaction on my statement,card_payment_not_recognised
tr_d5f3c8de1a,why has a transaction to a friend been delayed?,transfer_not_received_by_recipient
tr_af5c84457f,How do I fix my card if it is broken?,card_not_working
tr_357e13149a,"I have done a transfer within the country the day before yesterday, but it's still not there yet. Can you please check what's going on with that, the account number is the right one, I've checked that several times already.",transfer_not_received_by_recipient
tr_0f9c271ce4,Is it okay to hold money in multiple currencies?,fiat_currency_support
tr_ba269ac0e5,What is the charge for topping up a card?,top_up_by_card_charge
tr_bd8046ff71,"If my salary is in GBP, do I need to do something?",receiving_money
tr_26efc8bb09,Help me figure out how to link the new card.,card_linking
tr_277f8ff4d0,Help me.  The passcode doesn't work.,passcode_forgotten
tr_0175214c45,"I made a transfer and the receiver said an amount was received, but less than the right amount. I now have to transfer more to get the remainder to the receiver. Can you tell me about this. What's been going on?",transfer_fee_charged
tr_d8a0e9845a,What is the fee charged for using my card?,card_payment_fee_charged
tr_6955d42f9c,I got some items this morning but the payment says pending,pending_card_payment
tr_7e62c07b92,Can I Transfer from SWIFT?,top_up_by_bank_transfer_charge
tr_4edf721770,I urgently need to transfer something from China. How long can I expect it to take?,transfer_timing
tr_2477e5f44f,"So, I see a strange fee that I've never seen before after making an online purchase from abroad. I was under the impression transfers could be made for free. I don't think this seems fair.",transfer_fee_charged
tr_8acf720743,can usa residents get a card?,country_support
tr_9fc1d046e5,Which part of the app do I order virtual cards from?,getting_virtual_card
tr_fe46ef3581,Is there such thing as top up by cheque?,top_up_by_cash_or_cheque
tr_f8781b0b1d,Why can't I withdraw money?,declined_cash_withdrawal
tr_83339bfefe,Please tell me how I verify my identity.,verify_my_identity
tr_5a5c3fd5cc,What is the exchange looking like?,exchange_rate
tr_09b135b26a,Which countries do you work with?,country_support
tr_bcd872abc8,What exchange rates do you use?,exchange_rate
tr_3ed6818e07,How long will a cash withdrawal be pending?,pending_cash_withdrawal
tr_918f4b4f24,I see a direct debit transaction in the app that is not mine,direct_debit_payment_not_recognised
tr_5d282db203,Am I able to use Apple Pay?,apple_pay_or_google_pay
tr_74f844ccea,How long will it take to urgently transfer something to China?,transfer_timing
tr_1e19915c3b,Will I get charged fees when I add money with an international card?,top_up_by_card_charge
tr_d3e94acd9d,The app is having trouble verifying my identity.,unable_to_verify_identity
tr_26b6cbca06,I should not have been charged a fee for cash withdrawal.,cash_withdrawal_charge
tr_0a368a83b2,Why did you charge me a fee when I made a transfer?,transfer_fee_charged
tr_9e7174cc37,When do you charge fees on accounts? I just saw a charge on my statement.,card_payment_fee_charged
tr_5e506d8e34,How long will it take my card to get here?,card_delivery_estimate
tr_d88dc088cf,My account was charged a debit payment I don't recognize.,direct_debit_payment_not_recognised
tr_75bf8516d0,Why is my last cheque deposit taking so long?,balance_not_updated_after_cheque_or_cash_deposit
tr_67a37846a2,The balance hasn't changed yet after depositing a cheque with some money.,balance_not_updated_after_cheque_or_cash_deposit
tr_3cc5acde30,I forgot the passcode on my app.,passcode_forgotten
tr_87576ab796,"In the US, how long is the wait for a transfer?",transfer_timing
tr_429cde67df,"There is a direct debit that I didn't set up, what should I do?",direct_debit_payment_not_recognised
tr_c8070d175e,Can I get an item refunded?,request_refund
tr_27d77f56fd,I would like to know the countries you are offer services in?,country_support
tr_6d32e76243,What do I do about a debit on my account that I didn't make?,direct_debit_payment_not_recognised
tr_fc7e645677,Can i add a new currency to my account?,exchange_via_app
tr_abb316b2df,Can I put my old card back in the app?,card_linking
tr_4d1d5898e4,Can I get a new card even though I am in China?,card_about_to_expire
tr_763179f74a,"It seems my card payment was completed twice. I paid at the store previously and the first one did not seem to go through. After a second attempt, it did go through. I now see within the app that I have been charged twice with one of them pending. Can you please remove the pending amount because it is clearly something that was declined?",transaction_charged_twice
tr_c77694fd82,What fees are there for adding money using an international card,top_up_by_card_charge
tr_6b8b8b64a9,How do I get another card,getting_spare_card
tr_fd9a65e61a,How long does it take for a top up to go through,pending_top_up
tr_4617687fef,How do I report my card as lost or stolen?,lost_or_stolen_card
tr_307bf70d77,Why is my card payment still pending?,pending_card_payment
tr_87496e6604,When will my top-up be completed?,pending_top_up
tr_02ba041f45,I tried to use my card today in the restaurant but it didn't work and just got declined. What's wrong?,card_not_working
tr_8096285e3a,My payment has been declined several times.  Can you help me?,declined_card_payment
tr_fa43d42585,Can I withdraw money from another bank and transfer it into my empty account?,transfer_into_account
tr_18b51fa6cc,Can you explain more about why should I verify my identity?,why_verify_identity
tr_a143c5b138,My card will not work,card_not_working
tr_d043c44c50,There has been a charge pending on my account statement that I can't figue out it's for a dollar.,extra_charge_on_statement
tr_5f26dcc4cd,I did not receive the right amount of cash.,wrong_amount_of_cash_received
tr_f1adab0d70,I need to change my data.,edit_personal_details
tr_835e542297,Is it possible to exchange currencies?,exchange_via_app
tr_0bcd2aff00,I recently made a transfer that I would like to cancel,cancel_transfer
tr_1bc85d7990,Are there still fees for european top-ups?,top_up_by_card_charge
tr_f6e1be8b45,How long does it take to verify a person's identity?,unable_to_verify_identity
tr_5dc85e8b24,The exchange rate you are using is really bad. This can't possibly be the official interbank exchange rate.,card_payment_wrong_exchange_rate
tr_5d166ee400,How long do transfers take? I sent money to a friend who needs it urgently. It's been hours and has not gone through.,transfer_not_received_by_recipient
tr_0d726cc961,My transfer isn't in,transfer_not_received_by_recipient
tr_077fffd315,I made a payment and it is showing up twice,transaction_charged_twice
tr_f01776a811,I can't find how to top up my account with a check.  Where is that?,top_up_by_cash_or_cheque
tr_ca3f220266,What is the longest a US transfer should take to appear in my account?,transfer_timing
tr_98b5a17b79,What is the verification process for my card?,verify_top_up
tr_302eaafa27,"I need my PIN, where is it?",get_physical_card
tr_5072a16bde,What is the estimated time on an urgent transfer from China?,transfer_timing
tr_e6f14c3e64,"Hi, Today i have withdrawn cash from ATM but i got wrong amount and in the app it is showing much more amount than that.",wrong_amount_of_cash_received
tr_4f4620ea1c,Can I use google pay for topping -up,apple_pay_or_google_pay
tr_a597bf6bb1,Why can't I see my refund in my statement?,Refund_not_showing_up
tr_7a23d71bb7,Im trying to top up my card but it's still pending and it's been an hour. Is there any way to make it go through faster? Do I not have enough?,pending_top_up
tr_a31ae11346,How do I replace my card before it expires next month?,card_about_to_expire
tr_3acadf2e0e,My transfer is still pending,pending_transfer
tr_fe15886c4a,I have a trip coming up and want to add money automatically.,automatic_top_up
tr_536d0b27b5,"About two days ago now, I made a transfer from France but it hasn't arrived yet. Is it possible that the international transfer just takes longer?",balance_not_updated_after_bank_transfer
tr_09a39c914f,how long does a US transfer take,transfer_timing
tr_d657988f6d,My card wont work at an ATM,declined_cash_withdrawal
tr_2c096ca5ca,A cash withdrawal has been done that I didn't do.,cash_withdrawal_not_recognised
tr_d092697137,I am waiting for a payment to be processed,pending_card_payment
tr_10fd54b6d8,Which currencies do you handle?,supported_cards_and_currencies
tr_d920e2768b,Seems like the exchange rate for my payment last Saturday was wrong. I was charged extra.,card_payment_wrong_exchange_rate
tr_2a78ac8270,What is the status of my top up?,top_up_reverted
tr_1cba59a231,"Transferred to account is not successful, help please?",balance_not_updated_after_bank_transfer
tr_dd5b719c7e,Are there any discounts in exchanging currencies frequently?,exchange_charge
tr_d5e811ce4f,I am planning activating my card was it possible?,activate_my_card
tr_2f679e8420,How long do I have to wait for a US transfer?,transfer_timing
tr_d49b5df718,"I need an accurate exchange rate, when I make my withdrawals.",wrong_exchange_rate_for_cash_withdrawal
tr_df23158858,I am not receiving the correct exchange rate on my card.,card_payment_wrong_exchange_rate
tr_8cfce61a6c,I do not recognise this card payment.,card_payment_not_recognised
tr_d8878cac59,It is common for an international transfer to take 2 days or longer? I made a transfer from France 2 days ago and I have not seen it yet.,balance_not_updated_after_bank_transfer
tr_cd7897bd53,Why did I have to pay an additional amount when using my card to pay?,card_payment_fee_charged
tr_942e784bb6,The cash deposit I made this morning has not been credited to my account,balance_not_updated_after_cheque_or_cash_deposit
tr_cdf10fe257,Why is there a fee on a card payment?,card_payment_fee_charged
tr_779844ca42,Is a tracking number available for the card that was just sent?,card_arrival
tr_40eb8ee3c3,I tried to pull cash from an ATM but it wouldn't let me.,declined_cash_withdrawal
tr_8b51841e3c,Why do I have two charges It should only be one charge?,transaction_charged_twice
tr_bf57bf8086,Can I still access the app even though my phone was stolen?,lost_or_stolen_phone
tr_ebcab03853,How quickly can I transfer something to China?,transfer_timing
tr_b69dc8f8d9,I attempted to enter my pin to many times.,pin_blocked
tr_5d0a16b892,When will my virtual card arrive?,getting_virtual_card
tr_b4fb03f6df,My wallet was taken and I see that someone is using my card!   Please help me!,cash_withdrawal_not_recognised
tr_c2fb5e46d9,"While abroad I got cash, and a wrong exchange rate was applied.",wrong_exchange_rate_for_cash_withdrawal
tr_2faf78d91f,What do I do to close my account?,terminate_account
tr_986d30c888,I might need a new card because it's not working at any of the ATMs. I don't think ive used all my money. Why is it doing this?,declined_cash_withdrawal
tr_68aab568bb,How are top-ups verified?,verify_top_up
tr_2d3b4c5f89,Can I get a new pin number at any ATM using my card?,change_pin
tr_06436f7c4f,"Hi I've been trying to top up my card for the past day but it gets declined, I need it topped up urgently! Can somebody get back to me to resolve this or explain any different ways I can top up my card?",top_up_failed
tr_4894ca823f,How do I activate my card to start using it?,activate_my_card
tr_df3b0264ed,where can i located the auto top up function?,automatic_top_up
tr_176f71edbd,The top up failed,top_up_failed
tr_ea16df5d35,What is the fee if I use a European bank for a top up?,top_up_by_card_charge
tr_78d560a88c,I tried my PIN too many times,pin_blocked
tr_1b2b934530,I know there's an auto-top option but I can not locate it when I look?,automatic_top_up
tr_1cb8221dd7,Can I change my details because I moved?,edit_personal_details
tr_e36d700956,It appears my transfer was declined.,declined_transfer
tr_7440f63fc1,"There is an unexplained $1 charge on my statement, can you please explain this to me?",extra_charge_on_statement
tr_679e63837a,Why would I get a decline message in a transfer?,declined_transfer
tr_df6392121d,"Hello, I didn't receive the right amount on my ATM transaction,  the app shows the correct amount how can we fix this",wrong_amount_of_cash_received
tr_c1b1af4ea6,I got notified that my top up has been reverted. Why?,top_up_reverted
tr_656f5444be,"There is an extra $1 charge on my statement, why is that?",extra_charge_on_statement
tr_30e1d28401,I got a fee when paying with my card,card_payment_fee_charged
tr_c5433972cf,"Is it possible to go ahead and log in, although I have not been confirmed yet?",why_verify_identity
tr_790594cac8,How to I switch my money for the money used in another country?,exchange_via_app
tr_a62f2378e9,Can i receive transfers from my employer to this account?,receiving_money
tr_507155ad87,Can I track the card that you sent me in the mail?,card_arrival
tr_a53ec811af,Why will my transfer not go through?!  Keep getting an error message.,beneficiary_not_allowed
tr_ca48fbbe13,Why am I charged a fee when using my debit or credit card?,card_payment_fee_charged
tr_528802d847,It's been a week since you sent my card and I still don't have it.,card_arrival
tr_8d92549cf1,"Hello, can you please inform me about international transfers? I am expecting a transfer I made from France two days ago and would like to know when it will arrive.",balance_not_updated_after_bank_transfer
tr_5abbcc097f,What countries can I use your services?,country_support
tr_b48b0595a5,"Hey, I'm buying a flat and I need my mortgage to go though. However, every time I check I get an error message. Is there any way you can help me with this transfer.",failed_transfer
tr_456093e419,Why is my top up not completing?,pending_top_up
tr_867ea33e5b,"I get a ""decline"" message when doing a transfer",declined_transfer
tr_a434b4ff63,I need to close my account.  Your company is terrible!,terminate_account
tr_45e4baa54b,My new card isn't here and it was issued a week ago.,card_arrival
tr_8e473ad466,What do I do if I find a debit charge that I know I didn't do in my billing statement?,direct_debit_payment_not_recognised
tr_ea3c3ecb41,How do I see my source of funds?,verify_source_of_funds
tr_626e9cb556,Is there a disposable virtual card?,get_disposable_virtual_card
tr_f177c4e670,I lost my phone. Can I disable to app?,lost_or_stolen_phone
tr_b2a28cf812,I made a transaction this morning but I need to revert it now.,cancel_transfer
tr_b286bce1d2,Can you give me the restrictions of the disposable cards?,disposable_card_limits
tr_565b29f39f,My cash received does not match what has been requested,wrong_amount_of_cash_received
tr_60a7218bf3,"Top up my card please, which y'all support?",supported_cards_and_currencies
tr_73feb0130b,where do you find your exchange rates?,exchange_rate
tr_9dcbfd4fe6,What is the function of the identity check,why_verify_identity
tr_a458f4790e,I'm not sure where my phone is.  Can someone else use the app?,lost_or_stolen_phone
tr_852d0cdeac,Where to check top ups pending?,pending_top_up
tr_ec25efa631,How can I tell if there will be a fee added to my payment or not?,card_payment_fee_charged
tr_4e99c3f37f,"My phone got stolen, how can I use the app?",lost_or_stolen_phone
tr_6c246a72f1,"I had a seller reach out to me saying my money didn't come through to them, but I'm sure it was removed from my account. Can you figure out what the deal is here?",reverted_card_payment?
tr_b87494a7be,How do I go forth with bank transfers for top up accounts?,transfer_into_account
tr_abb09674c9,I saw that my transfer was declined.,declined_transfer
tr_3c8e201c21,I was charged twice.,transaction_charged_twice
tr_3761bc238f,Someone may have made an error in figuring out the rate of exchange.  I should have received more cash than I did on my most recent withdrawal.,wrong_exchange_rate_for_cash_withdrawal
tr_5445796f8c,"My bag was stolen from me yesterday, so I can't use any apps or anything. I need some help.",lost_or_stolen_phone
tr_0ac7983886,What to do if my card is about to expire?,card_about_to_expire
tr_61b34e8aec,Do I have a limit to the number of top-ups per day?,top_up_limits
tr_fb6572c269,"I would like a disposable virtual card, could I get one?",get_disposable_virtual_card
tr_b3581006e5,How long do I wait for my PIN,get_physical_card
tr_741c76930c,I can't get my actual card to work,card_not_working
tr_4772c66a21,Can I top up online?,top_up_by_cash_or_cheque
tr_cf2ba12702,Help me activate my card.,activate_my_card
tr_6a9efe2f9c,"I got double charged from something, what can I do?",transaction_charged_twice
tr_ac987f5fe9,Will my card work at all merchant locations?,card_acceptance
tr_12f748c4aa,How do I go about verifying my identity?,verify_my_identity
tr_4324052531,Your foreign exchange rate is wrong.,card_payment_wrong_exchange_rate
tr_89c2f5c077,The exchange rate is incorrect for something I bought,card_payment_wrong_exchange_rate
tr_fbacba51e0,Can you tell me how I go about activating a new card?,activate_my_card
tr_9d5ea15edb,How come I can't put money in my top up account?,top_up_reverted
tr_eb00663551,"I'm trying to verify my identity but can't figure out how, what do I do?",verify_my_identity
tr_37d66a501b,want to get a new card in china,card_about_to_expire
tr_054cc31b6f,why and how soon do I have to have proof of identity to you?,why_verify_identity
tr_bc1e6a1204,I would like to use one of my cards for a family member. Is that allowed?,getting_spare_card
tr_9503668156,Why can't my transfer complete?,failed_transfer
tr_f375e0f70a,How can I get money in my home currency while I'm traveling internationally? I wanted to take it out of a local ATM but am worried that I will get charged extra fees.,wrong_exchange_rate_for_cash_withdrawal
tr_60023d556a,"I want a Mastercard, instead.",visa_or_mastercard
tr_3cdc601066,Do I need to go to a physical bank to change my PIN?,change_pin
tr_1f24846480,There is the same transaction showing more than once.,transaction_charged_twice
tr_7c5fe50a1e,Is an auto top-up option available?,automatic_top_up
tr_a9e209aa52,What happened to my cash deposit?,balance_not_updated_after_cheque_or_cash_deposit
tr_40955a5856,How many cards am I allowed?,getting_spare_card
tr_e5c4a5ac93,I think a payment I made with a card was cancelled.,reverted_card_payment?
tr_66a4554918,What is this cash withdrawal on my statement?,cash_withdrawal_not_recognised
tr_42994429aa,How do I know where the funds come from?,verify_source_of_funds
tr_75690334b3,Do you charge extra for topping up with a debit or credit card?,top_up_by_card_charge
tr_1b58db9fc3,I am not happy with your service and request that my account be terminated!,terminate_account
tr_62830bcbb5,Can I use the app without my phone?,lost_or_stolen_phone
tr_7ac67809b8,"I want a disposable virtual card, how do I do that?",get_disposable_virtual_card
tr_7e6af4d68f,I don't see a code anywhere on my top-up card? Where can I find it? I need to verify!,verify_top_up
tr_390eae48af,how come my transfer declined,declined_transfer
tr_4889d8af1a,I am not sure where my phone is.,lost_or_stolen_phone
tr_278a968b6a,Why can't I make a transfer?,failed_transfer
tr_971e93c449,Will you be able to exchange to EUR?,fiat_currency_support
tr_66e9eb5377,What does it mean when a payment is pending?,pending_card_payment
tr_53a1b78549,How do I know where I can use my card?,card_acceptance
tr_c89ac4424c,I would like to terminate my account.,terminate_account
tr_4b39f35a2b,What should I do if I can't prove my identity.,unable_to_verify_identity
tr_793c8d417f,I can't use the app because I got mugged yesterday and they took everything. I need some help.,lost_or_stolen_phone
tr_b80368b369,How many times can I make a top-up?,top_up_limits
tr_3919a72829,Why is the pending status on my cash withdrawal taking so long?,pending_cash_withdrawal
tr_d0d410a7eb,I need to exchange a currency - can I do that here?,exchange_via_app
tr_796299ad73,Why am I missing my refund,Refund_not_showing_up
tr_78c185c862,How many active transactions can I make with a disposable card?,disposable_card_limits
tr_5d28a58a90,Are there fees for adding money with an International card?,top_up_by_card_charge
tr_aa174ca679,How long will it take the money to appear in my account?,transfer_timing
tr_2c0b80cac1,I attempted to get money in cash but it was refused!,declined_cash_withdrawal
tr_994c7498bb,Why am I being declined?,declined_card_payment
tr_4dafc5575f,"I have used my account abroad for a while without any fees, why am I being charged additional fees all of a sudden?",transfer_fee_charged
tr_7ba43b24a5,What does pending mean on a cash withdrawal?,pending_cash_withdrawal
tr_55a80f9903,Why can't the recepient of my money transaction see it?,transfer_not_received_by_recipient
tr_a5c42196a0,How can I cancel this transaction?,cancel_transfer
tr_6080d435bf,So I just went to the ATM to get some cash.  I input that I needed 100 pounds but I only got 80.  I have the receipt  and I am in need of the extra money.  How do I go about obtaining the missing amount?,wrong_amount_of_cash_received
tr_411985a9a7,Do you also have this extra fee on your statement?,extra_charge_on_statement
tr_b574bd4610,"If I don't live in the UK, can I get a card?",country_support
tr_4f324b3394,Hello I changed my mind and really need a refund on something I bought recently. Can you please cancel the transaction and get me my money back. Please it's urgent.,request_refund
tr_48b42993ce,I think I was charged extra on my payment on last Saturday.  Maybe the exchange rate was wrong?  I'd like a refund.,card_payment_wrong_exchange_rate
tr_c16b22cd66,"My account says there are pending funds right now from withdrawing from an ATM, but my card was declined and I never took out any money. When will that money be deposited back into my account?",pending_cash_withdrawal
tr_23715e7139,Why does it matter that I prove my identity?,why_verify_identity
tr_b777ca4b9f,When did I get a $1 extra fee on my statement?,extra_charge_on_statement
tr_6d36a6a0ea,How can I find out why my transfer didn't go through?,failed_transfer
tr_f2556ecd94,My card payment was not successful.,declined_card_payment
tr_98ede5d53e,How do I get my card to work?,card_not_working
tr_4d01b981f4,I have a new phone number and need to edit my contact information.,edit_personal_details
tr_57b67890d2,Why is it taking so long for my money to appear in my account? I have been waiting a week!,balance_not_updated_after_cheque_or_cash_deposit
tr_c7eace4466,"I made a transaction, but I made it to an account I didn't mean to make it to.",cancel_transfer
tr_e97867c4cf,Can you tell me the countries you operate in?,country_support
tr_a54ab86712,Can you make exchanges with the EUR?,fiat_currency_support
tr_c080f21d02,Explain the card PIN to me.,get_physical_card
tr_1b54e350d5,How long does it take for money to transfer?,balance_not_updated_after_bank_transfer
tr_2f52d07bfb,Please send me a disposable virtual card.,get_disposable_virtual_card
tr_b1d0189912,"I made a mistake of transferring, can I cancel my previous transfer?",cancel_transfer
tr_1bd407e30b,Will I be charged a fee for a SEPA transfer?,top_up_by_bank_transfer_charge
tr_b6319d8462,"I am not supposed to be charged a cash withdrawal fee, but I was.",cash_withdrawal_charge
tr_e2fe07edf1,"Hi,  I have transferred money but beneficiary's account is credited with less amount. Now i have transfer the difference of the amount. I think there is some issue, could you please look into this.",transfer_fee_charged
tr_85c86c1b09,Why has my card been charged an extra pound?,extra_charge_on_statement
tr_0f4bcedfda,What are the maximum amount you can do for auto top-up?,automatic_top_up
tr_b69b6ca142,is there a way to do top up with apple pay,apple_pay_or_google_pay
tr_7030278d4f,what is going on with my cash withdrawal? the exchange rate is wrong,wrong_exchange_rate_for_cash_withdrawal
tr_58639b64e5,There is a payment with my card which i definitely did not do.,card_payment_not_recognised
tr_5d83a3275c,Do I have to pay for a physical card?,order_physical_card
tr_10ce3c575c,Does it cost anything to transfer money for a top-up?,top_up_by_bank_transfer_charge
tr_5df7fe02f4,What's the deal? Money has just disappeared out of my account. I thought you offered crypto top up and it doesn't seem to working.,top_up_reverted
tr_b0eaf643cf,Can i make transactions before identity verification?,why_verify_identity
tr_a8b2825467,I only got $20 of the $100 that I attempted to withdraw.,wrong_amount_of_cash_received
tr_ebfc355d59,Is my card broken? I can't get cash out of the ATM,declined_cash_withdrawal
tr_a7e1db8826,Explain to me why a transfer would be declined.,declined_transfer
tr_551628cdf3,Why can't I complete my transfer?,failed_transfer
tr_b896ea4b09,What do I do if I got the wrong amount at the ATM?,wrong_amount_of_cash_received
tr_6eee38b9e5,Why isn't top-up working? My top-up money disappeared after I saw that it was successfully transferred. Is it gone? Where did it go?,top_up_reverted
tr_3d99484b5e,Where do I go to see the source of my available money?,verify_source_of_funds
tr_4f377829f1,Why do I see a fee when I do a transfer?,transfer_fee_charged
tr_7a77c09ddd,"Hi, I'm trying to purchase a flat and I'm needing the first payment for the mortgage to go through on the flat I'm trying to buy. For some reason I keep getting an error.can you assist in making this transfer? What is going on?",failed_transfer
tr_d80c341e6b,"Someone has a copy of my card. I have my card with me, but someone just made a 500£ cash withdrawal. Help me.",cash_withdrawal_not_recognised
tr_d694130573,My daughter need a card from this account. Is that possible?,getting_spare_card
tr_3127280203,"Looks like my card payment was duplicated after all. I went to pay at the store earlier, got declined once,second time it works. App still stays pending for one of the payments. Can you remove one of them as it's wrong and clearly was declined?",transaction_charged_twice
tr_bc84f2b8f6,I'm noticing a payment/purchase at a company that I don't recognise.,card_payment_not_recognised
tr_d629e4d251,Do you have a list of the cards and currencies supported?,supported_cards_and_currencies
tr_fb7b094d35,Why do you need to know so much about me for my account?,why_verify_identity
tr_0c79c18ba6,I've made a bank transfer but the money doesn't seem to be in my account.,balance_not_updated_after_bank_transfer
tr_e9c450f65b,Will be Apple Watch be able to let me top up?,apple_pay_or_google_pay
tr_645901a8af,I need to get hold of a physical card?,order_physical_card
tr_9b3d6c1190,How long will a transfer be pending for?,pending_transfer
tr_725e700259,"The ATM will not let me get cash, WHY?",declined_cash_withdrawal
tr_d0a94c24f8,Do exchanges cost more?,exchange_charge
tr_a30a09950c,I might have been charged on my debit statement by fraud.,direct_debit_payment_not_recognised
tr_0b471a71d5,How are the exchange rates determined?,exchange_rate
tr_0220879be9,Can you explain to me why a cash withdrawal shows up as pending?,pending_cash_withdrawal
tr_d8a26a6f2d,What do I do if I think someone has used my card?,compromised_card
tr_efb1a32a08,"Hello,  In my most recent ATM transaction, I didn't receive nearly as much cash as I thought I would - what is your exchange rate policy?",wrong_exchange_rate_for_cash_withdrawal
tr_027883bd6f,Hi I'm sending some money over to an investment bank I do business and the transaction is being rejected. I'm not sure why as I think I have the right details.,failed_transfer
tr_ca35f645e9,What is the maximum number of transactions I can do with a disposable card?,disposable_card_limits
tr_73779d3f0a,I think my card is being used by someone else to make purchases that I didn't authorize! I checked my account and see that there have been quite a few purchases over the last two days that I have no idea where they came from. We need to freeze my card now! And I need to find a way to get my money back.,card_payment_not_recognised
tr_f52dcec021,With my credit card i would like to transfer money.,topping_up_by_card
tr_54a671ab9a,"My card was declined and I did not receive money from the ATM earlier, yet it show on my account that it is pending.",pending_cash_withdrawal
tr_e75cb13510,What kind of fees will I pay when I transfer?,transfer_fee_charged
tr_5fbb5fd2fa,How can I change my address?,edit_personal_details
tr_f851491def,Is there a way to top up using my Apple Watch?,apple_pay_or_google_pay
tr_6e3ecb71f9,Do I need to speak to a representative to change my pin?,change_pin
tr_9cf9cac818,"I took out money, and didn't get all of it.",wrong_amount_of_cash_received
tr_bfda46a097,I was wondering about transferring money into my account and how it works.  Can you tell me about that?,transfer_into_account
tr_dc24c6fa55,Can I mail in a check to top up?,top_up_by_cash_or_cheque
tr_863afa5c09,I deposited money but my balance hasn't been updated yet.,balance_not_updated_after_cheque_or_cash_deposit
tr_8fbadd98d9,Is my fiat currency supported for both hold and exchange?,fiat_currency_support
tr_b18bdebc54,Balance hasn't been updated following a bank transfer,balance_not_updated_after_bank_transfer
tr_89f86785ca,The bank charged me fees for withdrawing cash!,cash_withdrawal_charge
tr_fd464367bf,how do i dispute a payment I didnt make,card_payment_not_recognised
tr_3386d4b436,Is there a charge for exchanging foreign currencies?,exchange_charge
tr_f216f0ebc3,I think that there was an error in calculating the exchange rate.  I recently withdrew cash and received much less than expected.,wrong_exchange_rate_for_cash_withdrawal
tr_f7b1100235,Do you deliver the PIN separately?,get_physical_card
tr_321054d831,Please let me know how to place an order for a virtual card,getting_virtual_card
tr_b368d7ea8a,I saw there is a cash withdrawal from my account via the app which I did not complete.,cash_withdrawal_not_recognised
tr_eecc125a56,What are the various currencies and cards that you offer support for?,supported_cards_and_currencies
tr_b28739483f,What is the exchange fee that is charged?,exchange_charge
tr_9d5fa81f31,My app is showing a payment that I know I did not do. Can you please cancel that transaction and credit my account please?,direct_debit_payment_not_recognised
tr_5cd0cd3435,The app doesn't believe its me.,unable_to_verify_identity
tr_5c548d86ee,Can someone in the US have a card?,country_support
tr_739f027400,How long should a cheque deposit take to show? My account hasn't updated and I want to make sure everything is okay.,balance_not_updated_after_cheque_or_cash_deposit
tr_965e5f4289,Can I receive my salary with this in another currency?,receiving_money
tr_473090335f,I have a charge I did not make.,card_payment_not_recognised
tr_f105726dd3,How to modify my details.,edit_personal_details
tr_a221e8bfbe,Last week I put a cash deposit into my account and it is still isn't there.,balance_not_updated_after_cheque_or_cash_deposit
tr_f7b1290a22,"Please help me, as my topup amount has been reverted, i did it correctly. I think there is some defect in system.",top_up_reverted
tr_64e7984d5e,How can I use my credit card to transfer money?,topping_up_by_card
tr_52567dd158,"When I received my cash, the exchange rate was wrong.",wrong_exchange_rate_for_cash_withdrawal
tr_d54755342e,How long should I have to wait before I see the transfer in my account?,transfer_timing
tr_3aa69dcdd7,Please help me get a refund?,request_refund
tr_4f9eddb15c,What are the rules for a top-up?,top_up_limits
tr_741c8b0712,I am suppose to be getting a refund from something I purchased but it hasn't showed up in my account.,Refund_not_showing_up
tr_3b8ece5ff7,The ATM keeps declining my Transaction . I tried two different ATMs already Would you please check if everything is okay with my account?,declined_cash_withdrawal
tr_e963cbc718,Is it simple to transfer money using my credit card?,topping_up_by_card
tr_731a6c9e9f,Can I purchase with cash or cheque?,top_up_by_cash_or_cheque
tr_d43ffaeeaa,What do I do about my expired card?,card_about_to_expire
tr_ac2c852be2,Can i have the item refunded?,request_refund
tr_d54ec7ae3d,What should I expect to be charged on a SEPA transfer?,top_up_by_bank_transfer_charge
tr_a1e2863c9d,Can you transfer money to your card by bank transfer?,transfer_into_account
tr_41058268af,It shows that the transfer on my account wasn't allowed.,beneficiary_not_allowed
tr_17878cff2d,"I used to know my password, but not anymore.",passcode_forgotten
tr_6372c259a3,I can't use the app because I got mugged yesterday and they took everything. Please help.,lost_or_stolen_phone
tr_13be214c90,Can I transfer money using the SWIFT service?,top_up_by_bank_transfer_charge
tr_3bfa1fd8d3,"Can Google Pay be used for top up, please help?",apple_pay_or_google_pay
tr_1b60434707,How long does it take for the card to come?,card_delivery_estimate
tr_5ff3a2dfda,How long does it take to recieve my new card?,card_arrival
tr_82f84e4678,Why are my transfers being declined? It normally works but now it's declining my card. I've tried it a few times but it's still not working.,declined_transfer
tr_b8209673ba,Why wont the ATM give me cash?,declined_cash_withdrawal
tr_9d08d5bb97,Is there a reason my new card hasn't arrived?,card_arrival
tr_44f8fb0380,Is there a way for me to check my balance?,verify_source_of_funds
tr_3b50503866,I had a card payment that was declined.  Why?,declined_card_payment
tr_ae9d96e1eb,Why is the cash withdrawal under pending?,pending_cash_withdrawal
tr_32d7c5bd23,What do I have to do to get a Visa card?,visa_or_mastercard
tr_a1b04c515a,the exchange rate at which my card payment is at is wrong,card_payment_wrong_exchange_rate
tr_e800952277,How can I tell the source for my available funds?,verify_source_of_funds
tr_4e99b0b3e4,Is there an issue with my account?  I don't see a cheque deposit that I made yesterday.  Please assist.,balance_not_updated_after_cheque_or_cash_deposit
tr_37456f8fc7,What do I do if I see a cash withdrawal on my account that I don't remember making?,cash_withdrawal_not_recognised
tr_8e3ac83db6,Are my contactless settings correct? I tried to use it today but it wasn't working.,contactless_not_working
tr_9375ecb09f,How can I set a new pin.,change_pin
tr_6099c999ec,I bought something abroad and the exchange rate applied is wrong,card_payment_wrong_exchange_rate
tr_8d0984741c,Am I able to add money into my account using my American Express?,supported_cards_and_currencies
tr_49650bbc5a,"There are transactions that I don't remember making, i think someone might have gotten my card details and is now using it.",compromised_card
tr_418ff1c760,I need to transfer funds from China and quick expedition is crucial. Approximately how long does it take for a transfer from China to go through?,transfer_timing
tr_e8eb62fb32,"Last Saturday, I made a payment and the exchange rate was wrong.  I was charged too much.",card_payment_wrong_exchange_rate
tr_12e6be1573,Why is my refund not showing up on the statement?,Refund_not_showing_up
tr_f2b216758f,How long do transfers take to go though,balance_not_updated_after_bank_transfer
tr_6df53b0479,I lost the code and can not get into the app. Help!,passcode_forgotten
tr_dff1db594c,I can't find my refund. Please help.,Refund_not_showing_up
tr_425cd60e3a,The correct exchange rate wasn't given to me for an item I purchased.,card_payment_wrong_exchange_rate
tr_c8acc969aa,Can I have a tangible form of my virtual card.,order_physical_card
tr_6ce411d344,why do I have a pending payment?,pending_card_payment
tr_19301f94fd,My refund isn't showing up,Refund_not_showing_up
tr_4007586147,The ATM keeps declining my Transaction . I tried two different ATMs already can you please check if everything is okay with my account?,declined_cash_withdrawal
tr_f0b7f85f9b,I didn't make these transactions. Is someone else using my card?,compromised_card
tr_995f1e3f1f,How can I exchange GBP for AUD?,exchange_via_app
tr_93b9a9b472,There is an urgent thing that I need to transfer from China. Approximately how long will it take?,transfer_timing
tr_1c9ff56208,Can I write a cheque to top up?,top_up_by_cash_or_cheque
tr_a85dda402f,i can not see my top up,topping_up_by_card
tr_fdc8a5c94c,I have transactions that I don't recognize - I think someone is using my card.,compromised_card
tr_bd58590e5a,I used my card to get cash then I was charged a fee that I shouldn't have been charged.,cash_withdrawal_charge
tr_ca38d9788d,"Hi,  Is there any problem with app? As i am facing some issues with the exchange of crypto currency. I am extremely interested in buying.",beneficiary_not_allowed
tr_d1d3da8932,Can you help me retrieve my card?,lost_or_stolen_card
tr_ae684969f8,Why is there an extra €1 fee in my statement?,extra_charge_on_statement
tr_aeb8652c92,"I double checked that I have the correct account details already, they're right for sure. Transfer is still pending since forever. It should not have been done so.",pending_transfer
tr_f773eec205,Where do I order a card?,order_physical_card
tr_5cd1bc9b0b,Payment did not process,beneficiary_not_allowed
tr_f33dac4ffc,Where did the money transfer go?,transfer_not_received_by_recipient
tr_8d59f90765,"How long do transfers from a UK bank account usually take for you? I just made a transfer and I'm not seeing anything, wondering if it worked",balance_not_updated_after_bank_transfer
tr_da9c5f2321,"I have my residency in the US, but I would love to get a card.",country_support
tr_404d57e236,Help me use American Express to add money to the account.,supported_cards_and_currencies
tr_71ad116f1e,"I'm having an issue with transaction. I topped up my account and saw it went through, but that was a few days ago and the money isn't in my account any more. What's up with that?",top_up_reverted
tr_fd6def8f05,How do I get my card?,order_physical_card
tr_ee6011141e,I requested a refund but can't see it.,Refund_not_showing_up
tr_d10a90c1bf,is it possible to top-up with google pay.,apple_pay_or_google_pay
tr_529c215d05,What needs to be provided for identity verification?,verify_my_identity
tr_2be6bb47cb,I need to transfer to my account and cant.,beneficiary_not_allowed
tr_3c13294a35,Why verify the top-ups?,verify_top_up
tr_c1d4f48818,Why didn't I receive the right amount of cash at the ATM?,wrong_amount_of_cash_received
tr_b8f3b6da72,Need help with a stolen card.,lost_or_stolen_card
tr_be01143ab7,The seller of the items I bought online the other day hasn't received the EU transfer yet. How long do these usually take?,pending_transfer
tr_1c3434602b,Is there a limit to how much I can top up?,top_up_limits
tr_094f5811f1,Would it be possible to activate my card?,activate_my_card
tr_bd4526a6e9,What is the age limit?,age_limit
tr_0d9aef66f4,In which countries does your app work,country_support
tr_27cf7823f2,I tried to withdraw 50 pounds but it only gave me 30. Where is the rest of my money?,wrong_amount_of_cash_received
tr_933aa2faf9,The exchange rate used on your app is really bad. I'm considering closing my account because of it.,card_payment_wrong_exchange_rate
tr_42e7df1ccf,Why was I charged for cash withdrawal?,cash_withdrawal_charge
tr_4b74fa2c89,do you accept from usa credit card?,supported_cards_and_currencies
tr_1c1449e885,How can I change my old pin to a new one?,change_pin
tr_d38ec1afb2,It declined my transfer.,declined_transfer
tr_1ec20fad84,The app reverted my recent payment,reverted_card_payment?
tr_418a2c330f,Do you have EUR currency available for me?,fiat_currency_support
tr_0f1bb9a368,Can I top off with a debit card?,supported_cards_and_currencies
tr_945297a0e1,Are there any express fees if i want my new card faster?,card_about_to_expire
tr_afba852a5b,I haven't received my virtual card yet!!,getting_virtual_card
tr_005e6a30ea,Can I change or hold different currency?,fiat_currency_support
tr_c8cfb29d3d,Is the exchange rate the same on weekends as the weekdays?,exchange_rate
tr_ce3ac6df0b,I saw a fee on my receipt from withdrawing money while shopping earlier.  Is there supposed to be a fee for this type of transaction?,cash_withdrawal_charge
tr_075a8d9508,Why was my cash withdrawal declined by the ATM?,declined_cash_withdrawal
tr_360fe5051b,Please help to explain to me why my new card was declined when I tried to use it at my grocery store this morning to pay for the items I needed.  I tried three times to use it and it kept being declined.  I was very embarrassed standing there trying to buy my groceries.,declined_card_payment
tr_280a4bc4f1,How can I verify my top up?,verify_top_up
tr_8340ba1774,I want to deactivate my account.,terminate_account
tr_07d935ffc0,I've made a horrible mistake!  I transferred money to the wrong account by accident!  I entered one of the digits wrong.  I need this cancelled immediately please.,cancel_transfer
tr_dcf918ffe7,Why can I not choose the card i want?,visa_or_mastercard
tr_ca29255c79,Should I keep waiting for my card to be delivered?,card_arrival
tr_5848979183,How long will my most recent transfer take to go through? The recipient needs the money urgently.,transfer_not_received_by_recipient
tr_b79e4ee704,Why isn't my id verifying?,unable_to_verify_identity
tr_c9741a74e7,The exchange rate was incorrect for this item I bought.,card_payment_wrong_exchange_rate
tr_a05373ac84,I got cash and was charged a fee that shouldn't be there!,cash_withdrawal_charge
tr_d68aa9a97e,Please provide details on how to top up my account using transfer option,transfer_into_account
tr_0df20f1c9a,What's the deal with verifying the top-up?,verify_top_up
tr_47c1be33f8,My card doesn't work when I use it.,card_not_working
tr_a7444615ef,How can I get my card out of the ATM?,card_swallowed
tr_ba69486b0b,let me know how many disposable cards I can have?,disposable_card_limits
tr_b0637bf036,I don't see my top up in my wallet.,topping_up_by_card
tr_e9d9074fc2,Why won't my card work.,card_not_working
tr_550616c704,My card payment did not go through.,declined_card_payment
tr_889460be3e,"I bought something online a couple days ago, sent the money immediately online but the seller says it's still not there yet. How long do EU transfers actually take?",pending_transfer
tr_cf2ff1f206,why have I got a pending transfer? I'm confused!!,pending_transfer
tr_108185d15b,Will it take more than 3 days for my transfer to reach my account?,transfer_timing
tr_a2e6af903c,My card shows a cash withdrawal I don't recognize.,cash_withdrawal_not_recognised
tr_d4aab9ec77,How fast are transfers from Europe?,transfer_timing
tr_442197eec1,Why was a payment I made reverted?,reverted_card_payment?
tr_9841d57644,Why hasn't the money transfer arrived yet?,transfer_not_received_by_recipient
tr_f57f9ee186,I inadvertently completed a transaction on a wrong account.,cancel_transfer
tr_a631ef9a6e,What happens when a beneficiary can't receive my transfer?,beneficiary_not_allowed
tr_1d04ec0a39,"This is frustrating, I'm at work and my transfers are not going through. I keep getting an error message, I do not have time for this.",beneficiary_not_allowed
tr_d3b20991ec,"My card was used without my permission, what do I do?",compromised_card
tr_25d0472a6e,It didn't give me my cash,wrong_amount_of_cash_received
tr_342781ef04,How do I go about changing my address?,edit_personal_details
tr_2f8534243d,Where can I find a list of descriptions the disposable cards have?,disposable_card_limits
tr_7daf059ef9,Where did the money I deposit go??,balance_not_updated_after_cheque_or_cash_deposit
tr_acab896e54,Do I need to pay extra for exchanging currencies?,exchange_charge
tr_e4a71e8ca9,What is the point of verifying a top up?,verify_top_up
tr_290a8614b2,Why is the payment showing as pending from things I bought this morning?,pending_card_payment
tr_1015491ad5,I deposited cash but it isn't showing up in my account,balance_not_updated_after_cheque_or_cash_deposit
tr_490b7bbd76,What cards and currencies can I use to top up my account?,supported_cards_and_currencies
tr_429ca3a0fe,Can I use my American Express card to add money into my account?,supported_cards_and_currencies
tr_e4a39f7122,Is there a charge for getting cash?,cash_withdrawal_charge
tr_55555fc5fc,I think my passcode was changed,passcode_forgotten
tr_9b9db9c999,How do I get a refund for an unauthorized direct debit payment?,direct_debit_payment_not_recognised
tr_3c6786eb30,Am I permitted to have a spare card?,getting_spare_card
tr_c6f0595b26,I may have entered the PIN wrong and the account is blocked.  What do I have to do to get it unblocked.,pin_blocked
tr_502c157782,I placed a cheque but the funds aren't there,balance_not_updated_after_cheque_or_cash_deposit
tr_9e4c4c7ab5,I received a different amount of cash than what I entered.,wrong_amount_of_cash_received
tr_0dfd2dfbff,Where is my money transfer?,transfer_timing
tr_d93e841dac,When will my transfer move from pending to confirmed?,pending_transfer
tr_6a74245f69,Got only $20 when I tried to withdraw $100.,wrong_amount_of_cash_received
tr_706a2f2804,I was only given $20 when I tried to get $100,wrong_amount_of_cash_received
tr_acad19ea65,Can I use my account although my identity verification has yet to pass?,why_verify_identity
tr_55d2b97aa1,"I just bought an item and would like to stop payment, is this possible?  The item has not been received yet.",request_refund
tr_05580ab58f,How long do I have to wait for my bank transfer to appear in my account?,balance_not_updated_after_bank_transfer
tr_26110e081b,How can I top up with Google play?,apple_pay_or_google_pay
tr_4a326ba4b1,"I dont know what happened, but my payment was cancelled",reverted_card_payment?
tr_910a1eef4c,why am I being charged a fee for transferring money ?,transfer_fee_charged
tr_cdd18f1193,Why did I get charged a fee for my card payment?,card_payment_fee_charged
tr_6325d1750d,A mortgage payment I'm making is giving me an error message.  This is the first time I'm making this payment and want to know what's wrong.,failed_transfer
tr_9b72753f86,The applied exchange rate is wrong for the cash I got abroad.,wrong_exchange_rate_for_cash_withdrawal
tr_f2cd3a74fe,"My PIN got blocked, help.",pin_blocked
tr_172fe5a443,Can you please tell me why my transfer failed?,failed_transfer
tr_b630392dbb,I'm waiting for my transaction to complete.,transfer_not_received_by_recipient
tr_8c307711a5,I want to exchange USD and GBP with the app,exchange_via_app
tr_fa19bc932f,I misplaced my phone so I can't use the app! Does this mean I can't use my card?,lost_or_stolen_phone
tr_14aaa390d6,What factors determine your exchange rate?,exchange_rate
tr_0dd9abac16,Will the system automatically top up itself?,automatic_top_up
tr_0f1b54c05f,Looking at my statement I see that I was double charged for a payment I made.,transaction_charged_twice
tr_b4cbbbd279,Why am I being charged to withdrawal money?,cash_withdrawal_charge
tr_e6ebe8c0f6,Am I charged if I make a top-up?,top_up_by_bank_transfer_charge
tr_72869d4d59,"I Withdrew cash from an ATM earlier but it shows up as pending in the app. How can this still be pending, I received the cash already?",pending_cash_withdrawal
tr_1db1bcd650,I can't do the verification.,why_verify_identity
tr_0485f52467,Is my account accessible even though my verification of my identity has not passed yet?,why_verify_identity
tr_768d2ba257,What is the rate for exchange fees?,exchange_charge
tr_339bf6f70b,Can I give a second card for this account to my daughter?,getting_spare_card
tr_67fe98605e,I completed I transfer the day before yesterday in this country. The transfer still is not complete. I've checked on the account number multiple times to make sure that it is the right one. Can you check to see what's going on with this?,transfer_not_received_by_recipient
tr_f4ed38ac44,I have a disposable card but it does not work?,virtual_card_not_working
tr_ed2295169e,How come the money from the merchant appeared back into my account?,reverted_card_payment?
tr_1eb1e60a66,Why was I charged a fee for my card payment?,card_payment_fee_charged
tr_42d5f5e83b,Why isn't my card working anymore?,card_not_working
tr_32413e9e63,The ATM won't let me take out cash,declined_cash_withdrawal
tr_6a25ac42e8,What is the greatest number of times that I can top-up?,top_up_limits
tr_de7f16cf51,There's a payment in the app I don't recognize.,card_payment_not_recognised
tr_1d8e430d48,Explain why a card payment would be cancelled?,reverted_card_payment?
tr_6bc147f047,Why isn't my Google Pay top up working for me? Did I do something wrong?,apple_pay_or_google_pay
tr_1f969ef650,"I have lost my card, but need to place an online order! How do I get a virtual card instantly?",getting_virtual_card
tr_e311fb8cc2,Is there a problem with your system being down or something? I have already tried 5 times to issue a standard transfer but I'm getting nowhere.,failed_transfer
tr_b2a7c4ef0b,The ATM machine would not give my card back,card_swallowed
tr_8be8662f90,I'm really upset because I made a typo during a transfer and now I've sent money to the wrong account.  I can't fix this with the app.  Please help me immediately!,cancel_transfer
tr_cb14b008ee,I dont have a pin,get_physical_card
tr_4d9dcc470f,Can i get money in my home currency at some ATM ? As I am on holiday and bit concerned because i do not have any cash with me . Is it possible to withdraw without any additional cost.,wrong_exchange_rate_for_cash_withdrawal
tr_c2d6753a6e,how do you get exchange rates,exchange_rate
tr_4c6eb678e1,After making a transfer from a UK account it's not showing up. How long do these transfers normally take for you? I want to be certain everything is all right.,balance_not_updated_after_bank_transfer
tr_1da101d673,Why was the payment on my card declined?,declined_card_payment
tr_a9bba46912,I can't get google pay to work right.,apple_pay_or_google_pay
tr_d31bc41f94,Please tell me why I was charged additionally when I used the card.,card_payment_fee_charged
tr_01d25bbf1f,Can you explain to me why a top up would be reverted?,top_up_reverted
tr_251df8faa7,I would like to know more about what a disposable virtual card is?,get_disposable_virtual_card
tr_f039e6b211,Where do I order a virtual card?,getting_virtual_card
tr_3fac8ab698,How do I use the disposable cards?,get_disposable_virtual_card
tr_defb349c55,How do I link a new payment card?,card_linking
tr_191bb693c8,"I'm pretty frustrated about a pound charge that keeps  showing up in my account statement. It's listed in the app as ""pending"", it never changes, and now I'm thinking someone's hacked my account!",extra_charge_on_statement
tr_8e8d97648d,No option to top up with a cheque ?,top_up_by_cash_or_cheque
tr_1e8a184ad3,"Hello. My credit keeps being declined, last night and again today, as I try to buy something. What is the status of my card?",declined_transfer
tr_ffb7d651e5,"My top up keeps showing pending?  How long will things be like this?  Days, weeks, months?  I need the money quite urgently for an important coffee purchase, can you please let me know when top up will work?",pending_top_up
tr_e8397bd8b7,Who can request disposable cards?,disposable_card_limits
tr_fb08181fec,The exchange rate is incorrect on an item I recently purchased in a foreign country.,card_payment_wrong_exchange_rate
tr_fb18816c07,What would be a reason my transfer got declined?,declined_transfer
tr_93ba239da3,How long does it take for a transfer to post,balance_not_updated_after_bank_transfer
tr_c623daedc3,I am here to change my adress.,edit_personal_details
tr_a9de2ef6c8,Who do I make a check out to if I want to top off my account?,top_up_by_cash_or_cheque
tr_062f9b9980,"Help, the ATM didn't give me all the money I requested",wrong_amount_of_cash_received
tr_7cd570ed96,Says that my top-up is incomplete?,pending_top_up
tr_72ab7382da,There was a purchase on my card recently to a name that I don't recognize at all. What can be done about this? I need my money back.,card_payment_not_recognised
tr_e680b47c8a,Please send my card as quickly as possible.,card_delivery_estimate
tr_3ddca22a31,I have been trying to make a transfer and it won't go through. I have checked all the receipts and its all correct but still won't let me do it.,declined_transfer
tr_34ac539c85,my cash out is still pending,pending_cash_withdrawal
tr_a50ced26aa,"There is a pending payment on my account, what does this mean?",pending_card_payment
tr_e4b0273be5,How can I access my account when I have lost my phone?,lost_or_stolen_phone
tr_6367545560,I am locked out from entering my pin.,pin_blocked
tr_5a175dbb24,Can I get a Visa instead of a MasterCard?,visa_or_mastercard
tr_be876531ca,Am I charged a fee to transfer funds?,transfer_fee_charged
tr_a631ad1dcc,"If I'm getting my identity verified, what all do I need?",verify_my_identity
tr_53a9416534,Can you track my card for me?,card_arrival
tr_e8414fe8a8,Why does my statement show various transaction times?,transaction_charged_twice
tr_9d41858c45,Do you issue cards for someone living in the US?,country_support
tr_d8939b3ade,What do you use disposable cards on?,get_disposable_virtual_card
tr_0a4503aaad,Please tell me where I can update my details since I moved.,edit_personal_details
tr_cbb8648cbe,I've made a transfer from France two days ago but I was wondering if international transfers take longer to arrive because it hasn't made it yet.,balance_not_updated_after_bank_transfer
tr_d20f5c5a4b,It is extremely important that I cancel the transfer I made yesterday and put the money into a different account.  Is this possible?,cancel_transfer
tr_bc579bc283,I need to cancel a purchase?,request_refund
tr_428d587ab6,Why was I charged a fee for transferring money,transfer_fee_charged
tr_5b42621b79,Could I chose the date to have it delivered?,card_delivery_estimate
tr_9181eac59e,How long will my top-up be pending?,pending_top_up
tr_9390a1ebf1,What fees are charged when I top up,top_up_by_card_charge
tr_3055ea1247,Where do I go to unblock my PIN?,pin_blocked
tr_d737eb605d,Can it add money automatically while travelling,automatic_top_up
tr_078e7e548c,Why am I being charged certain fees? I noticed a fee after I withdrew some money for groceries earlier today.,cash_withdrawal_charge
tr_f5c93bace9,I just bought an item and changed my mind.  I have not received it yet how can I get refunded.  Thank you.,request_refund
tr_685adbae18,My new card came in.  How do I activate?,activate_my_card
tr_0c36589aef,Does it cost to add money to my card?,top_up_by_card_charge
tr_f1361a21a8,Can I have money transferred into my account at different intervals along my trip?,automatic_top_up
tr_eb5c03f122,Can you tell me when my money transfer will go through,pending_transfer
tr_16a50d32d6,"I know this very late, but I just went through my statements from the last couple months and there's one quite large-ish payment that I definitely haven't made. Is it still possible to dispute it?",direct_debit_payment_not_recognised
tr_4e5d902a9f,"Hi, My card is getting declined continuously when i am trying to top-up. Request you to look into this issue or tell me any other alternatives.",top_up_failed
tr_3ea20472f2,"If I found an error in my account for a transaction I didn't make, how long to I have to dispute it?",direct_debit_payment_not_recognised
tr_47ac9aa635,Could I raise a dispute for a large payment that i found out was not done by me in my couple of last statements? I am aware its delayed now. Please help me out.,direct_debit_payment_not_recognised
tr_bb0e0f4162,I want to know where my money comes from.,verify_source_of_funds
tr_8bc6e56f14,I got billed an extra pound!,extra_charge_on_statement
tr_cf75d69e5d,Can my friends top up my account?,topping_up_by_card
tr_ee501e9dad,What is preventing me from adding a specific beneficiary?,beneficiary_not_allowed
tr_7cc6f56fcb,What do I do if I have been charged twice?,transaction_charged_twice
tr_b845e3c8f2,Is there an age limit to get an account?,age_limit
tr_adb682e2f3,As far as courtries go which ones are supported?,country_support
tr_832a74de34,Why is my money not in my account. I have already sent it out.,balance_not_updated_after_cheque_or_cash_deposit
tr_f7c988d137,Will you charge me more if I top up with an international card?,top_up_by_card_charge
tr_b3b1a5806d,Can I reactivate my card? I reported it lost and found it this morning in my jacket.,card_linking
tr_e594d0efd6,Do you know how I can verify that I did a top-up to my card?,verify_top_up
tr_9e23505fe3,Is it possible to get one of your cards in the European Union?,country_support
tr_8ec02549b6,Which countries do you operate in,country_support
tr_ed2e75bed9,I needed cash from the ATM but I couldn't get it.,declined_cash_withdrawal
tr_731f074284,Do I get charged for a top up from a European bank?,top_up_by_card_charge
tr_dfff43ef74,Is there anywhere  In the  Eu  this card can not be delivered in,country_support
tr_ff899dd56d,Can I get paid for this in another currency?,receiving_money
tr_23642eb497,"I was out today looking forward to paying with my brand new card, turns out the payment just kept getting declined. This is pretty sad, what's going on?",declined_card_payment
tr_cec46972ec,I sent money about 5 days ago and the recipient has not received the money yet.,transfer_not_received_by_recipient
tr_232f32e9f8,"Transfers may show up as pending for up to one business day while they are processed, and then they'll depart for the beneficiary accounts. Please confirm that you have correctly entered your account details. SEPA transfers typically take up to two working days, while SWIFT transfers can take up to five working days.",pending_transfer
tr_33d2e0ac22,"I may need to exchange my USD for GBP, can your app do that?",exchange_via_app
tr_307a511566,"I need an actual card that I can hold in my hand, how do I do that?",order_physical_card
tr_710900df6d,hello I have lost my phone and I'm worried someone's going to steal money from me,lost_or_stolen_phone
tr_facf76fc19,Are there ATM fees?,cash_withdrawal_charge
tr_1cece50f89,I could only take the amount of money that was available to me which was less then I expected.,wrong_amount_of_cash_received
tr_68721e0aa0,Why didn't my card payment work?,declined_card_payment
tr_967d0f4dae,why was a extra fee added to my account for transfer ?,transfer_fee_charged
tr_ec6d5c4f2c,The exchange rate applied is wrong for my international purchase.,card_payment_wrong_exchange_rate
tr_cd9fbb9690,Can you help me get Top Up to work in the Apple Pay function?,apple_pay_or_google_pay
tr_60f6316ed6,Can you tell my why my funds transfer did not work properly?,failed_transfer
tr_dc68b7fd7d,Why would my card payment get reverted?,reverted_card_payment?
tr_1ba58b0c67,Please list the countries you support.,country_support
tr_37acad7472,Where in the app do I link a new card?,card_linking
tr_89de3d0d24,"My top-up was supposed to be done, but now the money is gone! Is there a glitch in your system?",top_up_reverted
tr_26df39d3e6,I'm not satisfied with the services that you are providing.  I would like to end my services and delete my account.,terminate_account
tr_2949bbe792,How can I transfer money using my credit card?,topping_up_by_card
tr_c9af09d818,Are there fees for receiving a SEPA transfer?,top_up_by_bank_transfer_charge
tr_a258f6e1e2,Is payment required to get a card of my own?,order_physical_card
tr_0a39555038,What exchange rate will I receive?,exchange_rate
tr_05a3fe3e25,"I have checked the account information several times to be sure that it is correct, but the in country transfer I did a few days ago still has not appeared! What is the hold up?",transfer_not_received_by_recipient
tr_c1ac33a17b,"My money is gone. I had topped up recently and saw it was there, but now it's disappeared, what's going on?",top_up_reverted
tr_4f2207f37b,Is there something wrong with the transferring functions? I keep trying to transfer funds and only get an error message.,beneficiary_not_allowed
tr_4ac6b04afd,Why can I not make a transfer?,failed_transfer
tr_bdea7677e9,How do I get my card on the app?,card_linking
tr_c6fa6ba422,Why was i charged for making a withdrawal? After i went grocery shopping i withdrew some money from my account and now there is another charge.,cash_withdrawal_charge
tr_2c2241c5aa,What if I need my salary in another currency?,receiving_money
tr_4c87f29969,Do I need to add my salary?,receiving_money
tr_26d68d35fa,What's wrong with my ID? I can't verify it.,unable_to_verify_identity
tr_2f73ecbd2f,My payment was declined,declined_card_payment
tr_98ecf5dabb,What am i missing to verify my id?,unable_to_verify_identity
tr_5e9ab68397,What are the disposable card limits?,disposable_card_limits
tr_d53c5acc01,"I froze my account, but how do I order a replacement card?",compromised_card
tr_222eddffa8,How much more do you charge for currency exchange?,exchange_charge
tr_db52ddb622,How is the exchange rate doing?,exchange_rate
tr_cff0cb086f,How long do I need to wait to see an update after I make a bank transfer?,balance_not_updated_after_bank_transfer
tr_57eb0eb260,I would like to know how my friend would be able to send me money,receiving_money
tr_627c21a718,why does it take so long to verify my id,unable_to_verify_identity
tr_75a035ad91,Will there be extra charges regarding to adding money into my international card?,top_up_by_card_charge
tr_cf069e2878,"I am trying to exchange AUD for GBP, how do I do that?",exchange_via_app
tr_5f640ee423,Where do my available funds come from?,verify_source_of_funds
tr_5e834fba1a,What cash machines will let me change my PIN?,change_pin
tr_1ddb8f2bd6,Can it add money every so often automatically while I travel?,automatic_top_up
tr_5abd6d785d,"I took out cash from the ATM, but something must have went wrong, My account shows the correct amount of cash I took out, but the ATM didn't give me that amount. How do I get my money back?",wrong_amount_of_cash_received
tr_8ead208c97,I cant get money out of the ATM with my card.  I just put my card in the ATM but it will not allow me to take any money out.  What do I need to do to fix this?,declined_cash_withdrawal
tr_bb1507bf7c,What do I need to do to get my salary through this?,receiving_money
tr_52aef9ab12,Do I get a discount if I exchange currencies a lot?,exchange_charge
tr_36e988f9b3,My account is  new  why can I  not top up,pending_top_up
tr_586dcefac9,How will I know my pin number?,get_physical_card
tr_332c7858ed,Can i top up by card?,topping_up_by_card
tr_37528f17f1,Why is the app showing a still pending message on a withdraw that has already been done?,pending_cash_withdrawal
tr_c98f5d96de,Do you charge for sending more cards?,getting_spare_card
tr_ef7158ffb6,Are there cash machines where I can change my PIN?,change_pin
tr_fe04e2e4c3,I AM MISSING CASH FROM MY BANK ACCOUNT ACCORDING TO MY APP,cash_withdrawal_not_recognised
tr_4cd8891537,What should I do if I think that someone might be using me card?,compromised_card
tr_01ff66d2e3,Exchange rate on a purchase was incorrect,card_payment_wrong_exchange_rate
tr_353e0666ca,How do the foreign exchange rates work?,exchange_rate
tr_d00880cdab,Is there a way yo change my PIN?,change_pin
tr_74d020bb5c,I used the wrong account.,cancel_transfer
tr_8756d58621,My bag got stolen with all my cards. Can you please cancel my card and send a new one?,lost_or_stolen_card
tr_fe966741d3,There's a card payment with a name I don't recognize,card_payment_not_recognised
tr_7b491d3134,I am still waiting for a transfer I did,balance_not_updated_after_bank_transfer
tr_e67006cecb,Where do I find my PIN for my new card?,get_physical_card
tr_339d4b9e13,"I put money into my account in the form of a cheque, but my balance did not change.",balance_not_updated_after_cheque_or_cash_deposit
tr_9caae56c26,I was charged too many times for one transaction.,transaction_charged_twice
tr_5cdce84d6b,Do you support changing the currency I use?,exchange_via_app
tr_388320b3e4,I made a transfer from my UK account a couple of hours ago.  Could you please make sure everything went alright.,balance_not_updated_after_bank_transfer
tr_3ee49c8f4c,My app is displaying a payment I didn't make,card_payment_not_recognised
tr_92a785e996,The exchange rate was messed up from the ATM,wrong_exchange_rate_for_cash_withdrawal
tr_73d502bc1a,how do I get my card to show in the app?,card_linking
tr_cdf12fb6fb,Which foreign currencies can I get transferred into my account?,receiving_money
tr_ee7282ea60,Why does a payment show up twice?,transaction_charged_twice
tr_4f4406a6ce,"I don't know what my passcode is, can you help?",passcode_forgotten
tr_98882fe5fd,A percentage fee was charged to my withdrawal.,cash_withdrawal_charge
tr_f2edd26f10,What's going on with my balance? Shouldn't it be a bit higher since I deposited a cheque a day ago?,balance_not_updated_after_cheque_or_cash_deposit
tr_0f35e085ca,I need your help immediately.  There is a 500£ cash withdrawal that I know nothing about.  I think my account has become compromised.,cash_withdrawal_not_recognised
tr_82948d4b79,What are the places that you deliver cards to?,order_physical_card
tr_9790c5a9f6,I have multiple of the same transaction,transaction_charged_twice
tr_594fc8c173,where can i see money source?,verify_source_of_funds
tr_68444e4a49,I have noticed that my account was double charged for a couple of items this week. Please review and refund the double charged items back.,transaction_charged_twice
tr_508459a6b4,Where can I use my Mastercard?,card_acceptance
tr_f7bccd73bd,am suspicious of my card's security,compromised_card
tr_5a8f18d9c1,I tried to top-up but it got denied.,top_up_failed
tr_0a5653a370,Can I get some help to get me card activated?,activate_my_card
tr_59478d85df,What cards do you support,supported_cards_and_currencies
tr_d04294c55c,What documents do I need to validate my identity?,verify_my_identity
tr_3ed7c2f5f5,When will my balance reflect a deposit?,balance_not_updated_after_cheque_or_cash_deposit
tr_366a8d1de6,I'd like to apply for a Visa Card.,visa_or_mastercard
tr_667ad9cd3e,I attempted to get cash in the ATM but I was denied,declined_cash_withdrawal
tr_869fd3d45b,my refund has not hit my account yet,Refund_not_showing_up
tr_706f8f020e,What are the details of disposable card limitations?,disposable_card_limits
tr_531bcabe35,Do you have any card fees if I want to add money using an international card?,top_up_by_card_charge
tr_aa0aa386f0,Can you please help me in canceling my order.,request_refund
tr_47e4ed01e0,what is the exchange rate for foreign ATMs,wrong_exchange_rate_for_cash_withdrawal
tr_9c9bda4859,I cant transfer money into my account,beneficiary_not_allowed
tr_b66425616d,"The transfer keeps rejected, I tried to transfer some money to friends but it keeps getting rejected for some reason, Would you please check the issue?",failed_transfer
tr_383dfb627d,"My money has disappeared. I had recently added money in, and saw it was there and went through. Now it's gone. What is happening?",top_up_reverted
tr_8178e11975,What age do you have to be to open an account?,age_limit
tr_bbb54f5101,What are Interbanks current exchange rates?,exchange_rate
tr_cf8b68eddb,"So, my transfer is showing as pending, when will it actually go through?",pending_transfer
tr_9374cea0eb,"Hello, I have noticed a problem on my recent withdrawal at the banks atm machine.  I made a transaction and upon receiving my funds from the machine, a fee was assessed to my withdrawal.  Are these types of transactions free of charge?",cash_withdrawal_charge
tr_68bddd15c2,Why do I see an extra £1 charge on my statement?,extra_charge_on_statement
tr_f826e8797e,"I'm really concerned because I only made one transaction, but it's appearing multiple times.",transaction_charged_twice
tr_a8524bf3ab,Why have I been charged an extra £1?,extra_charge_on_statement
tr_142bfdc6fb,"If I am not in the country and I need to change my PIN, how can this be done?",change_pin
tr_c38130f3b1,Why did my top-up not get approved this time?,top_up_reverted
tr_9606bddd15,Why is my transfer not showing,balance_not_updated_after_bank_transfer
tr_0e41f9964b,When can I expect my refund?,Refund_not_showing_up
tr_c5bcb7e3ee,Why is there extra cash in my account?,cash_withdrawal_not_recognised
tr_20f32d12dc,Can I change my PIN without being physically present?,change_pin
tr_7a3306a22e,Will you be adding more currencies in the future?,fiat_currency_support
tr_55f967d557,Was I charged extra for using my card?,card_payment_fee_charged
tr_669125035f,When will a transfer from the US post?,transfer_timing
tr_9e5d761216,What if my top up didn't work?,top_up_failed
tr_58492982e1,Any extra charges for exchanging currencies?,exchange_charge
tr_19afd69f83,I see a direct debit charge that I did not approve,direct_debit_payment_not_recognised
tr_ec01e48225,can you express my card to me?,card_delivery_estimate
tr_f296e0d525,There is an odd payment in my statement,card_payment_not_recognised
tr_52b06c9a2e,Card activation steps,activate_my_card
tr_757d9ee8d5,The ATM is showing it gave me the money I requested but I didn't get that amount.,wrong_amount_of_cash_received
tr_620a80d8c0,My statement shows an extra fee - what is it?,extra_charge_on_statement
tr_9635789c14,"I need to hold money, what currencies can I use?",fiat_currency_support
tr_580c719c5f,"I've been waiting a while for my card, is there a way to know when it will arrive?",card_arrival
tr_64d86e0175,Can I get both a Visa and a Mastercard from you?,visa_or_mastercard
tr_a441fd0a1b,Can you tell me why I wasn't able to complete my transfer?,failed_transfer
tr_52d3b53c06,What is the process for transferring money into my account?,transfer_into_account
tr_f2b142a2f0,Why did you charge me for taking out cash?,cash_withdrawal_charge
tr_436d2c3e4c,Can this app exchange American and English currency?,exchange_via_app
tr_f8d85bfe93,I want to add funds to my account. What payment methods are accepted?,supported_cards_and_currencies
tr_26e9be4cc1,Can I order a new card to China?,card_about_to_expire
tr_476bbee168,the exchange rate was different than expected,wrong_exchange_rate_for_cash_withdrawal
tr_5cf8598753,how long are my top ups pending,pending_top_up
tr_1ba1531373,What is the refund procedure?,request_refund
tr_85e14f8156,Can I unblock my PIN in the app?,pin_blocked
tr_b883a5997d,why isn't my top-up going through?,pending_top_up
tr_147efb6ee9,I tried to transfer but it was declined,declined_transfer
tr_2edf4df000,I was charged an extra pound for no reason. Why is that?,extra_charge_on_statement
tr_fb68688534,I have a payment that shows twice,transaction_charged_twice
tr_26a3ab4082,Can I track the card you sent to me?,card_arrival
tr_da859b7e93,"Transfer was declined, could not complete request.",declined_transfer
tr_7f62b02087,I see a reverted payment on my account. Why has this happened?,reverted_card_payment?
tr_9124f2f34a,When will I get a virtual card? I haven't gotten one yet,getting_virtual_card
tr_fc36d8724c,Currency exchanges have any extra fees?,exchange_charge
tr_165a0fbe25,When I purchased a product in another country the currency exchange was incorrect.,card_payment_wrong_exchange_rate
tr_0ed8652921,Why did my payment not go through why did it cancel?,reverted_card_payment?
tr_1d917300c3,My top up says it is still pending,pending_top_up
tr_95182cf00a,What are the restrictions on the virtual cards?,disposable_card_limits
tr_bd9730b0b0,Why did my top-up not work?,top_up_failed
tr_a93205d9a0,I have a fee showing from last time I used my card.,card_payment_fee_charged
tr_bd9f46c683,What's the limit for disposable virtual cards?,disposable_card_limits
tr_03ce71fbed,Please send my refund now.,Refund_not_showing_up
tr_fc26d16837,"The service here is horrible, I want to delete my account.",terminate_account
tr_449b104a90,why is there a service fee on my statement?,extra_charge_on_statement
tr_14aa98a861,"Please help me in this, as i was unable to make any payment by my new card,  it was getting declined repeatedly. I am not very happy with this incident.",declined_card_payment
tr_7d304e3b23,Can my 8 year old grandson open an account at the bank?,age_limit
tr_6c98b6751c,"Hey i need help urgently. I just realised I sent my payment to the wrong account number, there is a typo! Please cancel it immediately, I can't do it anymore from the app",cancel_transfer
tr_bbc16fc2c1,Why am I unable to withdrawal cash?,declined_cash_withdrawal
tr_08b9f95aa7,"I would like to close my account, as I'm not happy.",terminate_account
tr_0b29d85d6c,My payment was stopped,reverted_card_payment?
tr_12c9feada1,is there a way to change name?,edit_personal_details
tr_3183a057f3,How can I fix my contactless?,contactless_not_working
tr_a6d03e2751,I think someone may have cloned my card or something.  My card isn't lost but I just saw a charge of $500 cash withdraw.  Can you help me?,cash_withdrawal_not_recognised
tr_2321503641,How do I go about topping up with Google Pay?,apple_pay_or_google_pay
tr_69e217291c,What is the exchange rate for EUR?,exchange_rate
tr_dd07cd8292,I wanted to know why a top-up I made has been reverted.,top_up_reverted
tr_3dc82fbba7,I went tot the ATM earlier today and didn't realize this till now but I did not get all the money I requested.  I believe my account was charged for 100 but I only got 80.  Is there any way we can solve this problem?,wrong_amount_of_cash_received
tr_9bd101ef71,Why was I unable to complete my transfer?,failed_transfer
tr_e5f8c1a69f,"I have not received my card and it's been a week, what do I do?",card_arrival
tr_2650a0df74,I transferred some cash and it didn't arrive,transfer_not_received_by_recipient
tr_1e0e59b07e,My phone is missing.,lost_or_stolen_phone
tr_bf463fbcc0,I sent you a cheque a few days ago and I noticed that nothing has happened yet. Can you tell me the status of my cheque please?,balance_not_updated_after_cheque_or_cash_deposit
tr_7df2c27cc2,My top-up was just cancelled.,top_up_reverted
tr_5c755f1666,Why did I get charged one pound seemingly randomly?,extra_charge_on_statement
tr_01f7549a3a,I bought something online and it says there was a fee to transfer money. Isn't that free?,transfer_fee_charged
tr_6c65a2271f,Where can I check to see if there will be a fee added to my payment? Are there specific instances that will result in a fee added?,card_payment_fee_charged
tr_c60f30ff31,I would like to reactivate my card that I previously reported lost. I located the card this morning.,card_linking
tr_8fe71cff61,I got a new address and need to change my information.,edit_personal_details
tr_5c3b19a90e,can i transfer money i the app,transfer_into_account
tr_b9160922ec,"How long does it take for transfers to process?  I sent funds to a friend, and she says that she has not yet received anything.",transfer_not_received_by_recipient
tr_204ed57c5a,I made a transfer into my account and now I need to cancel it,cancel_transfer
tr_03f406b662,I have used all of my PIN tries. What should I do now?,pin_blocked
tr_76714fb705,Can I get a card in the EU?,country_support
tr_26d29a23b6,The contactless payments are not working.,contactless_not_working
tr_ed56bd6268,I'd like to open an account for my kids can I do that?,age_limit
tr_f74e7cd163,How long is delivery to the US?,card_delivery_estimate
tr_eadd22ac22,Why would my payment have been returned to my account?,reverted_card_payment?
tr_fd0285591c,How can I verify if a cash withdrawal was made from my account? I still have my card with me but I did not authorize the withdrawal that just occurred.,cash_withdrawal_not_recognised
tr_3e88c9e3a8,My purchases from this morning are showing up as payment pending. Can you tell me why?,pending_card_payment
tr_d901161dcb,The app reverted after I topped-up,top_up_reverted
tr_3ff071354f,I tried to get funds in hard cash but it was rejected!,declined_cash_withdrawal
tr_886553248a,I am under the impression that my top up is still pending,pending_top_up
tr_211cebdf4f,Why wouldn't my withdrawal go through?,declined_cash_withdrawal
tr_af0c2eeabb,"I want to reactivate my card, I thought I had lost it but found it again in my jacket this morning.",card_linking
tr_a90b99021a,I requested a refund from a merchant but don't see the money in my account.  Are you able to check with the merchant or process the refund manually?,Refund_not_showing_up
tr_721e50e071,why can't my beneficiary make transactions?,beneficiary_not_allowed
tr_6023f958a5,Can I check to see where the funds came from?,verify_source_of_funds
tr_89defe30e9,I need to order a new card as my other one was stolen.,lost_or_stolen_card
tr_08fc7f5b3e,Am I able to get a refund for a purchase?,request_refund
tr_aecf7c0498,Am I able to have a card sent to China?,card_about_to_expire
tr_88b4f90fb1,How many currencies can I have money in in my account?,fiat_currency_support
tr_fca4757652,Is it possible to change my pin if i am out of the country?,change_pin
tr_146cd4b047,The ATM wouldn't allow me to withdraw money,declined_cash_withdrawal
tr_e9f9aab0f3,"I want to top up from my Apple Watch, can I?",apple_pay_or_google_pay
tr_021a9757f7,I have a problem with a transfer. It didn't work. Can you tell me why?,declined_transfer
tr_4cb33b190b,I noticed an extra charge on the purchase that I made last Saturday on my account. Can you see if I received the correct exchange rate?,card_payment_wrong_exchange_rate
tr_4dcaaa52ea,There's a duplicate charge on my account?,transaction_charged_twice
tr_277ea91db2,Can I get an update on my replacement card?,card_arrival
tr_ed2ad84af0,can i verify my identity i the app,verify_my_identity
tr_100b70aa92,I have a payment in my statement that is off,card_payment_not_recognised
tr_20fbd5d065,Will my employer be able to pay me with this service,receiving_money
tr_a7dab75d4a,"I've got a problem - I purchased an item maybe a week or two ago, but to the payment came back to my account! I've already got what I ordered, so why are the payment funds showing up in my account?",reverted_card_payment?
tr_7ba9aca622,Is there an extra fee for using an ATM?,cash_withdrawal_charge
tr_56fbf88e20,There are funds in my app that I did not receive.,cash_withdrawal_not_recognised
tr_835ddc3c84,My cheque deposit didn't seem to work.,balance_not_updated_after_cheque_or_cash_deposit
tr_93caf33594,I'm still waiting on a payment,pending_card_payment
tr_81ed5aa163,How do I close my account?,terminate_account
tr_cc02c33837,How do i secure a top-up card?,verify_top_up
tr_f9143f61e2,I tried to top up my account and it didn't work,top_up_failed
tr_e3b9185451,What's the cost for exchanges?,exchange_charge
tr_a40f0c4e7e,I want to open an account for my children,age_limit
tr_fa6889bee1,How come my card doesn't work anymore?,card_not_working
tr_eb2f167b94,I saw a payment come out of my account for a merchant I don't remember.,card_payment_not_recognised
tr_ac584ce2cb,I would like to cancel a purchase.,request_refund
tr_da1266048d,"I deposited cash into my account a week ago and it is still not available, please tell me why? I need the cash back now.",balance_not_updated_after_cheque_or_cash_deposit
tr_a8c28d16cc,I don't see a refund in my account.,Refund_not_showing_up
tr_eb990061e9,Are there discounts for frequent currency exchanges?,exchange_charge
tr_679e3fb6db,how can the money machine keep my card what do i need to do?,card_swallowed
tr_2b183ffca7,How long does it take for a transfer to reach my account?,transfer_timing
tr_d7371e2b0f,How do I receive more physical cards,getting_spare_card
tr_da5166b9f1,Why was my virtual card rejected?,virtual_card_not_working
tr_acbf8f4a80,Did  my transfer fail?,failed_transfer
tr_e49cfed7d9,Delete my account please. Now!,terminate_account
tr_3c4abd0628,I received the wrong amount of cash back,wrong_amount_of_cash_received
tr_0c55b1ecd3,Why is there a fee for cash withdrawal?,cash_withdrawal_charge
tr_63614ddad9,How long does it typically take to make a transfer from a UK bank? I just made one and it hasn't shown up in my account yet.,balance_not_updated_after_bank_transfer
tr_e8a7bcf7e2,Is there a charge for top-ups?,top_up_by_card_charge
tr_552ff7c7ce,"I must quickly transfer something from China, and I need to know how long it will take.",transfer_timing
tr_17a6ef9ebb,Will the card be a Mastercard or a Visa?,visa_or_mastercard
tr_6df77ce782,After I transferred money the balance remained the same.,balance_not_updated_after_bank_transfer
tr_609b7ffcf8,When will the transaction post to my account?,pending_transfer
tr_a2c895ff3d,What's the web address to unblock my pin?,pin_blocked
tr_b9b9ac633c,Hi something is going on with the app.  I see some payments I didn't make?,card_payment_not_recognised
tr_234543dacc,How do I go forth on transferring a sum of money from one account to another?,transfer_into_account
tr_c18ddb440f,Why am I charged whenever I withdraw cash?,cash_withdrawal_charge
tr_0bd39ee1e0,"It seems like I have been waiting forever for this international transfer. Why is it taking so long? C'mon, it's 2018, things happen at a click of a button. All of the account information is correct, so how long will this take?",pending_transfer
tr_a645c58c67,Is exchanging currencies a feature of the app?,exchange_via_app
tr_71df791468,I ordered my card but it hasn't been delivered yet,card_arrival
tr_52cbdf8773,How can I get a virtual card for a one-time transaction?,get_disposable_virtual_card
tr_355530a701,Is there a way to link cards if I have one of yours?,card_linking
tr_c526eb5aa1,How do I cancel a purchase?,request_refund
tr_3d2713e810,"My top up hasn't gone through yet, why?",pending_top_up
tr_28741dc189,How come the ATM won't give me my money?,declined_cash_withdrawal
tr_54d5a509fe,"Hi, I want to inquire about my balance. Some cash was deposited and it hasn't updated yet.",balance_not_updated_after_cheque_or_cash_deposit
tr_6856879ac5,Unable to use my American Express with Apple Pay to top up my account,apple_pay_or_google_pay
tr_fa2ddfa234,I bought something with my card and I was charged a fee,card_payment_fee_charged
tr_da2e737c84,What is delivery speed to the United States?,card_delivery_estimate
tr_800153c89b,"I should only have one charge, but it shows two.",transaction_charged_twice
tr_b7c5458aa2,Why wasn't my contactless accepted at the metro?,contactless_not_working
tr_949f849b2f,"I would like to give another card to my daughter, how can I proceed?",getting_spare_card
tr_8922da326b,Can I use a bank transfer to add money to my account?,transfer_into_account
tr_d573583cf8,How do I validate my identity.,verify_my_identity
tr_bb36d33eb3,I tried to charge my card but it was declined. A couple days ago I was able to charge it and it was accepted. Is something wrong? Will you double check for me please?,top_up_failed
tr_028e982a84,The ATM shows a withdraw of the amount of money I requested but I didn't revieve that amount in cash.,wrong_amount_of_cash_received
tr_62fe5a7152,The app says I made a cash withdrawal that I didn't make,cash_withdrawal_not_recognised
tr_54f29b8d39,How can I go about getting a disposable virtual card?,get_disposable_virtual_card
tr_bbdbd143fc,My card wants to be topped what do you guys support?,supported_cards_and_currencies
tr_7eeced00fe,Why is the payment on my card still pending?,pending_card_payment
tr_1fc75f1972,Why are you charging me for ATM withdrawal? It has always been free before.,cash_withdrawal_charge
tr_eb94d9f3f1,How do I order a new card if my current one is about to expire?,card_about_to_expire
tr_77358e1f9a,why are all my identity details required,why_verify_identity
tr_f3b55485e1,how much does it cost to add money to my card,top_up_by_card_charge
tr_5e5654bb6f,What currencies can I use?,supported_cards_and_currencies
tr_646447719f,I just noticed my transfer was declined and I don't know why. Can you help me?,declined_transfer
tr_4baddfec92,Is there something that I can do since my phone was stolen yesterday?,lost_or_stolen_phone
tr_aaa08f1af1,"I found my card, am I able to put it back into the app?",card_linking
tr_b9edbb522b,I'd like to provide my daughter with a card - could I get an additional card from my account to give her?,getting_spare_card
tr_c98f5c9d48,"I've been waiting for a pending transfer to go through for a while now, and don't see any reason why I've been waiting this long.  I know that I have the correct account details, so that isn't the problem.",pending_transfer
tr_0477083214,Why is the transaction not posting?,pending_transfer
tr_c18c3ac310,What reasons could cause my top up to be reverted,top_up_reverted
tr_9f925b441f,Am I able to top up with this cheque I received?,top_up_by_cash_or_cheque
tr_743671d393,My card got charged twice for the same thing!,transaction_charged_twice
tr_aeec95c021,Why hasn't the app verified my identity?,unable_to_verify_identity
tr_2aeee61aad,I need to find out where the card is that I ordered.,card_arrival
tr_4b5a666eb2,Can I get an actual card,order_physical_card
tr_175fd05131,How do I top up using my Apple Watch?,apple_pay_or_google_pay
tr_2232896f7e,why was i chargged,transfer_fee_charged
tr_9e92cbcea8,I need assistance addressing a direct debit that I did not do myself.,direct_debit_payment_not_recognised
tr_e08c0fc898,I can't find the card PIN.,get_physical_card
tr_541ea5b958,I was mistakenly charged a fee for using my card.,card_payment_fee_charged
tr_7206149adc,"There's a payment with my card that I definitely didn't do myself, never seen that name before.",card_payment_not_recognised
tr_baf569ea8d,My transfer says pending. What does that mean?,pending_transfer
tr_1d82f0b50b,Do I need to do anything? My phone was stolen yesterday.,lost_or_stolen_phone
tr_70689664ee,My credit card was just denied for top up! Can you tell me why this happened and what's going on?,top_up_failed
tr_a4ae4d65fe,I need to change my address,edit_personal_details
tr_680aa49d98,What currencies do you accept for adding money to my account?,supported_cards_and_currencies
tr_d40b36b04f,Is my country's currency supported by your system?,fiat_currency_support
tr_23b453ef59,Using international ATMs messes up the exchange rate.,wrong_exchange_rate_for_cash_withdrawal
tr_5bbffbf761,I tried to use the ATM with foreign currency. The conversion rate applied was wrong.,wrong_exchange_rate_for_cash_withdrawal
tr_49160f3db0,Why is my last transfer pending?,pending_transfer
tr_b7762dadf9,My transaction is showing several times.,transaction_charged_twice
tr_75ab46640d,I paid with a card and there is an extra charge. Why?,card_payment_fee_charged
tr_2bd0181c39,can i get a card if I live in the usa?,country_support
tr_faacd7eecf,Can I keep using my card after it expires?,card_about_to_expire
tr_0dc72df52d,Why are my purchases from this morning still pending?,pending_card_payment
tr_10f9035d82,How much transactions do I get with a disposable card?,disposable_card_limits
tr_053272ac82,A transaction shows duplicate times.,transaction_charged_twice
tr_5751fb4921,I just found out from the seller that my money didn't go through. I checked my account and it was deducted at first but now it's back in my account. Can you  please fix this for me quickly?,reverted_card_payment?
tr_bd1c04541d,What are the steps for  making a transfer for topping up?,transfer_into_account
tr_55b2675876,I just bought an item and would like to stop payment can you tell me if the item has been sent yet?,request_refund
tr_8a9e01b3f1,Why is there some cash that I did not deposit in my account?,cash_withdrawal_not_recognised
tr_8483508222,I was overcharged an additional pound.,extra_charge_on_statement
tr_17985fe3d7,"my card details could be stolen, as i didnt make these transactions",compromised_card
tr_5108b91568,Why was money taken for a transfer?,transfer_fee_charged
tr_8f4d3ac9e2,There is a payment made with my card that I don't recognize at all.,card_payment_not_recognised
tr_9832dcf19c,I can't verify my ID. Why?,unable_to_verify_identity
tr_18d9b1c1b0,My money transaction hasn't arrived.,transfer_not_received_by_recipient
tr_1ea09b0158,Please help me as my online payment is getting declined since yesterday while i am trying to purchase something online.,declined_transfer
tr_153d8a07c9,I can use this card at which ATMs?,atm_support
tr_433cbbb6c0,Is there a reason I was charged an extra fee for using the ATM?,cash_withdrawal_charge
tr_f93b2d34ca,How do I change my AUD into GBP?,exchange_via_app
tr_803625f71f,I keep checking my statements but no progress.I requested a refund but seems it's not reaching my account for some reason. Can you please help me get the money back from the seller for me,Refund_not_showing_up
tr_742574dbb5,Do the disposable cards have restrictions?,disposable_card_limits
tr_0c26a8638d,"I transferred money, why was charged for an extra fee?",transfer_fee_charged
tr_397ee8147c,Can you lookup my password?,passcode_forgotten
tr_1ca6f8184b,How can I exchange AUD for GBP?,exchange_via_app
tr_dcfcbfeec0,I am not comfortable verifying my indentity.,why_verify_identity
tr_baa923ca3f,I would like to have a Mastercard.,visa_or_mastercard
tr_e849c44c24,How many payments can I make using a virtual card?,disposable_card_limits
tr_03502a4062,I need help reapplying my top-up. It seems it isn't working.,top_up_failed
tr_77ac062543,How do I make my card appear on the app?,card_linking
tr_5fb15022c8,What documents do I need to get together to verify my identity?,verify_my_identity
tr_22fe554ca8,A direct debit appears in the app but I didn't authorize it.,direct_debit_payment_not_recognised
tr_3ce3b6fe6d,Why am i being double charged for something?,transaction_charged_twice
tr_1c971746a1,What countries are you available in?,country_support
tr_22c473caf5,Please help revert my transaction from this morning.,cancel_transfer
tr_65322c0930,What can i pay with out  fees,card_payment_fee_charged
tr_66df17f134,I need my card as quick as possible,card_delivery_estimate
tr_36322f6d7d,Can I update my details?,edit_personal_details
tr_4097a3956f,Is there a fee for topping up a card?,top_up_by_card_charge
tr_9dd25348d0,If I can't choose my card type will I be able to use it everywhere?,visa_or_mastercard
tr_490d6cdbd5,Do I have a card PIN?,get_physical_card
tr_b97a79c17a,What do I do to link my new card?,card_linking
tr_334cdbeb31,There was a direct debit transaction I have don't think should be there.,direct_debit_payment_not_recognised
tr_decee54a62,I got less cash than what I specified at the ATM.,wrong_amount_of_cash_received
tr_75c901b1b8,How do I go forth on holding money in multiple currencies?,fiat_currency_support
tr_791f763c1a,I have a payment that has not gone through yet,pending_card_payment
tr_8e3285e2a6,Why check my identity?,why_verify_identity
tr_4e64f052e8,I am seeing inside the App a some cash withdrawal that is not mine,cash_withdrawal_not_recognised
tr_ca0a2a3f66,"I just recently got a new beach condo in Bora Bora, and to furnish it I used this account a lot from overseas. It's upsetting, being a long-time customer of yours, that I saw extra fees on my account from my currency transfer. Is this what I should expect from you in the future?",transfer_fee_charged
tr_ffe3c68df5,what steps do you take to check identity,verify_my_identity
tr_4b1584608d,My cash transaction isn't showing on my receipt,transfer_not_received_by_recipient
tr_9588b3744e,Why are fees charged for cash withdrawals? I went to withdraw some money earlier today after shopping. There's a new fee that there.,cash_withdrawal_charge
tr_51b2cf79ec,Can I make a withdraw in my home currency at an ATM? I'm on vacation and don't have cash with me. This is cause for a bit of concern. Is it possible to withdraw here without additional fees?,wrong_exchange_rate_for_cash_withdrawal
tr_312fe4f2ce,My exchange rate isn't correct.,card_payment_wrong_exchange_rate
tr_1fd1c47f3f,"I just received a new card, where do I go to link it to my account?",card_linking
tr_9268b3aa64,"I received the wrong color and size, can I return it?",request_refund
tr_929371af8b,Help!  My card is stolen.,lost_or_stolen_card
tr_93d663d668,"I am at the ATM and tried to withdraw 30 pounds and it only gave me 10 pounds, what do I do?",wrong_amount_of_cash_received
tr_4a17b896da,"Hey I am standing in front of an ATM here, it only gave me 10 pounds even though I wanted to withdraw 30! Seems like the app has 30 pounds, what do I do??",wrong_amount_of_cash_received
tr_fd23bcd44b,"My wallet was stolen, along with my cards. How do I put a freeze on my cards and order a new one?",lost_or_stolen_card
tr_60a6fe0df2,Who gets support?,country_support
tr_e8b401a258,What do I do if I can't access my passcode?,passcode_forgotten
tr_8df3935371,How do I know it is a Mastercard ATM?,atm_support
tr_398122069a,What's the reason for needing to verify my identity?,why_verify_identity
tr_f041269142,How long does a transfer from the UK account usually take? After completing the transfer it is not showing up. I need to know that everything I actually went okay.,balance_not_updated_after_bank_transfer
tr_f6738ff91b,"I want to know which currencies and cards are supported, can you provide a list?",supported_cards_and_currencies
tr_95379221f4,Where do I get a virtual card?,getting_virtual_card
tr_46f60088ca,There's been a transaction to the wrong account.,cancel_transfer
tr_581b1e9717,Is there a limit to a disposable virtual card?,disposable_card_limits
tr_f2ed3d0fbc,Is there a charge for using transfers for top ups?,top_up_by_bank_transfer_charge
tr_2612c2238a,What is the fee for a cash withdrawal?,cash_withdrawal_charge
tr_fa422d042f,"When I went to get cash, it was declined!",declined_cash_withdrawal
tr_ab0bf4d9fd,I must change my address.,edit_personal_details
tr_49aef8994e,Can you tell me the limit for top ups?,top_up_limits
tr_c9f393d3d9,I would like to know what exchange rates you use?,exchange_rate
tr_efb5725dbb,Am I allowed to transfer money to a beneficiary?,beneficiary_not_allowed
tr_0ba04874cd,My card expires very soon.  What is the cost and delivery time to get a new one?,card_about_to_expire
tr_4341d36f3b,Is it possible that my card payment was reverted?,reverted_card_payment?
tr_2a28236f18,Why did I get charged extra?,card_payment_fee_charged
tr_20cad8622f,My card payment failed.,declined_card_payment
tr_fdd78bb476,"My order hasn't shown up yet, what can I do?",request_refund
tr_ff2f008f9e,Can you please tell me why my cash withdrawal is still pending?,pending_cash_withdrawal
tr_d46ce2d397,I need to make several disposable cards per day.,disposable_card_limits
tr_ee721a5382,I need to know if you will accept my credit card.,supported_cards_and_currencies
tr_24b8157970,Can exchanged be made to EUR?,fiat_currency_support
tr_a8031a50f3,What is the reason my cash withdrawal is still pending?,pending_cash_withdrawal
tr_7f1ab94578,I have a new card and need to activate it,activate_my_card
tr_facd2860c7,"I need a card reactivation, I had reported my card lost but I ran across it in my jacket.",card_linking
tr_be07d0f9c0,Where do I find how to top off with a check?,top_up_by_cash_or_cheque
tr_838f275545,I am not in the UK can i get a card?,country_support
tr_3d212aedd1,I am being charged a pound out of nowhere. What is this?,extra_charge_on_statement
tr_8d64d6f9e2,"Hello, my transfers are getting failed continuously, in spite of the fact that all the recipient details are correct. Please advise.",declined_transfer
tr_7ba8e490b2,What do I do if my PIN was blocked?,pin_blocked
tr_85cab31464,How come there is a $1 extra charge on my statement?,extra_charge_on_statement
tr_66d36a3ffa,What transfer methods do you accept?,transfer_into_account
tr_c5b505be5d,"Hi, I am facing issue with my card payment while shopping online as payment is getting reverted. I am struggling with this issue around two weeks. Please advise.",reverted_card_payment?
tr_ae2a7cf36b,after i got married i need to change my name,edit_personal_details
tr_bc3af35462,Has my top-up been cancelled?,top_up_reverted
tr_3270b9b26d,I don't understand why you aren't accepting my transfer. After a couple times trying I'm still getting an error message.,beneficiary_not_allowed
tr_be4d5ca2fe,I have a payment that hasn't went through yet.,pending_card_payment
tr_68cd7db6ed,Whats the limit on my top up,top_up_limits
tr_a0bc8c5f9c,"I need to transfer something from China, How long will it take?",transfer_timing
tr_3301ad80d9,The transfer I tried to make failed.,failed_transfer
tr_46711bdf98,My card payment has been pending for a long time now. Why is it taking so long to take. It should have already made it through.,pending_card_payment
tr_d204140fc2,Can I allow other people to top up my account?,topping_up_by_card
tr_b04923ec6c,Where do you mail physical cards?,order_physical_card
tr_9e36a8927a,I am still waiting on my bank transfer,balance_not_updated_after_bank_transfer
tr_d534662388,"I am calling because the ATM didn't give me the right amount of cash, but my app shows the actual amount I wanted to withdraw. What should I do to get my money back?",wrong_amount_of_cash_received
tr_14cc93ab67,My money didnt go through after I transferred.,beneficiary_not_allowed
tr_989c8d8408,Please explain the extra fee when I paid with the card.,card_payment_fee_charged
tr_ef933b9b48,How can I fix this? The ATM gave me more cash than I'd asked for.,wrong_amount_of_cash_received
tr_8b829922b2,I transferred some money but the balance stayed the same.,balance_not_updated_after_bank_transfer
tr_d593e889fe,My credit card seems to have been declined for top up. Why is it not going through? Can you tell me what's going on?,top_up_failed
tr_4d6e3eb8a6,Help! My account doesn't show any funds. Is transferring funds an option I can use?,transfer_into_account
tr_6f7681ccdb,IS there a fee to exchange currency?,exchange_charge
tr_0f1a86eaf5,Why have I received a rebate for my payment after a week?,reverted_card_payment?
tr_28064fd291,How do I to up by card?,topping_up_by_card
tr_67628393ff,What does it mean if my cash withdrawal is pending?,pending_cash_withdrawal
tr_748ec4f2da,How do I exchange currencies with this,exchange_via_app
tr_fcf234f2ee,How do i top up my google pay?,apple_pay_or_google_pay
tr_03e1da99a9,Is it acceptable to use either Visa or Mastercard?,visa_or_mastercard
tr_67febcfc24,Will I be charged for topping up by transfer?,top_up_by_bank_transfer_charge
tr_2223e00473,Why did I get a fee from the ATM?,cash_withdrawal_charge
tr_6fb03dc481,"If I am in China, can I still order a new card and if so, how?",card_about_to_expire
tr_13173bfff2,what was the $1 fee i got,extra_charge_on_statement
tr_09767db1af,There is a transaction showing in my app that I did not make as I have not used that card all day.  Please reimburse this amount to my account.,direct_debit_payment_not_recognised
tr_37b1230bd8,I cannot tell what my top up currently is.,topping_up_by_card
tr_b5f1a7583b,I tried to transfer money but it didn't go through,failed_transfer
tr_c9d53bd08f,I managed to drunken block my card :(( Help!,pin_blocked
tr_ba88898778,My card was declined,declined_card_payment
tr_937e75e8db,Where is my new card if I haven't received it yet?,card_arrival
tr_9387465a80,"Its been 3 days, How long will my transfer take to get to my wallet?",transfer_timing
tr_e55624828d,I tired to get cash in the ATM but it was cancelled,declined_cash_withdrawal
tr_8bc24997df,I tried to withdraw cash from the ATM machine and it did not work. Can you tell me why?,declined_cash_withdrawal
tr_b52f9a2024,How long does it take for me to get my new card?,card_arrival
tr_a152a4f49e,Why hasn't my friend received the money i sent them yet?,transfer_not_received_by_recipient
tr_94b05ce4b6,I can't upload my identification.,unable_to_verify_identity
tr_0a9d23f846,Why was I charged an extra fee when using the card?,card_payment_fee_charged
tr_0f37d908f9,How do I withdraw money?,atm_support
tr_85714cce04,There is a charge for an additional pound.,extra_charge_on_statement
tr_1e94084083,What do I do if I do not recognise a cash withdrawal?,cash_withdrawal_not_recognised
tr_e15c2ad1a3,Let me know when you charge for payments. I just checked the app and saw a fee that I wasn't warned about.,card_payment_fee_charged
tr_a3588b4df7,Does it cost extra to send out more than one card?,getting_spare_card
tr_cc7d97425a,How do I add a new card?,card_linking
tr_f620731847,i need to proof my identity to you why and how?,why_verify_identity
tr_ac404edf5a,I hate this company! Can you delete my account?,terminate_account
tr_ae735d4994,There is a payment I don't recognize,card_payment_not_recognised
tr_2f554e63d3,Can you tell me how do I get a card?,order_physical_card
tr_30d85953d5,I have never been charged a card payment fee before. Why did this change?,card_payment_fee_charged
tr_6893b82f39,My refund has not yet been credited on my statement,Refund_not_showing_up
tr_86b9ca1385,How can I tell if an AMT will take this card?,atm_support
tr_d987a1902f,are you sending me my card?,card_delivery_estimate
tr_25a5138f69,Please provide me with the restrictions of the disposable cards.,disposable_card_limits
tr_1c3bd48d28,I happened to forget my password,passcode_forgotten
tr_fa5b30305d,Why is there a cash withdrawal I didn't make?,cash_withdrawal_not_recognised
tr_ab7149a83e,Will I get a visa or Mastercard?,visa_or_mastercard
tr_54a079b9f9,I see a direct debit payment on my app that I did not do,direct_debit_payment_not_recognised
tr_5919560fbe,"I keep checking to see if I've received a refund that I requested from a seller, but I'm not seeing the refund. I need you to help me get the refund.",Refund_not_showing_up
tr_61c1a545a1,I tried to get cash but it was declined!,declined_cash_withdrawal
tr_8559e925cd,Are you able to guide me to my card's location?,lost_or_stolen_card
tr_25afdfb8a3,Can I receive payment in another currency?,receiving_money
tr_af843133e1,I am having trouble transferring money to a beneficiery.,beneficiary_not_allowed
tr_a20f222b92,I am unhappy with an item I bought. How do I get a refund?,request_refund
tr_12f2b135ca,How can i get a refund for something i just bought?,request_refund
tr_5b1157b505,Why was my withdrawal declined,declined_cash_withdrawal
tr_a2dd6e94a0,How can you assist on verifying my identity?,verify_my_identity
tr_eb3e326aa3,How can my friend pay me?,receiving_money
tr_fe9eb07b93,I don't remember my password,passcode_forgotten
tr_4bf7d327e1,What happens if I deposit a cheque accidentally?,balance_not_updated_after_cheque_or_cash_deposit
tr_1c66a47a45,"My card couldn't complete a transfer, why?",failed_transfer
tr_750c8003f6,Your machine took my card. How do I get it back?,card_swallowed
tr_e452983bcc,I would like to get a Visa card,visa_or_mastercard
tr_1008352985,"I was overcharged at an ATM while on vacation. I needed cash so I had to use it, but your charges are outregous and I wish I would have known beforehand.",wrong_exchange_rate_for_cash_withdrawal
tr_d2423f9725,"Some cash was withdrawn in the app, but I did not do it.",cash_withdrawal_not_recognised
tr_6b8183f81a,How do I find my PIN?,get_physical_card
tr_c627308d01,Why haven't I been given a virtual card yet?,getting_virtual_card
tr_5faa04ab08,"If someone in a different country sends me money, do I have to pay a fee?",exchange_charge
tr_2bd3328def,i need to add express delivery if that's an option,card_delivery_estimate
tr_c6cbf626ac,What is the fee for topping up a US card?,top_up_by_card_charge
tr_30a8504ebe,Are these cards available in europe?,country_support
tr_2871b53a30,My source of funds require verification.,verify_source_of_funds
tr_b9ec2a1a73,Why are my transfers not going through.  I have tried over 4 times to get it to work.  This is just a simple transfer.  Is something else causing this in the system?  Is it broken?,failed_transfer
tr_b29f07c5a7,"I need to transfer money into my account, HOW?",transfer_into_account
tr_bf21ae514e,"When traveling, is it possible for it to add money at specific time intervals?",automatic_top_up
tr_cca8fa0221,Can you tell me what are disposable cards for?,get_disposable_virtual_card
tr_b2e20a1ebf,How do I access the virtual card?,getting_virtual_card
tr_985b95e4b2,I don't know what this Direct Debit payment is.,direct_debit_payment_not_recognised
tr_61a20cc357,There is a payment in my app that I did not make.  I have not used that card all day  Please reimburse my money.,direct_debit_payment_not_recognised
tr_46d9469a09,Why did my top-up not go through?,top_up_reverted
tr_7933988e53,"I made a transfer and the receiver said they haven't actually received the right amount, but it's a bit less. Now I have to transfer more money to make up for the missing bit. Can you please alert me about this, what has been going on?",transfer_fee_charged
tr_4e610a29b3,how come when i asked for 100 it only gave me 20.00 in the app,wrong_amount_of_cash_received
tr_66d30bf214,I've made a card payment a couple of days ago now but it looks like the money is stuck. How long does it typically take for the payment to go through?,pending_card_payment
tr_25e14d29f1,Why do you require identification documents,why_verify_identity
tr_ad634733b2,how come i was declined,declined_cash_withdrawal
tr_678933756b,What currencies are supported?,fiat_currency_support
tr_46f12dc899,What ATM accepts Mastercard?,atm_support
tr_e76e0356e7,How old do I need to be?,age_limit
tr_f9acf41e63,Was there a way for me to get tracking for that?,card_arrival
tr_6de2119eb1,I want to choose a new PIN.,change_pin
tr_292946f1f6,What countries do your accounts support?,country_support
tr_742318c04c,What do I do to activate my new card?,activate_my_card
tr_f4c74e0787,Why is there a direct debit to my account? I didn't do that.,direct_debit_payment_not_recognised
tr_642a286a61,"Hi, I am new to this. Are there any additional fees or charges that I should be aware of? I was looking through the app and I thought I saw something in regards to fee-free allowances.",card_payment_fee_charged
tr_cf56dbcd43,The app is showing a direct debit payment that I never made,direct_debit_payment_not_recognised
tr_694e495bcb,I have tried sending a standard transfer five times and it hasn't gone through. What is the problem?,failed_transfer
tr_59699c45a6,Why did the top-up fail?,top_up_failed
tr_96389e3c06,Could you help my figure out the exchange fee?,exchange_charge
tr_67b7b3c37b,Will this card work all over the world?,card_acceptance
tr_653fdf1fad,I need to delete my account.,terminate_account
tr_0f5412a904,Why was my transaction not approved?,failed_transfer
tr_1d11df94f1,I have been travelling overseas and I need to change my PIN. Can you tell me how this is done?,change_pin
tr_1b0d1f0c7c,Your service is bad.  Close my account.,terminate_account
tr_d21bc4f725,My topping up didn't go through.,top_up_failed
tr_900651ffb8,I seem to have lost my card.,lost_or_stolen_card
tr_d1741fc9f1,Is there a fee for european bank cards?,top_up_by_card_charge
tr_39a5791ddc,Is my card lost? I am still waiting for it to be delivered.,card_arrival
tr_ee40211f5d,Why was my transfer stopped ?,beneficiary_not_allowed
tr_e2d046a194,Why was I charged a fee for withdrawing money off my card?,cash_withdrawal_charge
tr_bd82b6195c,Do you have any accounts for children ?,age_limit
tr_23179d1b73,what is this extra charge with my purchase?,card_payment_fee_charged
tr_28cbdcd481,What fiat currencies are used for exchange?,fiat_currency_support
tr_70ae424573,"Hello, I'm a brand new customer and tried topping up for the first time today. It has been pending for half an hour and doesn't seem to be working. Please resolve this.",pending_top_up
tr_accfbcb535,I would like to know what your exchange rates are.,exchange_rate
tr_7ca0be22a4,I need to know when a payment will actually go through. I completed a payment using my card but it is just showing as pending at this point and it has been a while ago.,pending_card_payment
tr_1bb0a0d03c,Why do you need me to do an identity check?,why_verify_identity
tr_b2c5e628aa,where is my new card?,card_arrival
tr_d02e407cb9,I need to know which flat currencies are supported by you.,fiat_currency_support
tr_a3299e2d0d,Do I need to order a new card if mine is expiring?,card_about_to_expire
tr_734fe64912,"I tried to access money earlier but the machine seems not to be working. After looking, the transaction actually shows to still being process. Can you find out what is going on here? I don't want to be charged for some money I never got.",pending_cash_withdrawal
tr_d2c3dcb6b4,I think someone stole money from my card,cash_withdrawal_not_recognised
tr_b23d7f934a,"Why is my transfer not working? I tried multiple times to transfer money, and all that happens is an error message pops up.",beneficiary_not_allowed
tr_ea8ab12706,How much is it to receive money?,top_up_by_bank_transfer_charge
tr_892f85c8e6,My card appears to have never arrived?,card_arrival
tr_76fed59409,What is wrong with my top-up?,pending_top_up
tr_18b66d35de,Why hasn't the transaction I did to my friend arrived yet?,transfer_not_received_by_recipient
tr_66e74372d8,"I received my Virtual card information, but was unable to use it to make a purchase. Why did this happen and what can I do?",virtual_card_not_working
tr_ff59ac7970,"The expiration date on my card is very soon, and I need to get a new one.  What are the price and delivery options for my replacement card?",card_about_to_expire
tr_40b952f391,Do you have any age limit?,age_limit
tr_bb313e952a,I am not able to verify my id. Why?,unable_to_verify_identity
tr_2bd0ec36c4,Do I have to pay for a second card?,getting_spare_card
tr_75fa19e266,I want to cancel a transfer I just made.,cancel_transfer
tr_1e50a74ea0,I would like to receive a refund for something I bought.,request_refund
tr_28452ca201,Why would I receive an error that my transfer isn't possible when I've done it before?,beneficiary_not_allowed
tr_59f725c95e,The passcode isn't working for me.,passcode_forgotten
tr_516289a47c,There is a fraudulent payment!,card_payment_not_recognised
tr_aff8c2eb46,Why does it still charge me even though I was unable to withdraw money from the ATM?,pending_cash_withdrawal
tr_44321f6f63,"Transfer unable to be completed, states 'declined'",declined_transfer
tr_6edd145fa7,Can I top-up my google pay?,apple_pay_or_google_pay
tr_4d7cd53336,Can it specifically be delivered on a certain date?,card_delivery_estimate
tr_7707965271,Why did you charge me extra when I withdrew cash?,cash_withdrawal_charge
tr_09bf104c11,I have a payment that is still pending,pending_card_payment
tr_819fe683c6,I would really like a physical card.,order_physical_card
tr_88346edd0f,Can money be exchanged from one currency to another?,exchange_via_app
tr_6251e5c383,Can I set it up to add money every few days automatically while I am traveling?,automatic_top_up
tr_173e7288e3,how to recover my passcode,passcode_forgotten
tr_522c383ce1,I don't know what pending transaction means.,pending_card_payment
tr_75269fb2a4,How can I verify my identity?,verify_my_identity
tr_c87ba834af,I saw I was charged extra for money I withdrew?,cash_withdrawal_charge
tr_cbd1b82c82,I am missing my refund.,Refund_not_showing_up
tr_916171d1da,I was not distributed all of cash that I requested,wrong_amount_of_cash_received
tr_a8bd31df22,When can I expect to receive my card?,card_delivery_estimate
tr_a7879f1d60,Please explain why my top-up hasn't been processed yet?,pending_top_up
tr_45cb4ec020,What is the reason why the transfer shows as pending?,pending_transfer
tr_400e67dcd1,Are cheques accepted for a top up?,top_up_by_cash_or_cheque
tr_847ee590eb,"What is this card payment, I do not recognize it.",card_payment_not_recognised
tr_64ac26f2a2,I can't find my card! Can you help?,lost_or_stolen_card
tr_99b4ea76ee,"Three months ago I bought a new house for my cat, fluffy.  Unfortunately Fluffy was not a fan of the house and it had to be returned to Pet Smart last week.  They said they have sent a refund but it's not there, can you tell me where it is?",Refund_not_showing_up
tr_6659544863,How can it be that my Card is not functioning anymore?,card_not_working
tr_5689a84cad,I'm not happy with service and would like to delete this account.,terminate_account
tr_a976ee041d,What do I have to do to prove my identity?,unable_to_verify_identity
tr_f8492acc61,Can I use your services without access to the app?,lost_or_stolen_phone
tr_5d9a07584d,What is the reason for the extra fee on my statement?,extra_charge_on_statement
tr_941b667485,I can't recognise this Direct Debit payment.,direct_debit_payment_not_recognised
tr_a94a9bf87a,It looks like my top-up was cancelled,top_up_reverted
tr_76e609d356,What happens if the ATM gives me the wrong amount of money?,wrong_amount_of_cash_received
tr_5adab906b7,Why isn't my payment showing?,reverted_card_payment?
tr_43663f6871,top up not completed,pending_top_up
tr_f89267977b,Why would my beneficiary not be allowed?,beneficiary_not_allowed
tr_5a6f3d6b09,Are your cards supported in the EU?,country_support
tr_34eb5f246d,My account was charged twice for one purchase,transaction_charged_twice
tr_a45a7a22d9,Im going to need to make a transfer from a UK account but I need it to go through ASAP. Is that going to be possible or will it take forever?? Im hoping it will be a couple hours and not a couple weeks.,balance_not_updated_after_bank_transfer
tr_af4274362c,Will you please help me get my card back?,card_swallowed
tr_9ab76477d5,Hello I have a UK account.  Can you please check if everything is alright with it?  I made a transfer a couple hours ago but it doesn't show up yet.,balance_not_updated_after_bank_transfer
tr_9dc2c189b0,What is with the need to have all my ID information?,why_verify_identity
tr_a5a5fbd739,I tried taking out 30 pounds from the ATM just now and it only gave me 10. Why would it do that? I need the 30 pounds now!,wrong_amount_of_cash_received
tr_00a770f948,I have a cash withdrawal in my statement. Why is that?,cash_withdrawal_not_recognised
tr_d4c731a8df,what steps do i do to get a real card,order_physical_card
tr_82498a9029,Where do I find my code to verify my top-up card?,verify_top_up
tr_261f9354a6,I want to be sure that everything is okay here. I just made a transfer from a UK account and it is still not showing up. How long does this typically take?,balance_not_updated_after_bank_transfer
tr_2a3c2b9ab3,Where in the European Union can I get a card?,country_support
tr_c78daa628d,I did a money transfer to my account and it is not showing there.,balance_not_updated_after_bank_transfer
tr_6e9dab1e4d,I have been double charged,transaction_charged_twice
tr_9e0e5fe2a8,How long do bank transfers usually take?,balance_not_updated_after_bank_transfer
tr_5da9811dcb,can i get a virtual card online,get_disposable_virtual_card
tr_e25507b1e1,My funds must be verified,verify_source_of_funds
tr_80f1772ced,How do I activate auto top-up when traveling?,automatic_top_up
tr_09f0c03922,Can both a Visa and Mastercard be received from you?,visa_or_mastercard
tr_387f339a6c,"A 500 pound cash withdrawal was just made from my account, but I didn't make it. I am pretty sure my card has been compromised - can you help me?",cash_withdrawal_not_recognised
tr_5114c95f8f,I have made a recent check and cash deposit that isn't reflected in my balance.,balance_not_updated_after_cheque_or_cash_deposit
tr_3359f55046,Why was I charged a fee when I withdrew money?,cash_withdrawal_charge
tr_d89f34f49f,"The expiration of my card is near, how do I order a new card?",card_about_to_expire
tr_cef4c65652,I withdrew cash and was charged. Why?,cash_withdrawal_charge
tr_7d98aa08e7,Are there steps I need to take before my card expires?,card_about_to_expire
tr_c00a66053b,Why did you guys charge me an extra €1?,extra_charge_on_statement
tr_5aa1689bd0,how many transactions can go on a disposable card?,disposable_card_limits
tr_b77975f961,"How long does it take to transfer from china? Is there a way to transfer it quickly, I need it urgently?",transfer_timing
tr_2e94dcb3d8,What do the disposable cards do?,get_disposable_virtual_card
tr_ca913aa3b8,Are there any places that I can't use the disposable cards at?,disposable_card_limits
tr_ac2951fef4,I would like to cancel my previous transaction,cancel_transfer
tr_2db5687c8a,Trouble with my top up,top_up_failed
tr_509f694972,Can you please explain why my beneficiary is not allowed?,beneficiary_not_allowed
tr_c56c355511,"I am having issues using contactless payments, could my card be damaged?",contactless_not_working
tr_660e13ff60,I don't recognize the direct debit payment on my account.,direct_debit_payment_not_recognised
tr_62057198cd,"Can you please assist me in Apple Pay, in getting Top Up to work?",apple_pay_or_google_pay
tr_79934d7071,I did a payment but it was reverted by the app,reverted_card_payment?
tr_6c314f6dce,I am having trouble to verify my identity,unable_to_verify_identity
tr_b3b6d31f5f,How can I fix this?  There is a double charge on my account.,transaction_charged_twice
tr_4b7c142890,It appears I have a fee in my statement.,extra_charge_on_statement
tr_6cb22710a4,My cash deposit isn't in my account. What happened?,balance_not_updated_after_cheque_or_cash_deposit
tr_6f82ca7718,"My Bank is in Europe, how long will the transfer take?",transfer_timing
tr_5c8bc19206,Why is a transaction still pending?,pending_cash_withdrawal
tr_41ff546532,Are you located in other countries?,country_support
tr_79f69b72f3,What do I do if I can't access the app?,lost_or_stolen_phone
tr_0b2634115f,How can I find out the source of my available cash?,verify_source_of_funds
tr_cddb03a48a,What's the process for topping up my card?,topping_up_by_card
tr_86756bac99,"I recently transferred some cash, but the balance has not changed.",balance_not_updated_after_bank_transfer
tr_60da2784e8,What are the steps of verifying an identity?,verify_my_identity
tr_6e75017c66,Why did you charge a fee when I withdrew from an ATM?,cash_withdrawal_charge
tr_32f356bfb1,im worried about fraud how do you protect my account,verify_my_identity
tr_f4348dc318,Tell me about the card PIN?,get_physical_card
tr_672917b840,I'm supposed to have a refund but it isn't there,Refund_not_showing_up
tr_928f3a4a92,Do you have a problem with EUR exchanges?,fiat_currency_support
tr_15baba6ecd,My cash withdrawal shows as pending still.,pending_cash_withdrawal
tr_b66a2ed40f,Help me verify my identification.,unable_to_verify_identity
tr_0da28ecb41,Where can I find information about where my money came from?,verify_source_of_funds
tr_50a3206fff,Why hasn't my cheque processed?,balance_not_updated_after_cheque_or_cash_deposit
tr_0e0bb9e937,Can I setup top ups in advance?,automatic_top_up
tr_b91b6ddd7c,I don't think my top up worked,top_up_failed
tr_2ace5a4a35,I thought crypto top up with something you offered and it does not appear that it's working even though the money has disappeared out of my account. Can you tell me what's going on?,top_up_reverted
tr_b13bb1a8f9,I made a deposit in the ATM and it has not cleared,pending_cash_withdrawal
tr_90596f1c8b,Can you tell me what the problem with my card is? It was declined at a restaurant today.,card_not_working
tr_1b749e38a6,I returned something to a  store but can't see my refund.,Refund_not_showing_up
tr_08b3d35689,"When I top-up, the app reverts it.",top_up_reverted
tr_33547f51f9,Lost password,passcode_forgotten
tr_9b080c4f0a,I am waiting for the money to enter my account. How long does it take?,transfer_timing
tr_8b1f11c236,"Transfers may show up as pending for up to one day while they are processed by one of our payment processors. Then, they will depart for the beneficiary accounts. Please also double-check that you have entered the correct account details. SEPA transfers can take up to two business days, and SWIFT transfers can take up to five business days.",pending_transfer
tr_63df02d0d3,Can you tell me where I can order a disposable virtual card?,get_disposable_virtual_card
tr_4b31b7eeb3,I made a payment but the app gave the money back.,reverted_card_payment?
tr_7766bb11de,How do I link a new card in the app?,card_linking
tr_9aa4920518,What do you need my identity details for?,why_verify_identity
tr_059b7c6f44,Are money transfers free?,transfer_fee_charged
tr_f16fd24b06,Is there a tracking number for the card you sent me?,card_arrival
tr_35aeef32cd,I did not make this payment that I see in the App.,card_payment_not_recognised
tr_03a09b9cb1,Can you elaborate on why I have an extra charge just for transferring?,transfer_fee_charged
tr_282b97c79a,Can I use my social security card as a form of identity?,verify_my_identity
tr_375251ce60,Is it possible to get a card outside the UK?,country_support
tr_07181bbbf3,Is the closest ATM to me within 2 miles?,atm_support
tr_89e098143e,"Hey, I attempted to top up my card today and for some reason it didn't work. When I did it the other way it worked just fine. Could you help me figure out why this is happening please?",top_up_failed
tr_75caf81a27,The ATM didnt return my card!,card_swallowed
tr_98dc95cf5f,I have double-checked all of my recipient details but for some reason all of my transfers keep getting declined. I have no clue as to why.,declined_transfer
tr_b75d24d0c7,I lost my phone and need help so someone doesn't access my account.,lost_or_stolen_phone
tr_ddae38b5f5,How do I go about ordering a new bank card?,card_about_to_expire
tr_8c73f249fa,Would I need to pay extra for currency exchanges?,exchange_charge
tr_1128428d0a,I forgot my passcode. Now what?,passcode_forgotten
tr_0305e9df88,"I deposited some money, but the balance has not changed.",balance_not_updated_after_cheque_or_cash_deposit
tr_6dd3de7583,I would like to know how exchange rates are calculated when transferring funds.,exchange_rate
tr_488e02f36b,Is it possible to obtain both a Visa and a Mastercard from you?,visa_or_mastercard
tr_53beb11ff6,I've been trying to do a transfer multiple times and have failed? Is the system down?,failed_transfer
tr_2d5bd227ea,Several items I have charged this week are appearing twice.  Please review my statement and remove any duplicate charges.,transaction_charged_twice
tr_a435aef707,What is this fee debit on my account?,extra_charge_on_statement
tr_aa8bb2c611,Is there an issue with my card payment as it has not gone through.,declined_card_payment
tr_17b7679e90,Why have I not yet received my virtual card?,getting_virtual_card
tr_60b4e03384,Reverted top up,top_up_reverted
tr_7a1ab07733,Can you assist me in acquiring a virtual card?,getting_virtual_card
tr_cd9395c5d2,Can I have my card delivered on Tuesday?,card_delivery_estimate
tr_789972b8d5,"I see a transfer fee, but to my understand, that should have been free, what happened?",transfer_fee_charged
tr_818bed7010,Why did my card payment get declined?,declined_card_payment
tr_9059761096,I made a payment but the app cancelled it.,reverted_card_payment?
tr_b5888b4e3d,How do I get my card back after the ATM swallowed it.,card_swallowed
tr_55c9fb2611,I ordered a virtual card but it hasn't come through yet,getting_virtual_card
tr_1c5b2b681d,I made a payment that's pending. Will it go through?,pending_card_payment
tr_78011f95ca,Where can i find the virtual card?,getting_virtual_card
tr_75d2990ee3,Why did I get charged when getting cash?,cash_withdrawal_charge
tr_de01618eab,Why has my card been declined?,declined_card_payment
tr_d2a261f758,Why do I have a strange payment on my statement?,card_payment_not_recognised
tr_e5a396f95b,"Hello, a few days ago I transferred my rent check to my landlord, however, he is saying that it has not gone though. On my end everything looks fine and I double checked the account number. Is there anything else that could be holding up the check?",transfer_not_received_by_recipient
tr_bb5afe8c85,Where can I change my PIN?,change_pin
tr_f2faad7a93,Why do you need so much information about my identity?,why_verify_identity
tr_b5e2976a24,What is the limits on the number of disposable cards I can have?,disposable_card_limits
tr_e4463a4974,My account shows up as pending after I received cash from the ATM earlier.  How can this be still pending? I've got the cash already.,pending_cash_withdrawal
tr_d9a80d52a3,I could not transfer funds to a beneficiary; is there a problem with your software?,beneficiary_not_allowed
tr_8b501cfd0d,How do I use cash to top up my account?,top_up_by_cash_or_cheque
tr_d41a4febff,I have a transaction showing up more than once.,transaction_charged_twice
tr_a9277bcfa4,"My card got trapped inside an ATM, what should I do?",card_swallowed
tr_70408698c4,I would like to activate my card what do I need to do?,activate_my_card
tr_960376c4f5,Should I complete my security verification before I can use my account?,why_verify_identity
tr_f18ac05869,I got cash and the exchange rate should have been different than it ended up being.,wrong_exchange_rate_for_cash_withdrawal
tr_06863ce550,The app failed to verify my id.,unable_to_verify_identity
tr_fca5f1cdde,Please tell me how I can receive a physical card,order_physical_card
tr_e89995e70f,I have heard about these disposable virtual cards but don't understand how they work.,get_disposable_virtual_card
tr_f364ce324e,I do I top up from my Apple Watch?,apple_pay_or_google_pay
tr_e487a113b8,Explain the extra fee on my card when paying.,card_payment_fee_charged
tr_1770b207c1,I got declined when attempting a transfer,declined_transfer
tr_2c9a55f73a,How do I get a refund for an item I bought?,request_refund
tr_f2e2859679,Why won't the ATM let me withdraw money?,declined_cash_withdrawal
tr_ed1d710aaa,Why was I charged a fee for withdrawing money?,cash_withdrawal_charge
tr_d298e7d84c,when should I receive my refund,Refund_not_showing_up
tr_c87d4f9cf4,Can I get a second card for free?,getting_spare_card
tr_4f8dd738e6,What's the limit for auto top-up?,automatic_top_up
tr_ff99aa08e6,The exchange rate is incorrect for my payment.,card_payment_wrong_exchange_rate
tr_995b13aae8,I need to deposit money to my account,transfer_into_account
tr_fd37c4282c,Help!  I forgot my password.,passcode_forgotten
tr_30cfbd824e,"There was an extra fee when I paid with my card, why was i charged this extra fee?",card_payment_fee_charged
tr_5307f5e8dd,Is the ATM broken? I can't get cash from it.,declined_cash_withdrawal
tr_63a6d9e034,I noticed a new fee on my account. I didn't know there were fees for these payments. What is the policy?,card_payment_fee_charged
tr_875da4b28e,When will I receive my card?,card_delivery_estimate
tr_42328e1259,What is the process for activating my new card?,activate_my_card
tr_459744fc50,Can I use my American Express card with Apple Pay?,apple_pay_or_google_pay
tr_74afe02a5f,Let me know when I get charged extra for payments. I saw on the app a fee I wasn't forewarned about.,card_payment_fee_charged
tr_ca37aef3fc,Is a new debit card free?,getting_spare_card
tr_e46a68ce3b,Can you make exchanges using the EUR?,fiat_currency_support
tr_f256900c73,How long will my transfer be pending for?,pending_transfer
tr_d3a413b424,When did you start charging to make a withdrawal? How much is it now? I always thought it was free.,cash_withdrawal_charge
tr_81e9b6cd11,How do i receive a physical card?,order_physical_card
tr_65a84a97d4,"I want to top up by transfering accounts, What do I do?",transfer_into_account
tr_78c8a5da57,are there any exchange fees,exchange_charge
tr_4e9ec389ca,Where are the virtual cards?,getting_virtual_card
tr_195b542122,How much would an extra card cost?,getting_spare_card
tr_3e6496440d,What is the procedure for depositing a virtual card,get_disposable_virtual_card
tr_8302937200,Are there any charges for receiving money?,top_up_by_bank_transfer_charge
tr_b88c9d9be3,The ATM machines keep declining my card and I don't know why. I thought I had money in my account. Why is this happening?,declined_cash_withdrawal
tr_1055d1f3ee,what currencies can I receive my salary in with this?,receiving_money
tr_8c20efed00,My identity is unable to be verified.,unable_to_verify_identity
tr_7719cc253d,my payment was rejected,declined_card_payment
tr_b24f67cd47,I was not distributed the correct amount of cash that I asked for,wrong_amount_of_cash_received
tr_5a627831ec,How long does it take to make an urgent transfer from China?,transfer_timing
tr_8225efbb93,Why is my beneficiary not allowed?,beneficiary_not_allowed
tr_a6da4f61e9,I no longer have my phone.,lost_or_stolen_phone
tr_c3aabc95ef,What do I do if my top-up has not gone through?,pending_top_up
tr_4d9017b719,i tried to transfer cryptocurrency into my account but was denied,beneficiary_not_allowed
tr_4bdea5bc3d,Are there any charges for topping up my card?,top_up_by_card_charge
tr_1c0d7c14f5,"I got a new card, how do I link it?",card_linking
tr_4a47392183,What is the time frame that transfers normally take from a UK account? I just completed a transfer and nothing shows up. I need to know if everything is alright.,balance_not_updated_after_bank_transfer
tr_c6e69d002a,Why can't I withdraw cash?,declined_cash_withdrawal
tr_5fcff607a5,I think my card payment was reverted,reverted_card_payment?
tr_1707719e6c,I can't remember my passcode.,passcode_forgotten
tr_104c24c107,Hello I changed my mind and really need a refund on one of things I bought recently. Can you please cancel the transaction and get me my money back. Pls it's urgent,request_refund
tr_a8c5cdafe7,Where is a Mastercard ATM?,atm_support
tr_f100265f02,Are bank transfers immediate?,balance_not_updated_after_bank_transfer
tr_8d8d2b4e84,Can I see where my money is being transferred from?,verify_source_of_funds
tr_5980a588d2,Can you tell me how to top up on my card?,topping_up_by_card
tr_e6a561b3df,There's a payment in the app that I didn't authorize.,card_payment_not_recognised
tr_9fa7f4f1b6,How do I get a new expiration date?,card_about_to_expire
tr_9f5a17b5ab,If I top-up by using a trasfer are there charges that applied?,top_up_by_bank_transfer_charge
tr_e6d5e73756,I'm not able to activate my card how do I fix this problem?,activate_my_card
tr_88853dfb9d,"
How do I unblock my PIN?",pin_blocked
tr_6923e3deb9,Please help me with my card. As i have tried to use my card in two different ATMs but repeatedly it was declining by ATM.,declined_cash_withdrawal
tr_64b06c8963,Can I use any card and currency?,supported_cards_and_currencies
tr_c4df2c0323,My latest transfer seems to be missing.,balance_not_updated_after_bank_transfer
tr_ccf8914726,Why was I not able to get cash from the ATM?,declined_cash_withdrawal
tr_8717c44a10,How do I order a card?,order_physical_card
tr_18517a7107,Where is the closest ATM I can use?,atm_support
tr_e02cb9e072,I don't recognize the direct debit payment from the app.,direct_debit_payment_not_recognised
tr_a772419f76,do i need to wait to get my card before getting a pin,get_physical_card
tr_b869e5a217,"After reviewing my charges, I see I was charged a fee for a transfer I did, why?",transfer_fee_charged
tr_327af55b83,Are EUR exchanges acceptable?,fiat_currency_support
tr_3645594a7c,Where do I need to go to change my PIN?,change_pin
tr_58c4693892,I would like to delete my account. I'm not happy with the service you're providing,terminate_account
tr_722ef2d086,What is the charge for exchanging currency?,exchange_charge
tr_5f37a4d31d,What can you tell me about the card PIN?,get_physical_card
tr_840f8e8e25,"I have a card that expires in the coming month, do I have to specifically ask for the updated card?",card_about_to_expire
tr_9f581c172f,I transfered my balance a while back.  Why doesn't my account reflect this?,balance_not_updated_after_bank_transfer
tr_0961beaa64,Why was there an extra charge because I used my card to pay?,card_payment_fee_charged
tr_81d7ca9a7b,"When I use my card, it says decline?",declined_card_payment
tr_6513cd3d0c,Will I be charged for topping up?,top_up_by_card_charge
tr_8809ce69de,There is a  €1 fee on my account I didn't authorize,extra_charge_on_statement
tr_ce0afbed61,Why did you charge me extra for withdrawing money?,cash_withdrawal_charge
tr_190d6705a7,Does the card you sent have a tracking number?,card_arrival
tr_502a9ecaee,"I have the funds, why can I not use my top-up?",top_up_failed
tr_1cb2f29997,My top-up has not posted.,pending_top_up
tr_350acbff04,If i want to change my pin number can I directly from an ATM?,change_pin
tr_57a1b33d5e,How do I shut down my account and get out of this company?,terminate_account
tr_95aba23e72,Please give me both a visa and a mastercard.,visa_or_mastercard
tr_e4c368c695,I'm having trouble with proving my identity.,unable_to_verify_identity
tr_dc5ceffa26,What should I do if I exceed my PIN tries?,pin_blocked
tr_98eb278fe4,Does it cost me to add cash?,top_up_by_bank_transfer_charge
tr_ebd2a9a451,Why are the payments being declined on my new card?  I tried several times to use my new card to pay for my gas at the Shell station in my neighborhood.  I am very distressed about my new card not working.,declined_card_payment
tr_01aa1dc5cb,"When I got cash, the exchange rate applied was wrong.",wrong_exchange_rate_for_cash_withdrawal
tr_bfd0cebc88,I did not receive the correct amount for the exchange rate.,card_payment_wrong_exchange_rate
tr_db428f2d80,Why did it cost money to transfer funds?,transfer_fee_charged
tr_0a537ee5ec,Why didn't the ATM give me all my money,wrong_amount_of_cash_received
tr_bab6088882,"Why did I get charged a fee, I thought it was free?",cash_withdrawal_charge
tr_44d643ef9d,Can you let me know why my cash withdrawal is still pending?,pending_cash_withdrawal
tr_06777a2eea,Is there a specific date it can be delivered by?,card_delivery_estimate
tr_fd4d8be4e4,Can you help me transfer money into my friend's bank account? I tried to do it but it keeps rejecting me. I need to get the money in there asap. I have enough and all the account info is correct.,failed_transfer
tr_45cd9f7885,In what way can I change my PIN and where do I need to be?,change_pin
tr_90a4f8ae7c,"i have tried everything to complete a transfer but can't, what should i do next",declined_transfer
tr_59e6b49ecc,Is there a fee when I add money to my international card?,top_up_by_card_charge
tr_f1cbddddc9,I need a physical card.  What are the fees?,order_physical_card
tr_781f6fb457,why do i have to verify top up?,verify_top_up
tr_56be1af7ad,Help me access the card I already got so I can information from it.,card_linking
tr_835758dfa4,What is the refund process?,request_refund
tr_10b9ec2529,"Hi there, I've tried to make a transfer 5 different times and its not working. Is your system down or something?",failed_transfer
tr_c67fa97d00,"Hi, I was just checking over my card transactions and notice I was charged twice for a restaurant visit this week. Can you please remove one of these false charges from my account?",transaction_charged_twice
tr_bebab49d38,I received a decline message on a transfer,declined_transfer
tr_2205f29b07,Why is my beneficiary being denies?,beneficiary_not_allowed
tr_11bdd922e0,There is a refund missing.,Refund_not_showing_up
tr_54e31d5f8c,Is there a limit on the number of times I can use a disposable card?,disposable_card_limits
tr_ee72e61753,why hasnt my card come in yet?,card_arrival
tr_9a9dc2dd5c,How do I see my card in the app?,card_linking
tr_dd482062b5,The amount of cash I selected to withdraw is different than what I received.,wrong_amount_of_cash_received
tr_8f27b9688c,What currencies are accepted to add money?,supported_cards_and_currencies
tr_17c822871a,Am I able to get this shipped to China?,card_about_to_expire
tr_24a220a79e,How long does it take for money to transfer as my balance hasn't been updated,balance_not_updated_after_bank_transfer
tr_06fe73d403,"I found my card that I thought I had lost, I need to reactive it, please help.",card_linking
tr_3babcf6412,I have a card payment that has been pending for some time and would like to know when it is going to go through.,pending_card_payment
tr_446f617265,Can I top-up my card using a bank transfer.,transfer_into_account
tr_59c2ae006b,May I get an account for my daughter?,age_limit
tr_9bd4070691,Is this open to residents of all countries?,country_support
tr_06434868aa,Am I able to top up with Apple Pay?,apple_pay_or_google_pay
tr_90c49da18a,"I don't understand what a disposable virtual card is, can you help?",get_disposable_virtual_card
tr_25d9d8bee9,Am I allowed to get an account for my daughter?,age_limit
tr_899f55b2c5,Which credit card top-ups do you accept?,supported_cards_and_currencies
tr_b04268aeea,I have made a card payment but it did not completed still showing as pending. Please tell me when it will be completed.,pending_card_payment
tr_eea9cd79be,I need quickly transfer something from China. About how long will it take?,transfer_timing
tr_bc1e383e72,"lost my phone, what is account security?",lost_or_stolen_phone
tr_87541a53c5,Why would the app deny my top-up?,top_up_failed
tr_a270341203,I left my phone at the hotel.,lost_or_stolen_phone
tr_99dbb3271d,I ordered something online a while ago and I haven't gotten it. I would like a refund.,request_refund
tr_4b56b4b34e,When will the money be made available in my account?,transfer_timing
tr_b240add2c7,A refund for a recent return has not arrived on my card.,Refund_not_showing_up
tr_2520e7ea8c,how long does it take to reflect in my balance a top up,pending_top_up
tr_cd47e1ad35,My card hasn't came in the mail yet?,card_arrival
tr_1f7c38c232,I see non-received cash in my app.,cash_withdrawal_not_recognised
tr_f824132614,I want to change my account details.,edit_personal_details
tr_45f1403e3d,How do I create a disposable virtual card?,get_disposable_virtual_card
tr_df48dfc21d,I have been overcharged.,transaction_charged_twice
tr_bec15a2fb6,my atm transaction was wrong,wrong_amount_of_cash_received
tr_79db659526,"I attempted to complete a topup, and I thought all was well, but now the money is gone again. Has there been a glitch?",top_up_reverted
tr_010b06f71d,My card won't work right now.,card_not_working
tr_a250b978ee,Please tell me the limit to topping-up.,top_up_limits
tr_0340f6a4d5,How do I order a new card when my old one is ready to expire?,card_about_to_expire
tr_8be2b4d4d9,How do I change my currency to another?,exchange_via_app
tr_d18d0ade21,Is there a daily auto top-up limit?,automatic_top_up
tr_2ec21d8175,Will my GPB update my salary,receiving_money
tr_48f0a39b7f,What do I do to lock my phone after losing it so my account isn't accessed,lost_or_stolen_phone
tr_0b39068cc5,Why can't I use my beneficiary?,beneficiary_not_allowed
tr_093cfa9169,"My transaction history is looking a little off. I have been charged twice for multiple different purchases, and would like to have those duplicate charges refunded.",transaction_charged_twice
tr_56a6153990,How can I make my card show up in the app?,card_linking
tr_a8478991f9,There is a strange payment on my card.,card_payment_not_recognised
tr_6d274f38e7,"I'm going to travel, can I have it add money automatically in certain intervals?",automatic_top_up
tr_0798cbd070,Tell me how to delete my account.,terminate_account
tr_69e41fba25,I need someone to assist me with explaining how much I can top-up.,top_up_limits
tr_11cd56ef5a,Is there a way I can check on the card on route to me?,card_arrival
tr_3735c68093,May I order another card?,getting_spare_card
tr_17cd9952d6,Is there a reason my refund isn't showing on my statement?,Refund_not_showing_up
tr_29a3f62bf9,I have a canceled top-up and wanted to know about it.,top_up_reverted
tr_b775f2f245,Where can I order a card?,order_physical_card
tr_cb8b507684,Two days ago I did a transfer to another account within the country.  It doesn't appear the transfer went through.  I have verified the account number several times.  Could you please check on this for me?,transfer_not_received_by_recipient
tr_fe1383e9e0,What do I do if I already had a card with you guys?,card_linking
tr_f89c6e22d7,Why hasn't my transaction been completed?,transfer_not_received_by_recipient
tr_f9ffb947ec,Why do transfers get declined?,declined_transfer
tr_30003c9660,Where do I look for cash top up?,top_up_by_cash_or_cheque
tr_328814d3ce,What are the restrictions on auto top-up?,automatic_top_up
tr_db72e59b96,"I would like to get a physical card, but I don't know how. Can you help me?",order_physical_card
tr_a3ad0c72ad,I am afraid to give you all my identify details.,why_verify_identity
tr_777ecf12b8,How old must I be to open an account?,age_limit
tr_08f029eeab,I use GBP for my salary deposits. Must I set this up somewhere?,receiving_money
tr_b6efa7bd72,How do I activate my card that just arrived?,activate_my_card
tr_c9fdd00860,"My payment has been declined!! What's going on, I thought everything was alright and working well?",declined_card_payment
tr_17ab35d4f8,"|I moved out of my old house two weeks ago and cancelled my direct debit to my old landlord, this direct debit was working fine.  Now I've moved in to a new place and set up a transfer to a new landlord but it's not reached her yet, can you check it please?",transfer_not_received_by_recipient
tr_765104c176,Does it cost anything to get a new card? Mine's about to expire and I'd also like to know how long it takes to get the new one.,card_about_to_expire
tr_3e546c4db6,How can I exchange USD and GBP in the app?,exchange_via_app
tr_1a1349842e,There has been a transfer pending in my account and I wanted to know how long it is going to take to go  through.,pending_transfer
tr_c0787a3b64,"I have a strange transaction for £1 on my statement, what is that?",extra_charge_on_statement
tr_d1466e9875,A foreign purchase I made has the incorrect rate applied to it.,card_payment_wrong_exchange_rate
tr_bc9c6e6e2e,Am I allowed to hold money in multiple currencies?,fiat_currency_support
tr_f58d727039,I don't understand why my payment was declined. I thought everything was ok.,declined_card_payment
tr_5c3e18aef8,I'd like to have extra cards. Will I have to pay for that?,getting_spare_card
tr_5f8a0981b7,Why do the top-ups need to be verified?,verify_top_up
tr_79d5025fa1,i put money on my card and i dont see it on the balance,pending_top_up
tr_6b3c96a0c5,There are a few payments in the app that I didn't make! Does someone else have my card?  What should I do?,card_payment_not_recognised
tr_41e994356c,Why is my beneficiary not working?,beneficiary_not_allowed
tr_40f957336b,I lost my phone! Will my card still work?,lost_or_stolen_phone
tr_caae851fd1,"Hi, I tried to top up my card today and it did not work. I have tried it in the past and it worked just fine but it won't do it anymore. Can you help me out?",top_up_failed
tr_15de8ce93a,I requested a refund but am unable to see it in my account. Why is that?,Refund_not_showing_up
tr_d04cebdf26,How can I get funds into my account from my American Express?,supported_cards_and_currencies
tr_8c37e4fa3d,Are there any top-up limits involved?,top_up_limits
tr_4048ef0c53,There is a potentially fraudulent direct debit on my account.,direct_debit_payment_not_recognised
tr_0fc0757c9d,You can use it anywhere that accepts Mastercard.,card_acceptance
tr_1c8403a4f9,I was charged an extra pound.,extra_charge_on_statement
tr_cb4a1d6aeb,Which currencies are allowed?,fiat_currency_support
tr_29c16e926c,Can you tell me how to locate my PIN?,get_physical_card
tr_0dc64033ce,why did i only get 20.00,wrong_amount_of_cash_received
tr_873c1b186d,How recent do my documents need to be for verification?,verify_my_identity
tr_1400d24af6,"Why is there now a charge for making cash withdrawals? I wanted some cash after I went to the grocery store, and there's a new fee!",cash_withdrawal_charge
tr_9ae254cd79,Where is a ATM that accepts Mastercard?,atm_support
tr_cde775d8dd,I have been charged twice for the same thing!,transaction_charged_twice
tr_582b296219,I can't log into my account because I lost my password,passcode_forgotten
tr_2907ef7f1e,My top up has failed,top_up_failed
tr_4c09ab36bd,I topped up my account but the app failed to process it.,top_up_failed
tr_868ac1c2ac,I requested $100 but only got $20,wrong_amount_of_cash_received
tr_d3334cd5e0,I want to use my account before identity verification,why_verify_identity
tr_59b78998b7,I tried transferring to an account but it didn't go through. What happened?,beneficiary_not_allowed
tr_d7f4a7c5b5,I'd like to know where my funds come from.,verify_source_of_funds
tr_35d721f547,Can you tell me my code to get into the app?,passcode_forgotten
tr_d774a123da,"I thought I left my card at a restaurant, but they claim not to have it and now I don't have any idea where it is. I'm so worried that someone might be using it fraudulently. Is there any way to look into this?",lost_or_stolen_card
tr_69a27019f8,Tell me your opinion on the exchange rate.,exchange_rate
tr_9e10ad655b,Why isn't my refund showing up in my statement?,Refund_not_showing_up
tr_886dc460bb,To many charges on my card how do I go about fixing that?,transaction_charged_twice
tr_ad7d8c6366,Are you able to delete my account?,terminate_account
tr_18d19e3151,Can I choose what card I can use,visa_or_mastercard
tr_1f9ef7ca36,I am missing a refund amount on my account.,Refund_not_showing_up
tr_51ce7c31db,I tried to withdraw cash from your ATM but my transaction was cancelled.,declined_cash_withdrawal
tr_2d4a041511,I was unable to transfer money from my account.,failed_transfer
tr_cb18d42e8e,How do I use a cheque to top up?,top_up_by_cash_or_cheque
tr_418538268b,Why is my cash still pending that I put in ATM?,pending_cash_withdrawal
tr_7c378abfaa,Is there a charge for transfers?,top_up_by_bank_transfer_charge
tr_d03d67b600,What is the reason for my card payment to be reverted?,reverted_card_payment?
tr_dce3a5a96f,"What is the reason when I tried to pay contactless at the bus, it didnt work?",contactless_not_working
tr_db9c98d9ef,Are there top up charges for US cards?,top_up_by_card_charge
tr_ab5c3b56a2,I think the payment from my card was revereted,reverted_card_payment?
tr_a7fa1b3031,I want to request a physical card,order_physical_card
tr_f6508f7082,I purchased something overseas and the incorrect exchange rate was applied.,card_payment_wrong_exchange_rate
tr_bf214a19d1,The day before yesterday I transferred funds to another account within the country.  The funds have not yet arrived.  I double and triple checked the account number and it was correct.  Why hasn't the transfer been completed yet?,transfer_not_received_by_recipient
tr_4ef3fedb0b,is there a way to do automatic top up,automatic_top_up
tr_57c0754857,Do you need to know my first and last name?,why_verify_identity
tr_a1347d0e33,"how many virtual cards can i have, i want 8",getting_virtual_card
tr_dcb1d4a8a4,Need help to get my card to work.,card_not_working
tr_8d87504fa0,Why is the exchange rate terrible?  That can't be close to the actual interbank rate.,card_payment_wrong_exchange_rate
tr_44cd0dc7c5,"Why are all my transfers failing?  I have the details right and they won't complete.  I've been trying all day and they still won't go through, this is URGENT, please help.",declined_transfer
tr_209003ac99,Am I able to order a disposable virtual card?,get_disposable_virtual_card
tr_17e0a44f2a,Please tell me the types of currency I can hold.,fiat_currency_support
tr_79cbcf6721,My daughter needs an acount.,age_limit
tr_a1b8066515,"I made an international purchase, but the exchange rate was wrong",card_payment_wrong_exchange_rate
tr_20c1d39fe8,How do I fill out the identity check?,verify_my_identity
tr_166065cec8,Why is their a charge pending on my card still?,pending_card_payment
tr_7ceed52399,Why isn't my beneficiary allowed?,beneficiary_not_allowed
tr_2638db2b98,Can I use American Express?,supported_cards_and_currencies
tr_934922892e,Do I need to verify the top-up?,verify_top_up
tr_282bfbb659,"Hi, is everything in good standing with my card? I am receiving multiple ""decline"" messages.",declined_card_payment
tr_46c293533e,I have to verify my identity. What do I need to do?,verify_my_identity
tr_2b6bfcc05a,A shop I go to didn't let me pay.,declined_card_payment
tr_b49557020b,"Hello, I have tried using crypto top up but it is not working. I had some money in my account but I'm not sure what happened",top_up_reverted
tr_60bd27dab0,Can you tell me why the card payment came back?,reverted_card_payment?
tr_9f007e9f80,Somebody stole my wallet and is using my card! Can you do something so they can't keep taking my money?,cash_withdrawal_not_recognised
tr_38edc92ed2,Will my new card work outside of the EU?,country_support
tr_2c556299e9,can i get a card if i live in the US?,country_support
tr_bad70d8c1e,Please delete my account now.,terminate_account
tr_fca589d0a8,I'm in China and need a new card. Please help.,card_about_to_expire
tr_7373c9a190,I can't find my card!  What should I do?,lost_or_stolen_card
tr_7edefe611b,What's up with the extra fee I got?,cash_withdrawal_charge
tr_95ec338df7,I could not get my card to work at a shop.,declined_card_payment
tr_a6fc618178,What's my limit for topping up?,top_up_limits
tr_bef5401acd,I want to reverse a transaction I did this morning,cancel_transfer
tr_b21fb3d354,Why is there a charge when I took out money?,cash_withdrawal_charge
tr_4cee42cfb1,how do i get a refund for a direct debit payment i didn't make,direct_debit_payment_not_recognised
tr_b9a8964339,How do I make my PIN work again?,pin_blocked
tr_cf65e6948c,I've completely forgot the code to get into the app.,passcode_forgotten
tr_204374d547,Can you tell me the status of my new card?,lost_or_stolen_card
tr_89abe25137,When will it get delivered?,card_delivery_estimate
tr_946c06cd73,I noticed that there's a payment on my card that's pending.,pending_card_payment
tr_c751609246,I did not charge my account for that transaction.  That's an error.,card_payment_not_recognised
tr_78ec079041,"I moved, can I edit my personal details?",edit_personal_details
tr_4e548d48cf,How can I top up using google pay?,apple_pay_or_google_pay
tr_10087e07cf,"
I put the wrong pin too many times and now it is blocked. Can you help me unblock it?",pin_blocked
tr_43ba82dc4e,"Hi, My card is getting declined during top-up. As it urgent, could you please resolve this issue, or guide me with other alternatives if any.",top_up_failed
tr_8c0a831cb8,What is an exchange rate?,exchange_rate
tr_4d0169690d,I'm wanting to get a Visa card today.,visa_or_mastercard
tr_11be42e492,I want to cancel the transaction I made earlier,cancel_transfer
tr_556a249f29,Can you  tell me how to get AUD not GBP?,exchange_via_app
tr_d1b96e2756,What is the procedure of unblocking my PIN?,pin_blocked
tr_b5f5b762dc,Will my other US credit card be accepted?,supported_cards_and_currencies
tr_9c44b87f16,Why isn't my google pay top up working?,apple_pay_or_google_pay
tr_9310b85d0a,Why is my card being declined at the ATM? I have tried multiple ATMs and i keep running into the same problem. Could you verify that everything is okay with my account?,declined_cash_withdrawal
tr_c967672773,I am unable to transfer money. I believe it is not working because it states it was declined.,declined_transfer
tr_353b391969,I was under the impression ATM cash withdrawals were free. Why was I suddenly charged for my most recent ATM transaction?,cash_withdrawal_charge
tr_5a4da84fad,I put some money in my account the other day but now its gone? Why is this?,top_up_reverted
tr_8512fe3d44,My top-up is not working. Why is that?,top_up_failed
tr_78b0ee8526,My app was on the phone and I was mugged.  What do I do?,lost_or_stolen_phone
tr_ee15350f5f,What do I need in regards to identification?,verify_my_identity
tr_da7a692061,I cannot find my refund on my statement.,Refund_not_showing_up
tr_aff824f661,I want to end my account,terminate_account
tr_7db72a1327,I was spending cash with my card and got a fee.,card_payment_fee_charged
tr_72a943ff91,It's requiring me to verify my identity?,why_verify_identity
tr_ca6062cf4d,"I lost my phone, what should I do?",lost_or_stolen_phone
tr_2d269734b3,I would like to exchange currencies on the app. How do I do this?,exchange_via_app
tr_2f1bb32998,I made a transfer but my balance hasn't been updated,balance_not_updated_after_bank_transfer
tr_b25272bfb4,I want to start using my card.,activate_my_card
tr_b191563673,Why was the wrong rate applied when I bought something in a different currency?,card_payment_wrong_exchange_rate
tr_aa93ebc882,My card is almost expired.  How fast will I get a new one and what is the cost?,card_about_to_expire
tr_cd9d71d632,Is the card welcomed by everybody?,card_acceptance
tr_734b0afaa2,Where can I get a physical card?,order_physical_card
tr_40173f7bbc,"My card keeps getting declined when I try to use it.  I would like to top-up, but it is not going though.",top_up_failed
tr_8852c0f127,My card is missing.,lost_or_stolen_card
tr_6db622b3c9,How do I top up on my card?,topping_up_by_card
tr_aafa3fd883,How long is the wait for my card?,card_delivery_estimate
tr_f5f215fe18,Can I have more than one card?,getting_spare_card
tr_d43445b227,When I made a transfer I was charged extra.,transfer_fee_charged
tr_e70bf0ecee,My account is devoid of funds. Am I permitted to submit additional money via bank transfer?,transfer_into_account
tr_c5a4bfe6ab,"I thought transfers were free, why was I charged?",transfer_fee_charged
tr_7afe91d315,The machine only paid me a hundred when I wanted 20,wrong_amount_of_cash_received
tr_2ac780721e,What happens after my card expires?,card_about_to_expire
tr_d25faa8ad7,Did a card payment that I made get cancelled?,reverted_card_payment?
tr_2a8f7783ab,Unknowingly to me the payment sent to seller has been redeposied back in my account. I do not know why it would take out the payment and then put it back in my account. Can you resolve this as soon as possible?,reverted_card_payment?
tr_fe8e9c9c77,Why was my request for cash declined?,declined_cash_withdrawal
tr_e9e63cbc5d,what are the steps to activate my card?,activate_my_card
tr_b81e0cadc1,Can I reset my PIN if it is blocked?,pin_blocked
tr_ac4ee6b428,Please explain the charge of 1L in error.  I have purchased nothing in this amount.,extra_charge_on_statement
tr_443002fe97,What information am I going to have to have in order to do a transfer with my card?,topping_up_by_card
tr_99ec425004,"I'm trying to verify my top up card, how do I do that?",verify_top_up
tr_ddebdb3262,Instruct me how to reset the passcode.,passcode_forgotten
tr_219a7e5ea9,Can you tell me why I was charged extra when I withdrew money?,cash_withdrawal_charge
tr_f27509ac2a,"Hello, I went ahead and checked my account details to be sure, and they are definitely correct.  I've had a transfer pending for a while, and I can't understand why it hasn't gone through yet.",pending_transfer
tr_6a38376fbb,where is my unknown payment from?,card_payment_not_recognised
tr_37b856c949,Is there a fee for topping off a US card?,top_up_by_card_charge
tr_2a0ab33bc6,"As advised by you, i requested seller to refund my money. A week has passed but i haven't got any update from seller. Please track the refund with the seller.",Refund_not_showing_up
tr_dadf142154,Is it possible to get both Visa and Mastercard from you?,visa_or_mastercard
tr_92fd52781f,What is the estimated wait time on a US transfer into my account?,transfer_timing
tr_9791867871,"I bought something while traveling, and the exchange rate was wrong.",card_payment_wrong_exchange_rate
tr_100914f2d5,How long do I wait for a transfer to take?,pending_transfer
tr_30fd4f4743,I would like to make sure it is delivered on a certain date.,card_delivery_estimate
tr_cece21f66a,"How long does a transfer to another country normally take? I check over and over again and see that my transfer is still pending. It's 2018, nothing should take this long. I have confirmed my account information, so there is no error. What is the hold up?",pending_transfer
tr_476a572ab7,What happened to my top-up? I think it was cancelled.,top_up_reverted
tr_a53e9be1e6,Whats the max I can top up,top_up_limits
tr_0782760492,how is it possible to add another card to account,getting_spare_card
tr_ef5998b0b9,Where is the tracking number for the card?,card_arrival
tr_5641a9b9a1,What's the amount that I can top-up?,top_up_limits
tr_df08dbaac4,My card never arrived.,card_arrival
tr_308dc4ccff,What is taking so long with my refund?,Refund_not_showing_up
tr_1cb1acbedb,Where can I pay with my card?,card_acceptance
tr_d957c5e159,I was removing a dollar amount from my account and now don't have access to my card.,card_swallowed
tr_2674e73e2c,What do I do if my phone was stolen?,lost_or_stolen_phone
tr_9853e3ed58,totally unacceptable.  I'm stranded with no cash because the ATM wouldn't give me any money!,declined_cash_withdrawal
tr_e2ebd33d1b,Are purchases returnable for full refund?,request_refund
tr_1ecae30121,"If the ATM only gave me 10 pounds instead of the 30 I requested, what do I do?",wrong_amount_of_cash_received
tr_98b7d41af1,what's my top-up verification code?,verify_top_up
tr_1759da0f49,Someone might be using my card.  What should I do?,compromised_card
tr_81b11b115e,How does a US resident go about acquiring a new card?,country_support
tr_27ae9ce24e,"My transfer failed, why did that happen?",failed_transfer
tr_5ee06d8946,I moved to a new city and need to change my address,edit_personal_details
tr_03e9a34eac,Why i'm I being charged an extra pound,extra_charge_on_statement
tr_a21176f8a4,Why did I only receive a partial amount of what I tried to withdraw?,wrong_amount_of_cash_received
tr_887b9e4721,Why am I unable to transfer money when I was able to before?,beneficiary_not_allowed
tr_0ae0cd7ad1,will you be able to activate my card,activate_my_card
tr_0d5cf34b83,Can I use my card anywhere?,card_acceptance
tr_7148b65ac3,Why isn't my refund showing in my statement?,Refund_not_showing_up
tr_0e3b18babd,Transfer was declined.,declined_transfer
tr_c09b0cc7ae,The balance has not been updated.,balance_not_updated_after_bank_transfer
tr_a41b7ac955,"Hearing about your verification results from us may take anywhere from 10 minutes to approximately one hour.  If this verification has in fact, failed, double-check to make sure that your images are clear.  Also make sure that your document photos have no blur or glare. They need to be readable.  You must also be 18 years of age or older and be a resident of Switzerland or the European Economic Area to open an account.",unable_to_verify_identity
tr_1a897d1211,Why do I still have a pending cash withdrawal?,pending_cash_withdrawal
tr_bbc25ead0f,How long will a transfer from Europe take?,transfer_timing
tr_aef7da32ab,Please help me with my card.  It won't activate.,activate_my_card
tr_efb52a2451,I tried to buy something online yesterday and got a message saying declined. I tried again today and got the same message. What's the problem?,declined_transfer
tr_90cffb3168,Transfers from the US how long will the wait be?,transfer_timing
tr_8ef2dccab7,Is it possible for me to track the card is was mailed to me?,card_arrival
tr_68633592ef,"I was supposed to receive my new card by now, but it hasn't came in.",card_arrival
tr_94cdf22835,"Hi, I am interested buying crypto currency but unable to purchase it through the application. I do want to do the exchange, Could you please let me know what is the problem?",beneficiary_not_allowed
tr_a5f66876af,when will the balance on my account change form a transfer,balance_not_updated_after_bank_transfer
tr_04298c8256,My card payment was reverted,reverted_card_payment?
tr_bf77f092d8,How can I change my information?,edit_personal_details
tr_2f7a29487e,I've transferred money into my account but the balance is the same,balance_not_updated_after_bank_transfer
tr_3ff9a1eb16,Are you going to charge me to top up my card?,top_up_by_card_charge
tr_3162bd0ff6,What can I do to track the card you sent me?,card_arrival
tr_b418b7c02f,"I think that someone may be using my card, but I'm not sure,.",compromised_card
tr_a87368c382,My account isn't showing a transfer I made.,balance_not_updated_after_bank_transfer
tr_4d7f0b526c,Why wouldn't the ATM give me my money?,declined_cash_withdrawal
tr_12ed1a0b09,How do I dispute a direct debit on my account?,direct_debit_payment_not_recognised
tr_136eea6660,I would like for someone to tell me which fiat currencies that your company supports.,fiat_currency_support
tr_5128f7b612,"my money, where is it coming from?",verify_source_of_funds
tr_94b567ff88,What ATM locations are near me?,atm_support
tr_3747ec6fc1,Why did you cancel my card payment?,reverted_card_payment?
tr_0ff04267b2,Will I be charged for adding money by transfer?,top_up_by_bank_transfer_charge
tr_29d4018f3c,Why is my top-up showing as reverted?,top_up_reverted
tr_2d327dc696,Where is the verification code display?,verify_top_up
tr_874b1f232d,Do I need my phone to use the app?,lost_or_stolen_phone
tr_647ef372d2,Is it possible to top-up automatically?,automatic_top_up
tr_3cf893fa4f,MY transfer has still not appeared.,balance_not_updated_after_bank_transfer
tr_9bda175db7,"My transfer did not work, what was the reason?",failed_transfer
tr_d56d883aa2,How do I modify my account details?,edit_personal_details
tr_135bf7145f,with what can I verify my identity?,verify_my_identity
tr_2c47a9cf4f,Where can I order a card when I am in China?,card_about_to_expire
tr_cbad5171ca,Can turn my money into another currency?,exchange_via_app
tr_35cace0ec1,Where'd the rest of my cash go from the ATM,wrong_amount_of_cash_received
tr_afc252433b,I did not get all the cash at ATM.,wrong_amount_of_cash_received
tr_33e14dc8da,"This is not right, I was told I could take out cash at the ATM for free?",cash_withdrawal_charge
tr_a5daa9c6c6,Yesterday my phone was stolen from me :( What do i need to do about it?,lost_or_stolen_phone
tr_3997482ca6,There is a top up that has been pending for an hour and I don't know why.  I was expecting it immediately and need it now!,pending_top_up
tr_168ef33097,What is this strange payment in my account?,card_payment_not_recognised
tr_8105ab623f,I need to exchange foreign currency will i be charged?,exchange_charge
tr_a9a45cf260,I did a transaction to a wrong account!,cancel_transfer
tr_2adbb6105f,"I guess exchange rate for my payment was not correct, as i charged extra on the last saturday.",card_payment_wrong_exchange_rate
tr_9be649565d,terminate my account please,terminate_account
tr_415b5704b5,Why was I charged an extra pound?,extra_charge_on_statement
tr_8435183321,My card failed to work when I was shopping in a store,declined_card_payment
tr_af603d33b7,Is there a reason my payment is still pending?,pending_card_payment
tr_4cc60f93cc,The top-up is broken.,pending_top_up
tr_d86bad65a2,If my identy verifacation hasn't gone through can I use my account?,why_verify_identity
tr_bca7349239,Can I transfer something urgently from China? How long does it take?,transfer_timing
tr_f5832c79c0,I need to cancel a purchase that I made the other day.,request_refund
tr_52a0460b93,Why isn't my refund shown on my statement?,Refund_not_showing_up
tr_c79cc9d9dd,Why was one of my transfers declined?,declined_transfer
tr_f49a5fa027,"I saw money was taken out of my account by a seller a while back. I do not recognize the seller, but I'm pretty certain I didn't make that payment. Can you track who the seller is?",direct_debit_payment_not_recognised
tr_9ed6dddda6,How long will I have to wait for my money to be in my account?,transfer_timing
tr_f7d1828770,I wanted to know about a pending dollar that is on my statement.,extra_charge_on_statement
tr_5a722f9976,I'm not seeing my cash deposit showing up in my account.,balance_not_updated_after_cheque_or_cash_deposit
tr_cc483d3a63,Help me order my card.,order_physical_card
tr_952ace95bd,Why is this beneficiary being rejected?,beneficiary_not_allowed
tr_a7a1ed26d0,Why isn't my balance updating?  I did a bank transfer and it isn't current.,balance_not_updated_after_bank_transfer
tr_e52d8ce17f,Canceling my order is what I need to do right now.,request_refund
tr_d572e382e4,How to receive the actual card,order_physical_card
tr_bd94fcd40c,My money disappeared right when I tried to top up,topping_up_by_card
tr_2cba78667c,How long does it take for cards to be delivered after ordering them?,card_delivery_estimate
tr_74c13b0fad,"If there isn't much money left over, will it top-up automatically?",automatic_top_up
tr_e933a42093,"Hi, i just topped up my phone and the money was deducted but it seems to have deducted the same amount again! please help!",top_up_reverted
tr_192ddfbd9b,I want a refund,request_refund
tr_b69c0ab564,I would like a Visa card.,visa_or_mastercard
tr_6f26c2bd53,What are the reasons a beneficiary would be denied?,beneficiary_not_allowed
tr_4396cbd1f4,Can you provide me a disposable virtual card?,get_disposable_virtual_card
tr_56f0908353,I deactivated my card but would like to reactivate it.,card_linking
tr_1ea66d59a6,I would like to invalidate my account.  I am very disappointed with your services.,terminate_account
tr_ad878ce870,What foreign exchange rate will I get on weekdays and on the weekends?,exchange_rate
tr_60bac2c065,"When I travel, can it automatically add money in certain intervals?",automatic_top_up
tr_3ab4dca994,My card has been lost / stolen,lost_or_stolen_card
tr_bfc63f3629,Is there a possibility to open an account for my sons and daughters?,age_limit
tr_59ac867061,I would like to know how much I can top-up.,top_up_limits
tr_9becd21c24,"I tried topping up my account but it failed, can you help me?",top_up_failed
tr_e1e35c1844,"I don't like the services, please close my account",terminate_account
tr_c1e0f011c7,"Why can't I transfer my money into someone else's account? I should be able to do so right? Why does it keep rejecting my transfer? There's no reason, all my info is correct and the money is there.",failed_transfer
tr_fd294e7f1f,"I blocked my card by mistake, how do I unblock it?",pin_blocked
tr_70cdf3dcab,I sent a check into the system but still haven't received the cash yet,balance_not_updated_after_cheque_or_cash_deposit
tr_3ce26c31dd,how much will I be charged for making a transfer?,top_up_by_bank_transfer_charge
tr_bf6eeb7952,Can you help me process a refund?,request_refund
tr_23537dd89c,Please tell me which fiat currencies you support.,fiat_currency_support
tr_f31b4a6788,Does the PIN come under separate cover?,get_physical_card
tr_9c2e57afc3,What source do my fund come from?,verify_source_of_funds
tr_78878a34b1,Can you please explain why the exchange rate for the item I bought is wrong?,card_payment_wrong_exchange_rate
tr_91f548e9c2,Some cash shows up on my app.,cash_withdrawal_not_recognised
tr_00ef2b4e68,Can I use google play as my primary app to Top up?,apple_pay_or_google_pay
tr_2b7463ded4,I need to figure out who has access to my card there are some payments I didn't make that are showing on the app.  Could you please help?,card_payment_not_recognised
tr_6d2966cd67,May I get my salary paid out in a different currency?,receiving_money
tr_b8b0419630,My wallet was just stolen and I see my account already has a withdrawal. Can you please help me.,cash_withdrawal_not_recognised
tr_c441d9d182,I need a second card on this account for my daughter.,getting_spare_card
tr_381afe2fff,When will a cash withdrawal show up?,pending_cash_withdrawal
tr_6833626808,What do I need to do in order to get a new card?,order_physical_card
tr_51b7c2d9a0,Does my account have the option to hold multiple currencies?,fiat_currency_support
tr_d8354646aa,What does a 'pending payment' mean?,pending_card_payment
tr_a3a7359553,Why can't I use a disposable card?,disposable_card_limits
tr_bdb46b9782,Please tell me why I am having problems transferring to a beneficiary.,beneficiary_not_allowed
tr_561db2d82a,I was declined a transfer,declined_transfer
tr_142a517480,How do I verify my top up?,verify_top_up
tr_65283984ec,It's only been a few weeks my my top-up got cancelled,top_up_reverted
tr_12b8eae518,Where can I see where funds came from?,verify_source_of_funds
tr_10b9d3e1c4,"I am getting an error stating my transfer is not possible while transferring money. Let me know the issue as its the first time i am getting error, earlier it used to work.",beneficiary_not_allowed
tr_f0e6f51f75,Please help me delete this account.,terminate_account
tr_e883609e77,There is a pending transaction on my account for when I tried to get money from the ATM earlier and it did not work. Can you fix this?,pending_cash_withdrawal
tr_71893dba2d,How do I make sure my transfer isn't goin to an unsupported merchant?,declined_transfer
tr_ea64c1460d,Why hasn't arrived yet a transaction I did to my friend?,transfer_not_received_by_recipient
tr_90488a618d,"Looks like my card payment was made twice by mistake. I went to pay at the store earlier which rejected once, second time it worked. App is on pending for one of the payments. Can you please remove one of them as it's wrong and clearly was declined?",transaction_charged_twice
tr_110119ff75,Why is my payment in pending status?,pending_card_payment
tr_d2ce9b6ae6,There is a payment in the app that I did not approve,card_payment_not_recognised
tr_e3625a173d,My top-up failed to go through.,top_up_failed
tr_2c7b5afe76,Why am I being charged a fee for using my card? If there is some print out of places that charge me can you please send me that?,card_payment_fee_charged
tr_6e952a0a07,i want to get a card but i live in the US,country_support
tr_4d8b75bf13,Where is the top-up verification code located?,verify_top_up
tr_1fd7a79340,Can you explain why the ATM is giving me less money than what I asked for?,wrong_amount_of_cash_received
tr_93e07846a5,"I wrote a check to the account yesterday to add to my balance, but I don't see the amount of the check reflected anywhere.  Is it being held up for some reason?  I should have seen a new balance by now!",balance_not_updated_after_cheque_or_cash_deposit
tr_255768b0a8,Why was the price higher when I paid with my card?,card_payment_fee_charged
tr_5472a0776e,The money disappeared when I tried to use my card to top up.,topping_up_by_card
tr_fbe628d783,What do I need to do to exchange my money?,exchange_via_app
tr_81b29492f3,What types of top-up methods do you accept?,top_up_by_cash_or_cheque
tr_1a3a1beb06,If I need more than cards will I have to pay a fee to receive them?,getting_spare_card
tr_6babd3e80b,I was charged a fee with my cash withdrawal that I shouldn't have been charged.,cash_withdrawal_charge
tr_872153997b,My recent transfer didn't go through - why not?,declined_transfer
tr_3147a6e951,The terminal I paid at wouldn't take my card. Is something wrong?,contactless_not_working
tr_3a010d964e,I cannot use my PIN.,pin_blocked
tr_a1b88d3905,"I just looked at my app and it seems I was charged extra, why is that?",extra_charge_on_statement
tr_b7f5907a04,I can't get into the app with the passcode.,passcode_forgotten
tr_43dc24d232,How can I get my card out of the stupid ATM that ate it?,card_swallowed
tr_6b93ac8c3a,I am out of money in my account and I was wondering if I could do a bank transfer is put more in it?,transfer_into_account
tr_d1aa07db66,"I tried to withdraw some money from an ATM this morning but wasn't able to get the amount of cash I needed. The amount in the app says what I was trying to withdraw was deducted, but I don't have any money. What do I do about this?",wrong_amount_of_cash_received
tr_e8ce08fcf4,"i tried using a virtual card for a hotel but it didn't work, why not",disposable_card_limits
tr_bbfd09ec63,"So I've been using my account frequently to manage payments for my vacation house in a different country, and now I'm getting hit with ridiculously high fees! What's with that? Ought not I be rewarded as a frequent user?",transfer_fee_charged
tr_9d10274c21,I was given the wrong exchange rate when getting cash,wrong_exchange_rate_for_cash_withdrawal
tr_0154b0f69d,Why has my card declined,declined_card_payment
tr_a40aec5f44,Are there downsides to using a disposable virtual cards?,disposable_card_limits
tr_c2b8a1483b,I need to find out why my pending payment hasn't gone through.,pending_card_payment
tr_aeb9dfa588,Where would I order a virtual card?,getting_virtual_card
tr_15f05eabf3,I am not satisfied with your company.  Close my account.,terminate_account
tr_eaf5ad5b16,"I  have been charged more than I should for the presents I bought  when abroad, the problem seems to be the exchange rate.",card_payment_wrong_exchange_rate
tr_78f39245de,Why was my ATM withdrawal cancelled?,declined_cash_withdrawal
tr_b1a796b248,I got charged twice with a duplicate card. How do I resolve this?,transaction_charged_twice
tr_71ffc0aadb,I wasn't able to do a transfer to an account,beneficiary_not_allowed
tr_dc28969678,Can I transfer my payroll to the bank?,receiving_money
tr_0ea4800088,Can I change my PIN without going to a bank?,change_pin
tr_f316738d23,What am I supposed to do if the funds haven't show up from a transfer completed this morning?,pending_transfer
tr_735a7ce078,Do you offer disposable virtual cards too?,get_disposable_virtual_card
tr_dd89449d11,Why is my card not working anymore?,card_not_working
tr_72e2a031a8,I want to open an account for my child.,age_limit
tr_5c2c646ab3,How do I link my card in the app.,card_linking
tr_22b14d4f5f,Can I use this app for any currency?,supported_cards_and_currencies
tr_83772ecc60,How long does it take for the transfer to go through?,transfer_not_received_by_recipient
tr_3b39ab7718,Where do I scan my card?,card_linking
tr_b1e692da7c,My contactless is non-functional.,contactless_not_working
tr_40361c0948,How do I top up with a cheque?,top_up_by_cash_or_cheque
tr_2ff5291d42,What services can I use to top up?,apple_pay_or_google_pay
tr_5b39ec79b2,I have a payment I didnt make on my account,card_payment_not_recognised
tr_e65fa08498,There is a withdrawal in my account I didn't make.,cash_withdrawal_not_recognised
tr_51a7bf45af,I need to know where my funds come from.,verify_source_of_funds
tr_269daec05f,Why was I charged twice for the same thing?,transaction_charged_twice
tr_e36f038bf8,How can i reset my passcode ?,passcode_forgotten
tr_f2d26e58ba,What do I need for the verification check?,verify_my_identity
tr_f3a932994a,I can't see my refund in my history.,Refund_not_showing_up
tr_1b763cc43a,Is my card ready for use or does it need activated and if so how?,activate_my_card
tr_ac747ba87b,What is the process for activating my card and using it?,activate_my_card
tr_6c865e93d7,How to receive transfers from my employer when I get paid in GBP?,receiving_money
tr_c5eac0dbc0,What value can I get for my currency?,exchange_rate
tr_0cf7bf10d9,How do I get a spare card?,getting_spare_card
tr_85bd9f29f7,Why is this fee being charged to me after using my card?,card_payment_fee_charged
tr_35e69a96db,Someone made a mistake on my money transfer because I was charged extra fees.,transfer_fee_charged
tr_e7834c7320,Why is it I am charged an extra fee when I use the ATM?,cash_withdrawal_charge
tr_a139f4735a,Why is top up not working if I use my American express with my apple pay?,apple_pay_or_google_pay
tr_633f0c99a8,I do not think the pop up went through yet.,pending_top_up
tr_922861a242,"I deposited cash into my account, why do I not see it?",balance_not_updated_after_cheque_or_cash_deposit
tr_5544bfa571,My payment did not go through because the app reverted it,reverted_card_payment?
tr_f2d161bd0a,I'd like my account to be deleted. I'm not satisfied with the service you provide.,terminate_account
tr_7215147eb4,What is the return policy?,request_refund
tr_94facee4c9,I need a disposable virtual card.,get_disposable_virtual_card
tr_13ff5d7da7,Hey I thought transfers were free.  Why are you charging me?,transfer_fee_charged
tr_e64a0de116,"I am adding money, what currencies do you accept to do this?",supported_cards_and_currencies
tr_570453ea29,I didn't receive the amount of cash I requested for the ATM.,wrong_amount_of_cash_received
tr_2b1b4b930c,I would like to report an issue with my product and want to get it refunded,request_refund
tr_d8ff183024,"I transferred a payment a couple days ago and it shows done, but it has not been received.  Could you please help me?",transfer_not_received_by_recipient
tr_70c9511430,Good afternoon. I made a transfer from my UK bank account.  I haven't seen anything on the account in the pass few hours. Please check the account to make sure everything is fine.,balance_not_updated_after_bank_transfer
tr_ccf05fdfe2,I think someone stole my card number and brought stuff in different places that I have never been to. I need to suspend any further purchase on my credit card.,compromised_card
tr_84a746801b,Why was I charged extra on my last UK pound to Russian ruble exchange?,card_payment_wrong_exchange_rate
tr_e469802146,My account is blocked because I entered the wrong pin too many times.  Help me unblock.,pin_blocked
tr_60a2c996ff,Why was a payment cancelled on my account?,reverted_card_payment?
tr_1fdbab77cd,Does the app top up automatically?,automatic_top_up
tr_61f8de7405,What's the wait time for European transfers?,transfer_timing
tr_b9163edd1a,I am just waiting on the completion of the transaction.,transfer_not_received_by_recipient
tr_47e850b31d,"I need to change my name, since i just got married",edit_personal_details
tr_9a09e71972,Do I have to pay more for exchanges?,exchange_charge
tr_4e7e23fd13,Tell me the currencies that you support.,fiat_currency_support
tr_d3540bb35f,I just saw a fee on my account. When do these get charged?,card_payment_fee_charged
tr_3d0fc6dcb8,My client was converting their Russian ruble into UK pound currency when they noticed their bill was much too high for the exchange. What happened?,card_payment_wrong_exchange_rate
tr_b2edf4dfbc,The store card reader would not accept my card.,declined_card_payment
tr_0f0c5d3ec9,The ATM I used for foreign currency provided the wrong exchange rate.,wrong_exchange_rate_for_cash_withdrawal
tr_0e471de91a,Can you tell me what cards and currencies you support?,supported_cards_and_currencies
tr_99abdd93a4,An overseas cash transfer did not work correctly,wrong_exchange_rate_for_cash_withdrawal
tr_7920d6e114,What ATMs can I use this card at?,atm_support
tr_cfa344a5b1,"HELP! I tried to get cash and it gave me some, but not the right amount!",wrong_amount_of_cash_received
tr_8213b1dd54,My payment is in the app but hasn't gone through yet,pending_card_payment
tr_15619a04d4,I think when I withdrew money when out of country the exchange rate was wrong.,wrong_exchange_rate_for_cash_withdrawal
tr_1a5a0b7461,I did not receive my full withdrawal amount,wrong_amount_of_cash_received
tr_d6c5d4f524,Will it be possible to change from USD to GBP with this App?,exchange_via_app
tr_71601ed499,Can I use this app to exchange currencies?,exchange_via_app
tr_20f58491c2,Why is there a 1 euro fee on my statement?,extra_charge_on_statement
tr_0ce82e43e6,When I add money to my international card do you charge a fee to do so?,top_up_by_card_charge
tr_86b94580e1,"I need to exchange my GBP to AUD, how would I do this?",exchange_via_app
tr_c76c426516,How old does one need to be?,age_limit
tr_92e795326e,My card was eaten by the cash machine what do I do?,card_swallowed
tr_4b5d031db7,How can I change to another currency?,exchange_via_app
tr_5424499337,My card wasn't working in a shop,declined_card_payment
tr_7058dda712,Where can I activate my card?,activate_my_card
tr_cb9283902b,Can you tell me what the exchange fee is?,exchange_charge
tr_230314250a,How do I go about transferring money using my credit card?,topping_up_by_card
tr_75abdc015f,The app says I made a cash withdrawal even though I didn't.,cash_withdrawal_not_recognised
tr_8cb055df66,Why has my payment been reversed?,reverted_card_payment?
tr_a0987f2e76,I'm still waiting for my card that was issued a week ago. What should I do?,card_arrival
tr_f2974433c8,what documents do i need to verify who i am,verify_my_identity
tr_cdedca2e88,What currencies can my account be in?,fiat_currency_support
tr_791e7d9856,"I need to get a card, how do I do that?",order_physical_card
tr_b2d6669f69,For what reason is my transfer still pending now?,pending_transfer
tr_869f07e377,"i put in money for vacation and its not showing. i need that money today, how long will it take",pending_transfer
tr_29d7b913b4,Where is the money I put in the bank?,balance_not_updated_after_cheque_or_cash_deposit
tr_6927f64f2e,Is there a reason my top-up has not gone through?,pending_top_up
tr_1c8bdc7f60,may I have a Visa and a Mastercard from you.,visa_or_mastercard
tr_13d2cb034f,Where is the refund on my statement?,Refund_not_showing_up
tr_5e3d878cb1,Where is the PIN for my card located?,get_physical_card
tr_14b7377152,I need to transfer money to my account from another bank,transfer_into_account
tr_40b48324fd,"My money's disappeared from my account! I topped up the other day and it was there, but now it's not. Help?",top_up_reverted
tr_d1024c83a2,Whats the maximum disposable virtual cards?,disposable_card_limits
tr_47c8e2b309,Why have I been charged a small fee to use my card?,card_payment_fee_charged
tr_4e3d6b9000,Are there restrictions to transfers to certain accounts?,beneficiary_not_allowed
tr_7d910b2c9c,Help! I lost my card!,lost_or_stolen_card
tr_da132114d5,I believe i was charged for making a withdrawal after i went grocery shopping. Are you guys charging for this now?,cash_withdrawal_charge
tr_9f22231faf,What do I need to do in order to use my card I just got?,activate_my_card
tr_b86aeb4415,Will you guys do Visa or Mastercard?,visa_or_mastercard
tr_d1085f4f55,auto-top up option can be found where?,automatic_top_up
tr_5b924656f9,The transfer that I was trying to complete was declined. What was the cause?,declined_transfer
tr_778acb493d,"Why, when paying with the card, was I charged an extra fee?",card_payment_fee_charged
tr_0a9cdf9c01,"How long do transfers take, mine just says pending?",pending_transfer
tr_392801eed2,I found my lost card. Am I still able to use it?,card_linking
tr_4ab5490321,How much do you charge for exchange rates?,exchange_charge
tr_3153613a94,phone is gone,lost_or_stolen_phone
tr_21684ed475,I have an American Express that I'd like to add money to my account with.,supported_cards_and_currencies
tr_bc9f6d7ee9,How about disposable virtual cards?,get_disposable_virtual_card
tr_5a4a3c6e1d,Please assist me in activating the card.,activate_my_card
tr_dfde7c9314,Will I see the transfer in my account within the week?,transfer_timing
tr_1c4f79b7f0,Tell me why my card payment has been declined.,declined_card_payment
tr_9ad529b764,What do I do to verify my source of funds?,verify_source_of_funds
tr_3bba07ef7e,My passcode won't work.,passcode_forgotten
tr_1c042526bd,"Hi, Last week I have contacted the seller for a refund as directed by you, but i have not received the money yet. Please look into this issue with seller and help me in getting the refund.",Refund_not_showing_up
tr_d3faea392e,I tried withdrawing but my cash is not showing up?,wrong_amount_of_cash_received
tr_8e680892bd,I have a missing refund,Refund_not_showing_up
tr_a36465348f,How do I receive a disposable virtual card?,get_disposable_virtual_card
tr_40673be76b,Where can I get your exchange rates from?,exchange_rate
tr_6917bf1f98,Why are there multiple transactions showing for one purchase?,transaction_charged_twice
tr_c81b9bf3b8,I'd like to know how transferring my money into my account works.,transfer_into_account
tr_1631c4e182,How long does it take for money to reach my account?,balance_not_updated_after_bank_transfer
tr_38f8dbb788,how do i set up my apple pay watch to connect to my account,apple_pay_or_google_pay
tr_31e8dd3831,Where do I find PIN for my card?,pin_blocked
tr_000e7c4e11,My app shows a payment I didn't make,card_payment_not_recognised
tr_1654bcc10d,How can I go about transferring money to my account?,transfer_into_account
tr_75210ada77,The ATM stole my card!,card_swallowed
tr_2829deb556,I made a cash deposit to my account but it is not there,balance_not_updated_after_cheque_or_cash_deposit
tr_efe959ee75,I don't know where this debit transaction on my statement came from.,direct_debit_payment_not_recognised
tr_a458043432,A refund is taking too long.,Refund_not_showing_up
tr_7d15bb42f9,"I cannot get to my app, what should I do?",lost_or_stolen_phone
tr_598121f87b,Why didn't my transfer complete?,failed_transfer
tr_135fe4d03e,The transger I tried to make failed.,failed_transfer
tr_4d54990d4c,"Help, I don't see my money i just added.",pending_top_up
tr_9840f97ac2,Someone hacked into my cards account.,compromised_card
tr_d1dab87f9a,I was double-charged for a transaction,transaction_charged_twice
tr_4fe397fc7d,is there a way to fix my top up,top_up_failed
tr_33f4cf598a,I found a charge on my debit that I did not make.,direct_debit_payment_not_recognised
tr_0cb4de6e2e,"Please help! I was looking at my account and saw a transaction with a seller I don't remember. Is it possible for you to track the sale, because I really don't think I made a payment to them.",direct_debit_payment_not_recognised
tr_e6b0789073,I entered a typo when I was transferring money and now I've sent it to an incorrect account.  This is so bad!  I need it cancelled now.,cancel_transfer
tr_bab3e284a9,I purchased an item and the exchange rate was wrong,card_payment_wrong_exchange_rate
tr_e974a7b878,I need my card immediately.,card_delivery_estimate
tr_d5bd9e921e,My money hasn't been deposited yet. When will it be?,pending_top_up
tr_c8e8b67b24,Why was my account assessed a fee for an ATM transaction?,cash_withdrawal_charge
tr_927e7fd0c8,Which flat currencies do you support for holding and exchange?,fiat_currency_support
tr_35f4f26778,How can I create another card linked to this account?,getting_spare_card
tr_c9c5845da7,"Hello. How long does it usually take to transfer money to another country? I've made sure all the information is correct, but the transfer still says that it's ""pending.""",pending_transfer
tr_9ec58b8258,I have my card now how do I activate it?,activate_my_card
tr_96d15e024e,Where did my extra fee for the transfer come from?,transfer_fee_charged
tr_bace44ab76,"I tried to get some with-drawls but the machine didn't work. The transaction still seems in progress.Seems like  something is wrong,I don't want to be charged for Transaction i did not make.",pending_cash_withdrawal
tr_a1e12a85f8,Can you tell me why my card is not working? I keep trying to use it but it keeps rejecting my payment. I am being careful and entering the info correctly but it still happens.,declined_card_payment
tr_08d6ae14d0,We want to start a college fund for my daughter.,age_limit
tr_fc9a2a079c,"Hi, I sent my landlord my rent money a few days ago and while everything seems good on my end he says that he never got the money. I double checked the account number and it's correct. Can you help me figure this out?",transfer_not_received_by_recipient
tr_460204dc54,I want to take some funds from my other bank account and add them to this one.,transfer_into_account
tr_ba914cb7e6,"I need to verify a payment to my new landlord. I transferred the first rent payment a few days ago. While it shows on my side, the landlord is saying he hasn't received it yet. Can you verify that it has processed?",transfer_not_received_by_recipient
tr_42a38c17e3,"The expiration date for my card is coming up, how do I get a new card?",card_about_to_expire
tr_3f6f18f75f,I was charged for getting cash.,cash_withdrawal_charge
tr_28da87c973,How do I change my name after marriage,edit_personal_details
tr_f5b0450f57,Which currencies do you work with?,supported_cards_and_currencies
tr_5900375ae8,How can I set up Google Pay on my device?,apple_pay_or_google_pay
tr_85061cfb33,Why do I need to verify my funds?,verify_source_of_funds
tr_b376e6cc00,"app malfunctioning, does not know its me",unable_to_verify_identity
tr_54fed35b35,The money that I have transferred hasn't arrived yet.,balance_not_updated_after_bank_transfer
tr_8d4f766c7c,I have a pending money transfer,pending_transfer
tr_9b64de7ca1,Why am I unable verify my id?,unable_to_verify_identity
tr_622997eaa9,Why have I been charged for pulling cash out of my own account?,cash_withdrawal_charge
tr_75ea3a4397,I made a check deposit but the cash hasn't arrived in my account yet.,balance_not_updated_after_cheque_or_cash_deposit
tr_2c25d94b9e,I'm not sure why my card didn't work,declined_card_payment
tr_94989a95c8,I need to terminate my account.,terminate_account
tr_07b866b77a,I don't see a money transfer yet,pending_transfer
tr_e5dab03cca,The app is showing a direct debit transaction that I did not perform,direct_debit_payment_not_recognised
tr_60d284693a,Do you limit my top-ups?,top_up_limits
tr_8f679ff5f7,I bought an item then noticed the exchange rate was wrong.,card_payment_wrong_exchange_rate
tr_6360ba4a12,Can I only top-up digitally? Or could I use cash?,top_up_by_cash_or_cheque
tr_3e10c22667,"I don't know my PIN, how can I find that out?",get_physical_card
tr_9826ebd8ac,How long does it take for pending transfer transactions to post?,pending_transfer
tr_741f54053c,This transfer incurred a fee that I don't think is right.,transfer_fee_charged
tr_40ee14229c,Who do I call to cancel a transfer?,cancel_transfer
tr_586ebdfd6e,Show me how to activate my card,activate_my_card
tr_7e1f784846,I'm on holiday and I noticed a different amount for exchange rate.  Can you explain?,card_payment_wrong_exchange_rate
tr_a5b84766b1,How can many disposable cards can I have per day?,disposable_card_limits
tr_b03ad9053a,"I've tried many times to make a payment, but it's not going through.  What's wrong?",declined_card_payment
tr_692d89cfa0,How many times can I use a virtual card?,disposable_card_limits
tr_f2700888d7,I couldnt transfer money from my account.,failed_transfer
tr_02b7c2227f,My PIN was blocked.,pin_blocked
tr_0847016d8d,Its been several days and my cash withdrawal is still pending. Why?,pending_cash_withdrawal
tr_981ed221b0,Who should I contact if the amount of my withdrawal doesn't correspond to the amount that I tried to take out of my account?,wrong_amount_of_cash_received
tr_a651d2bbee,Why is there an extra fee charged?,extra_charge_on_statement
tr_9df089c07f,Why do you need so much id info from me?,why_verify_identity
tr_d596f5f330,What kinds of cards can I use to top up?,supported_cards_and_currencies
tr_9010363908,My payment for my card is not working,declined_card_payment
tr_d9aa04f8cb,There are charges on my card that I haven't purchased.,compromised_card
tr_40889ae03f,Why doesn't my card work for any transactions?,card_not_working
tr_06446ccc0a,I have an outgoing transaction,pending_transfer
tr_82a4e82759,"To deliver to the US, how long will it take?",card_delivery_estimate
tr_ef1f56bc08,How do you calculate exchange rates?,exchange_rate
tr_ae22bce77b,I could not get the cash I wanted,wrong_amount_of_cash_received
tr_2622f46c6d,What are my options for holding money in multiple currencies?,fiat_currency_support
tr_b60bb73055,Can you help me figure out what is going on with a debit payment that is showing up on my account I am not sure is suppose to be there.,direct_debit_payment_not_recognised
tr_91f7f5e15a,Has my top up gone through?,pending_top_up
tr_78cf4c8a13,What do I have to do to cancel a transfer?,cancel_transfer
tr_6a5006304e,Will there be a fee if I receive a SEPA transfer,top_up_by_bank_transfer_charge
tr_03a6c5d4a5,Set a new PIN please.,change_pin
tr_02de3187ba,Does your app allow currency exchange from USD to GBP?,exchange_via_app
tr_464f93a8c3,Some cash I didn't get shows in my app,cash_withdrawal_not_recognised
tr_5cda8ac4e0,What fee will be charged for exchanges?,exchange_charge
tr_5477de1456,What does it mean if it says that my payment is pending?,pending_card_payment
tr_8ffe858312,Help me verify my identity.,unable_to_verify_identity
tr_5d521cc8f7,What was the extra charge for using my card?,card_payment_fee_charged
tr_ff5ba22be5,There is a transaction showing up several times.,transaction_charged_twice
tr_cc4d872d92,I was wondering how long does it take for a payment to go thru? It seems my last payment is stuck and hasn't moved.,pending_card_payment
tr_bfadeadfa9,Can you deliver the PIN separately?,get_physical_card
tr_c84645d1b8,"I need a new card to replace an expired one. Will it cost anything, and how soon?",card_about_to_expire
tr_936b441abe,I need to transfer something to China. It is urgent. How many days will it take to get there?,transfer_timing
tr_69743987f8,How can I information on my limit for top-ups?,top_up_limits
tr_567d187436,What is the delivery time to the US?,card_delivery_estimate
tr_7c4816ae0f,How does the exchange rate work on this app?,exchange_rate
tr_df78b875be,"For some reason, I'm unable to transfer funds.",beneficiary_not_allowed
tr_ed9519eab9,Why was I charged an extra fee when doing a transfer?,transfer_fee_charged
tr_5bf66d1c0f,Do you allow currency exchanges?,fiat_currency_support
tr_44f8fab9f7,"Hey there, I just went through my most recent credit card payments and I notice the same charge for a restaurant was processed twice. There was only one meal at this place, so I would like one of the charges to be reversed and my money to be put back in the account.",transaction_charged_twice
tr_bb7cd00502,I haven't received money from a transfer?,transfer_not_received_by_recipient
tr_4b04669312,This exchange rate on my purchase is wrong.,card_payment_wrong_exchange_rate
tr_b52d8601e8,"Hi! A seller that I requested a refund from a long time ago has yet to send the money into my account, even though I keep checking it. Can the seller be contacted by you guys to see what's going on?",Refund_not_showing_up
tr_04597fe3af,I just did a money transaction but its not showing they received it,transfer_not_received_by_recipient
tr_eb9b4965a1,"I tried to withdraw $100, all it gave me was $20.",wrong_amount_of_cash_received
tr_05436b44b9,Is there somewhere I can send a check to add to my account?,top_up_by_cash_or_cheque
tr_eff645b7cd,Is it possible to give a second card from my account to my daughter?,getting_spare_card
tr_36f60eda72,Why was I charged a random fee for a transfer I made?,transfer_fee_charged
tr_a5c050ccca,Are there any hidden extra fees for currency exchanges?,exchange_charge
tr_2cd2e28578,I am still waiting for a transfer to show up,pending_transfer
tr_0abb945664,What do I do if the ATM swallowed my card?,card_swallowed
tr_bbc055329b,"I need to add more funds to my card today because it keeps being declined, and I need to use it immediately. Can you fix this or tell me alternatives?",top_up_failed
tr_186d6d80e4,"I tried to make a top-up and it was canceled, why is that?",top_up_reverted
tr_39e191445a,"I noticed my card payment was cancelled, can you tell me why?",reverted_card_payment?
tr_57e36d35c8,Can I receive money in a different countries money?,receiving_money
tr_968810346c,The app failed to verify me.,unable_to_verify_identity
tr_7e078b0c37,I topped up and now my money is not there anymore! What happened to it?,top_up_reverted
tr_4cdd3f6f38,How can I activate my new card? I didn't recieve any information with it about how to do so.,activate_my_card
tr_bffd407964,What do you demand for identity verification?,verify_my_identity
tr_c928f61954,My transfer to another account was not allowed. Why is that?,beneficiary_not_allowed
tr_d6776e0050,I would like to cancel my account.,terminate_account
tr_67b8108ae9,Anytime I've made an ATM withdrawal before it has always been free. I now say that I have been charged for my most recent ATM withdrawal. What's going on here?,cash_withdrawal_charge
tr_2135e93208,I made a purchase with my card and I was charged a fee for using it,card_payment_fee_charged
tr_097f8ac465,What is the appropriate age for my child to be able to open an account?,age_limit
tr_366be77b8c,Will I be charged if I add more cards to the account?,getting_spare_card
tr_6c3610103e,Can I use this app for both USD and GBP?,exchange_via_app
tr_45ecba3aee,What's the procedure for getting a card?,order_physical_card
tr_eb6787f555,Is auto top up available?,automatic_top_up
tr_05dcf97802,I withdrew some cash and the exchange rate seems to be wrong.,wrong_exchange_rate_for_cash_withdrawal
tr_646dbbea29,"A few weeks ago, a strange transaction was made on my account by a seller I don't know. I am quite sure I didn't do it and will like for you to check it for me.",direct_debit_payment_not_recognised
tr_74c1a36710,My card did not go through in a shop,declined_card_payment
tr_3aa4575e41,What do I need for the identity verification?,verify_my_identity
tr_01057b371f,There's a payment with my card that I didn't perform. I don't know that name shown.,card_payment_not_recognised
tr_28b92b93d3,Please check my payment from last Saturday as I feel I have been overcharged on the exchange rate.  Thank you.,card_payment_wrong_exchange_rate
tr_227b45ffa0,How do I request the PIN?,get_physical_card
tr_e2b4157546,A payment that I didn't make appears in my app.,card_payment_not_recognised
tr_4719eead77,What are the steps I need to take to cancel a transaction?,cancel_transfer
tr_2f8a7457b4,How do I edit my details?,edit_personal_details
tr_cb92061f30,"Hi, I'm in progress of purchasing a flat and am trying to make to make a payment.  An error is appearing, and I need assistance.",failed_transfer
tr_19d449499a,What are the charges for receiving a SEPA transfer?,top_up_by_bank_transfer_charge
tr_91da200545,"I live in the EU, can I get one of your cards?",country_support
tr_62e93bf0a6,What's the transfer time from Europe?,transfer_timing
tr_aa8432ded3,I would like to change to a different currency.,exchange_via_app
tr_bb14eadb26,I want to link my new card. Can you help?,card_linking
tr_f395ea45b7,"My card was lost on vacation, I don't know where it is. Can you help me take care of this immediately?",lost_or_stolen_card
tr_c77c8f8172,Did a WD earlier at an ATM.  The amount showing in the App is more than I got though.,wrong_amount_of_cash_received
tr_6241ab9a06,My card is about to expire. What do I need to do to keep using my card?,card_about_to_expire
tr_3cc34063c8,Can I add money automatically to my account while traveling?,automatic_top_up
tr_ba6cea8529,What is the cost for currency exchanges?,exchange_charge
tr_8faf12f0f0,has my card payment been reverted?,reverted_card_payment?
tr_1be9014dfb,Are there any charges for topping up a US-issued card?,top_up_by_card_charge
tr_fa2777f846,Is it free for top ups?,top_up_by_card_charge
tr_a7dc7aba06,Can I have my account add money automatically in certain intervals?,automatic_top_up
tr_c3d80b0c16,What do i do if the exchange rate was wrong for the item i bought overseas?,card_payment_wrong_exchange_rate
tr_88e4cf7f99,I've been waiting ages and my PIN hasn't gotten here.,get_physical_card
tr_b43639eece,How can I dispute a direct debit charge on my account?,direct_debit_payment_not_recognised
tr_a3d638d4aa,I'm not able to withdraw money from the ATM but I'm not sure why.,declined_cash_withdrawal
tr_fd5ddeb2c9,A receiver made me aware that they did not receive the full transfer that I made. The amount was showing to be a bit less. I now have to make a second transfer just to make up the difference. Can you reach out and let me know what's going on?,transfer_fee_charged
tr_32a22c66fe,I deposited a check yesterday and im not seeing it posted yet in my account. why is that? can you look into it?,balance_not_updated_after_cheque_or_cash_deposit
tr_52c4494cae,Can I top-up automatically?,automatic_top_up
tr_68f48843a0,I've just moved and I need to change my details,edit_personal_details
tr_4a0c0c99ad,"I think my top up may have been reverted, what do I do?",top_up_reverted
tr_18ee32c378,Someone has been using my card. There are unfamiliar transactions on there. Can you freeze the card to keep this from happening?,compromised_card
tr_c39e0dc796,"I'd lke my card reactivated, I was thinking it was misplaced but I discovered when I woke up that I had left it in my coat.",card_linking
tr_8711d38a00,Where can I find the verification code for a top-up?,verify_top_up
tr_c38a0a76e6,Can I use top-up with Apple pay?,apple_pay_or_google_pay
tr_29f3f50369,What's the process for exchanges?,exchange_rate
tr_307b274408,Can you tell me how to tell where my funds come from?,verify_source_of_funds
tr_c0ac5dd28b,How come my transfer got declined,declined_transfer
tr_bc4c2ee930,There's a cash withdrawal I didn't make,cash_withdrawal_not_recognised
tr_e29a17d052,Will I need a new card or can I put my old card back into the app?,card_linking
tr_f8f83c4579,Is it free to transfer money or is there a fee?,transfer_fee_charged
tr_0187e49c39,I urgently need to top-up my card but its getting declined. Please help me in this or advise with other options if any.,top_up_failed
tr_17ca1ef955,"Card payment is still pending, why is that the case?",pending_card_payment
tr_8362413b3e,Is there a charge for getting more cards?,getting_spare_card
tr_8b6b530e68,I made a bank transfer but it doesn't seem to have gone through?,balance_not_updated_after_bank_transfer
tr_cf2e0f2bfb,Can I use a different currency with my salary?,receiving_money
tr_98f7a53c3e,Which cards do you support for top up?,supported_cards_and_currencies
tr_68c917058d,how come when i got cash the exchange rate was different than it should be,wrong_exchange_rate_for_cash_withdrawal
tr_7fa48f311f,A pending charge of 1L appears on my statement.  Please explain as I have not made a purchase for that amount,extra_charge_on_statement
tr_1fcc65d8a3,I received the wrong amount of cash from the ATM. Can you help?,wrong_amount_of_cash_received
tr_b1ff8c1f66,My cash transaction isn't showing on my account,transfer_not_received_by_recipient
tr_6ef19d16cc,There is a €1 extra fee in my statement,extra_charge_on_statement
tr_99136ab71c,i did not get any money but still was charged,wrong_amount_of_cash_received
tr_1d1cbe50de,I need to check status as my friend hasn't got money I sent.,transfer_not_received_by_recipient
tr_c0da68b951,I cant prove who I am,unable_to_verify_identity
tr_988e891499,Can I get a card in the US?,country_support
tr_98c661c7c9,Can i receive transfers from my employer this way?,receiving_money
tr_40bbf5a558,I don't recognize this withdrawal on my statement,cash_withdrawal_not_recognised
tr_4da09432e1,My transaction went through but I was charged a fee. Why?,transfer_fee_charged
tr_aca82cf2c3,Why is verifaction required for my Identity?,why_verify_identity
tr_0ff2785fe4,Can you tell me where my readily available cash has come from?,verify_source_of_funds
tr_2b13154081,how long should i wait ti activate my card,activate_my_card
tr_2f7cebeee8,An extra pound was charged!,extra_charge_on_statement
tr_a4f2c0039b,What should I do if I think someone stole my details and used my information to make some transactions?,compromised_card
tr_611e542588,I made a cash withdrawal and it is still listed as a pending transaction.,pending_cash_withdrawal
tr_3382c226ec,I need to move money from one of my other accounts to this one.,transfer_into_account
tr_ca8be33344,Shouldn't my new card be here by now?,card_arrival
tr_fd79db3bf7,Why can't I use this beneficiary?,beneficiary_not_allowed
tr_32e0c3cb78,I do not understand why my pass-code is not working.,passcode_forgotten
tr_a0a6018242,The first payment I attempted for my card at the store earlier did not process so I had to make a second attempt. The second time it worked. It now appears I was charged twice. After looking at the app I see a pending charge. Please remove the pending amount because it is clearly not accurate and was declined.,transaction_charged_twice
tr_d42574c209,Is there a top charge for US cards?,top_up_by_card_charge
tr_7568d0d7db,Hi i received an error message informing me about the transaction failure. I have done the money transfer before and it never failed. Please let me know what is the issue this time.,beneficiary_not_allowed
tr_1cc48bd819,"I used my card to make a payment a while ago and its still pending, Why is it taking so long?",pending_card_payment
tr_643e2eea02,Where can I find out how to transfer money into my account.,transfer_into_account
tr_a91364f33c,I need assistance with understanding which fiat currencies that you support.,fiat_currency_support
tr_452bcdb141,Foreign currency rates were put in wrong at an ATM i used.,wrong_exchange_rate_for_cash_withdrawal
tr_013ff83a0e,I want my card I just received to show up in the app. How do I do that?,card_linking
tr_42535974f5,I have forgotten my passcode,passcode_forgotten
tr_a9a25b3673,How do I report fraud on my card?,compromised_card
tr_c2804c23f2,Can you help me reset my passcode? I forgot it.,passcode_forgotten
tr_411db87fe5,What is the maximum transactions I can use on a disposable card?,disposable_card_limits
tr_dd7efc6e8d,Is it free to exchange currency?,exchange_charge
tr_1849694fa4,My payment card was declined - could you tell me why?,declined_card_payment
tr_7483ed360f,"I just noticed that I supposedly made a payment to a seller a while back. The problem is, I don't recognize the seller. There must be a way to see who it is or track the payment. Can you do that, because I don't remember this transaction?",direct_debit_payment_not_recognised
tr_a1c2d89e20,stop the transaction,cancel_transfer
tr_862e312eb8,How do I see the source of my money?,verify_source_of_funds
tr_6d06b0b203,What is the currency exchange fee?,exchange_charge
tr_21671ec37b,My transfer is stuck pending? How do we fix it to it goes through?,pending_transfer
tr_a4a74628ec,Is there a way you can have money from a purchase I made refunded to my account.,request_refund
tr_272bf1f66b,Can I transfer money to my account with the app?,transfer_into_account
tr_8d736e51a2,Do you know the process how to activate my card?,activate_my_card
tr_50d5b1f642,"After I deposited my cash, I still don't see it in my account.",balance_not_updated_after_cheque_or_cash_deposit
tr_0da3f059f8,I don't understand where this charge came from.,card_payment_not_recognised
tr_b95021a66f,Where can I see where my funds came from?,verify_source_of_funds
tr_30988510e9,Are there any limits if I use these virtual cards?,disposable_card_limits
tr_2ff9dbb8ba,I was only given $20 after trying to withdraw $100,wrong_amount_of_cash_received
tr_333b3325cf,I am so angry right now!  I went to the ATM and did not get the correct amount of money I chose to withdraw.  How could this happen?  I need my money and want to know how I can get it ASAP!,wrong_amount_of_cash_received
tr_fe8e6321bd,"Help me please, I need to top up cash.",top_up_by_cash_or_cheque
tr_9c280691a6,How come my cash withdrawal came with an unnecessary fee?!,cash_withdrawal_charge
tr_611054b487,What's the best way to use a cheque to top up?,top_up_by_cash_or_cheque
tr_1a25d79ce0,What documentation is needed for the identity check?,verify_my_identity
tr_f0c23895b1,I asked for more cash than what was received,wrong_amount_of_cash_received
tr_994ba403cd,The wait for this transfer seems to be taking a very long time.  It is very important that it goes through quickly. Can you please tell me how long it may take?,pending_transfer
tr_d2096c3fe2,How can I check on the status of my new card?,card_arrival
tr_0c0be8946a,I need a transfer cancelled.,cancel_transfer
tr_126cda6559,My card isn't working at all. What happened?,card_not_working
tr_628e64af16,How do I link the new card?,card_linking
tr_9355872f44,"My PIN has been blocked, what should I do?",pin_blocked
tr_bda934bd18,What are the auto top-up policies?,automatic_top_up
tr_675cfe24ab,When can I use money sent to my account?,transfer_timing
tr_6b16ef0846,How can I get a disposable virtual card?,get_disposable_virtual_card
tr_a45e9d40dc,I was charged multiple times for one purchase,transaction_charged_twice
tr_95165a91af,Hello - I'm on the app and trying to purchase crypto. It's not going through. What am I doing wrong?,beneficiary_not_allowed
tr_c59f16ef77,can I be charged for topping up by card,top_up_by_card_charge
tr_8b2e72229d,"So, I was under the impression that you have an offer for crypto top up. This doesn't seem to be working. Now, the money has just disappeared from my account. What is the deal?",top_up_reverted
tr_e1447e1045,My card hasn't arrived.,card_arrival
tr_307b99c638,Can I have another card in addition to my first one?,getting_spare_card
tr_b16ae234ca,"The exchange rate given to me after a purchase, was incorrect",card_payment_wrong_exchange_rate
tr_13a2ef5dea,"I think someone might have a copy of my card because a 500 dollar withdrawal was made, and it wasn't me. Can you please help?",cash_withdrawal_not_recognised
tr_15c543bef5,Why did I only get $20 when I asked for $100?,wrong_amount_of_cash_received
tr_1b9378d678,Are there any top-up limits that I must follow?,top_up_limits
tr_d55b92706a,The transfer to my beneficiary has not gone through,beneficiary_not_allowed
tr_1d79b3d753,My statement shows charges for things I never purchased. Were my account details stolen?,compromised_card
tr_ab71350892,I exchanged Russian rubles for British pounds today and got less than I expected. Was exchange rate correct?,card_payment_wrong_exchange_rate
tr_254b2c2178,My statement shows a strange direct debit.,direct_debit_payment_not_recognised
tr_c9eee61bd9,I returned an item but don't see it on my account?,Refund_not_showing_up
tr_6c1303609a,I can't seem to be able to use my card,card_not_working
tr_62da53044f,"I'm not sure what is going on here. I've received payment back into my account  for an item I've already received, from about 2 weeks ago.",reverted_card_payment?
tr_d02d217f09,Why is my cash deposit not in my account?,balance_not_updated_after_cheque_or_cash_deposit
tr_77c9ae8a40,Tell me what I should do after my card expires.,card_about_to_expire
tr_c09df7ec8e,What is the fee for accepting money from a foreign country?,exchange_charge
tr_d84cbaf67a,What fiat currencies are supported?,fiat_currency_support
tr_f44bbfb040,How come my card payment has been declined?,declined_card_payment
tr_6848091462,Are there steps to see where my funds come from?,verify_source_of_funds
tr_fb6341623a,i need a refund right away but the funds aren't available in my account,Refund_not_showing_up
tr_5204102823,What is the highest amount I can top-up?,top_up_limits
tr_36c75416d6,"Could I reactivate my card please, I couldn't find it but it turns out it was in my jacket pocket.",card_linking
tr_aabd0b68e5,The check I deposited yesterday isn't listed yet.  Isn't that pretty slow?  I need to see the balance increased by that check.,balance_not_updated_after_cheque_or_cash_deposit
tr_145fccf8d3,I don't think I made this payment that is showing up,card_payment_not_recognised
tr_6e6ca9263c,"Everything I have was stolen yesterday making it so I don't have access to the app, what should I do?",lost_or_stolen_phone
tr_7936a23fb1,What is your policy on withdrawing cash from an ATM? There is a fee on my account that wasn't there before I paid for my groceries.,cash_withdrawal_charge
tr_f13faa3834,I believe my card has been compromised as there are funds showing that I did not receive.,cash_withdrawal_not_recognised
tr_ccf0f2fc51,I need to change my card PIN.,change_pin
tr_78bb76845f,Do you know when the withdrawal will show?,pending_cash_withdrawal
tr_14fe84d12c,How do I change my name?,edit_personal_details
tr_ab6b6ae8a4,Will you charge me for exchanging foreign currencies?,exchange_charge
tr_1b212307d5,Why can't I transfer money to a beneficiery?,beneficiary_not_allowed
tr_e2c76eaedc,How much could I top up?,top_up_limits
tr_0ef01a519f,"When I withdrew money from my account the other day, I noticed that there was a fee.  I didn't think that there were any fees for withdrawals...?  How much will I be charged?",cash_withdrawal_charge
tr_fd542b7351,I'd prefer to use my American Express when putting funds into my account.,supported_cards_and_currencies
tr_88bf04e9e4,My new landlord says he hasn't received the rent payment that I transferred a couple days ago. I've already checked the account numbers and they are correct. Can you tell me what's going on with this transaction that the transfer isn't showing up on my landlord's end?,transfer_not_received_by_recipient
tr_2704a595f8,How many active cards can I have?,getting_spare_card
tr_87bf5b5cfa,how do I link an old card?,card_linking
tr_c7b73762b6,How long does a payment show as pending before i should worry about it?,pending_card_payment
tr_e32a652ce2,How old do my kids need to be to use your service?,age_limit
tr_cedcf86ec6,What are age requirements for opening an account?,age_limit
tr_735fea3dc5,Can someone else use my account if they have my phone?  I lost mine.,lost_or_stolen_phone
tr_b17bfd1c71,My card stopped working. How do I check if there is a freeze on it?,card_not_working
tr_7bb4d5a416,How long does it actually take for a card payment to go through? There's one stuck since a couple days already that doesn't seem to move,pending_card_payment
tr_fd4710c59d,Why was a fee added to my bill when I used my card?,card_payment_fee_charged
tr_ca396bd817,My thoughts were that you offered crypto top up which does not seem to be working. The money has now been taken from my account. What is the problem here?,top_up_reverted
tr_5523d064ad,How do I find the PIN?,get_physical_card
tr_c5cffd8e8b,I see cash withdrawal activity in the app that is not mine.,cash_withdrawal_not_recognised
tr_877ffa85c7,Why is my ATM withdrawal still pending?,pending_cash_withdrawal
tr_fd3dade99d,"I withdrew money from an ATM today, and now my account is showing a different amount than what I withdrew. I checked the amount the ATM gave me, and it looks like it gave me the wrong amount of money. What is the best thin for me to do to get this fixed?",wrong_amount_of_cash_received
tr_e950ede5ba,"I deposited money in the form of a cheque, but my balance has not increased.",balance_not_updated_after_cheque_or_cash_deposit
tr_9ffa249ae4,Is it normal to see a fee for transferring money?,transfer_fee_charged
tr_a6b3d14279,"I'm going on a trip soon and I needed to convert my Russian ruble to UK pounds, but when I did, your company charged me above the exchange rate. Did you mess up my transaction?",card_payment_wrong_exchange_rate
tr_9b516a0f7f,Is there a place to check for fee for payments? I feel like I'm getting charged too much at times.,card_payment_fee_charged
tr_7b7e237e40,"My cash withdrawal says pending, why?",pending_cash_withdrawal
tr_5ec000e714,Why does it show that my transfer is still pending?,pending_transfer
tr_bede0184b4,Why did I get a $1 extra fee on the statement?,extra_charge_on_statement
tr_068b975bbb,I've been using my account while abroad for a while but only recently I've been charged a fee. Why am I only being charged a fee now.,transfer_fee_charged
tr_2dda514ce2,How old do you have to be?,age_limit
tr_1bd0c4c41f,I see a direct debit transaction that I didn't make.,direct_debit_payment_not_recognised
tr_e616ea3208,Can you please reactivate my card?,card_linking
tr_773bbd5abd,Is my card payment reverted?,reverted_card_payment?
tr_4897265c81,Why am I being charged more on exchange with things I bought abroad?,card_payment_wrong_exchange_rate
tr_d67e789328,Is it possible to hold money in multiple currencies?,fiat_currency_support
tr_27ea052d1f,Why is there a pending hold on one pound on my statement?,extra_charge_on_statement
tr_495a309588,Can you explain why my payment is still pending?,pending_transfer
tr_ac8beec66e,How can disposable cards be used?,get_disposable_virtual_card
tr_679dcd535e,I am 16 and just started working at McDonalds can I deposit my checks at your bank?,age_limit
tr_e551308b8f,I need help fixing my contactless. It's not working anywhere I go today.,contactless_not_working
tr_bc5c363250,Why isn't the transferred money there?,balance_not_updated_after_bank_transfer
tr_a6fbb460ce,I'm a new customer and tried topping up today for the first time. It's still pending and doesn't seem to be working. I need to get this fixed.,pending_top_up
tr_ae66b66d5b,do i have to wait for a physical card before i get my pin,get_physical_card
tr_ca71497b95,My money I had was gone and I could not get gas!,topping_up_by_card
tr_a6d9e5f0eb,I am not satisfied with your service.  Close my account.,terminate_account
tr_e51beffa2f,Is it possible to exchange currencies on the app?,exchange_via_app
tr_3106ebb7ff,"My card payment was reverted, why?",reverted_card_payment?
tr_6ffe2f6436,What steps can I take if someone else is using my card?,compromised_card
tr_90f0eef2b6,Exchange rate for my card payment is wrong,card_payment_wrong_exchange_rate
tr_b8775ba7ac,My ATM transaction was cancelled.,declined_cash_withdrawal
tr_1b9408a5a1,I topped up but the app denied it,top_up_failed
tr_c86f873181,I think my card payment has been refunded,reverted_card_payment?
tr_c0fdc43203,Is there a fee to top up a US card using a debit or credit card?,top_up_by_card_charge
tr_a4ef311773,What are the guidelines for the disposable cards?,disposable_card_limits
tr_6f5b976e9d,I submitted a transaction but it was for the incorrect account.,cancel_transfer
tr_19665b9136,I'd prefer a Mastercard.,visa_or_mastercard
tr_f916389519,What could possibly be the cause of my failed transfer?,failed_transfer
tr_805c8a5b52,I couldn't pay with my card,declined_card_payment
tr_7e0ccad0b3,Which atms allow me to change my pin?,change_pin
tr_728dab3e35,What is this extra fee?,card_payment_fee_charged
tr_554f1a1581,How can I setup automatic top-up?,automatic_top_up
tr_c090b56bf9,I didn't receive the correct exchange rate when I got cash.,wrong_exchange_rate_for_cash_withdrawal
tr_6b19bb5756,Can both Visa and Mastercard be chosen?,visa_or_mastercard
tr_579b0cc9a6,What steps do I take to unblock my PIN?,pin_blocked
tr_299c4f97fe,Is there a top-up limit?,top_up_limits
tr_df713e5bfe,What is this direct debit in my statement?,direct_debit_payment_not_recognised
tr_9be5633f83,How long does a transfer take to reach one's account.,transfer_timing
tr_b8165f76c1,How would I go about getting a physical card to use in stores?,order_physical_card
tr_a996671b73,"I accidentally made a payment from the wrong account yesterday. It's my rent payment, and it's very large, so the account I paid from won't be able to cover the amount. It's really important that the payment be made from the right account?",cancel_transfer
tr_92376bc232,how to get card pin?,get_physical_card
tr_d0c23d37cf,I am trying to complete a transfer but I keep getting an error message.,beneficiary_not_allowed
tr_c4ed3da942,I have just read my statement and there is a payment I don't recognise.,card_payment_not_recognised
tr_0da1db705e,how to get virtual card,getting_virtual_card
tr_c9da4b8df0,I was able to find my card. How to I go about putting it into my app?,card_linking
tr_3ab975d14c,"I have a US credit card, will you accept it?",supported_cards_and_currencies
tr_e61e11d115,What information do I need to see my source of money?,verify_source_of_funds
tr_d4647a0b1a,Is there any fees for top ups?,top_up_by_card_charge
tr_db9eb6d071,Mastercard is preferred to me.,visa_or_mastercard
tr_6d269d2b48,What do you charge to top up US cards?,top_up_by_card_charge
tr_998bfc0108,what is the word?,direct_debit_payment_not_recognised
tr_7e67d0d65e,Is my card activated?,activate_my_card
tr_11fccb63e7,What is the estimated wait time for transfers from the US?,transfer_timing
tr_106801b747,ATM withdrawal not working.,declined_cash_withdrawal
tr_76bee18ab0,Can you explain why my transfer was unsuccessful?,failed_transfer
tr_0f1fe8b11e,I tried to pay through my account but the payment is not going through. What's going on?,pending_card_payment
tr_2c4616ff1e,I got charged a fee that shouldn't be there from my cash,cash_withdrawal_charge
tr_84bd5f56a2,Can I have money in more than one currency in my account?,fiat_currency_support
tr_c8ca9f35b4,I thought I was going to receive more currency?,wrong_exchange_rate_for_cash_withdrawal
tr_fd7901f33a,It says the transfer wasn't accepted.,declined_transfer
tr_365e2fb0e3,I checked my account today and saw that I was charged an extra pound that I did not spend.,extra_charge_on_statement
tr_abdc6750fe,Help! In the app there is a payment that I don't remember.,card_payment_not_recognised
tr_6c3514139c,Why is there a charge for $1 on my account?,extra_charge_on_statement
tr_ddefd5fca2,My card is about to expire.  How do I get a new card?,card_about_to_expire
tr_0e3c3bc24e,What's the time frame normally for a UK account transfer? I just made one and it's not showing up anywhere. I want to be sure that everything is good.,balance_not_updated_after_bank_transfer
tr_79819ffeef,Where can virtual cards be ordered?,getting_virtual_card
tr_26449f6fcf,I keep getting an error message when I'm trying to transfer funds! Why aren't you accepting that?,beneficiary_not_allowed
tr_6fab199d75,Where can I locate my card PIN?,get_physical_card
tr_504400e5cf,Why and I being charged this fee?,card_payment_fee_charged
tr_8a44ff5af1,What are the current exchange rates?,exchange_rate
tr_d8bbe98a63,Can I activate a card in the app?,card_linking
tr_ffa97c3b3f,"I needed some cash while abroad, and I'm pretty sure the wrong exchange rate was applied.",wrong_exchange_rate_for_cash_withdrawal
tr_e19849d515,Would I have to pay anything if I need an additional card?,getting_spare_card
tr_eefd0e6288,How do I track the card you sent to me?,card_arrival
tr_ba5a75c43e,Is there a top up fee?,top_up_by_bank_transfer_charge
tr_377d731cfb,I need mastercard as well as visa,visa_or_mastercard
tr_95af2dc71e,My morning transaction needs to be canceled.,cancel_transfer
tr_f36653a714,use my credit to add money,supported_cards_and_currencies
tr_a295a20141,Is there a fee for topping up by charge card?,top_up_by_card_charge
tr_7805685638,Are there any extras for exchanging currency?,exchange_charge
tr_912c72a493,How do you top-up using cash?,top_up_by_cash_or_cheque
tr_fea6c17246,"Hi, I tried to withdraw some money from an ATM and the machine was broken.  It says that the transaction is still in progress.  Can you double check to see what's happening? I don't want to be charged since I was not able to withdraw the money.",pending_cash_withdrawal
tr_e55048ff8e,How do I receive a virtual card?,getting_virtual_card
tr_4be8d7508e,"It's declining my transfers. Normally this works, but my card is being declined now and I've tried more than once.",declined_transfer
tr_532fe14612,I couldn't make a transfer,failed_transfer
tr_340e7f7f39,Are there only certain ATM machines where I can use this card?,atm_support
tr_d1c6a120d1,I prefer mastercard.,visa_or_mastercard
tr_dcacab8e37,My card was declined but it shows as multiple charges?,transaction_charged_twice
tr_116d5d8f5d,Why do I see an extra €1 charge on my statement?,extra_charge_on_statement
tr_3d0698d123,"phone is at a hotel, can i still use app",lost_or_stolen_phone
tr_0284f4a5fb,What's the time frame on EU transfers? I purchased something a couple of days ago but the seller hasn't received my payment.,pending_transfer
tr_7c0e894043,What about a auto top-up?,automatic_top_up
tr_94f2b1688a,Can I get my money back on an item?,request_refund
tr_dfc73264ca,Where do i find my PIN?,get_physical_card
tr_3e3ed27577,"My card's expiring a month from now, should I place an order for the new card?",card_about_to_expire
tr_08c2dc5a00,I have a new card and I need to activate it.,activate_my_card
tr_bb3de01010,"I made a purchase this morning, and it is showing as pending.",pending_card_payment
tr_95d9bbee4d,Can you look into why my most recent top-up is showing as pending? I thought it was supposed to be instantaneous.,pending_top_up
tr_1af77828f9,I did a bank transfer and my balance isn't current.,balance_not_updated_after_bank_transfer
tr_a1825a5b0a,"I don't think the transaction has gone through, so can I cancel a transfer?",cancel_transfer
tr_78819804d9,Why did I not get the amount I specified at the ATM?,wrong_amount_of_cash_received
tr_09361d7266,I am not recognizing a debit payment from my account.,direct_debit_payment_not_recognised
tr_767379d1f7,How can I fix my card if the contactless function didn't work this morning?,contactless_not_working
tr_ef360f7a44,I transferred some money to my mom 2 days ago and she has not received it. I double checked the information and it looks right. Can you help me?,transfer_not_received_by_recipient
tr_ca9c97dc7e,What is the extra fee I was charged when using an ATM?,cash_withdrawal_charge
tr_2f63485e9e,What are the disposable cards restrictions?,disposable_card_limits
tr_d6472b90dc,How do I take a block off my card?,pin_blocked
tr_0a21cfca92,Is there anyway to bypass identity verification?,why_verify_identity
tr_114aec3617,"If I want to be able to give my daughter a card for my account, would I be allowed to get one for her?",getting_spare_card
tr_286c1480e3,I was double charged at a restaurant can you take the second charge off?,transaction_charged_twice
tr_6b0e4a2445,Why hasn't my in country transfer gone through yet? I confirmed the account info a couple days ago but the payment hasn't been posted yet.,transfer_not_received_by_recipient
tr_8ae4c955a0,Changing my PIN,change_pin
tr_1cff3882e7,There is a pending 1£ charge on my statement.  I haven't purchased anything for 1£.  Why is it on my statement?,extra_charge_on_statement
tr_351fa0af42,Is it possible someone has access to my card? I noticed that there are a couple of payments in the app I'm sure I did not make. Can you find out what's going on here?,card_payment_not_recognised
tr_078933e3c9,I was unaware of the additional charge that was added onto my previous payment. A notification of extra charges would be appreciated in the future.,card_payment_fee_charged
tr_a30544382d,Why did my top-up fail?,top_up_failed
tr_f32a0587da,What are the benefits of a disposable card?,get_disposable_virtual_card
tr_579269fe37,What is the limit on Auto top?,automatic_top_up
tr_c06247d365,What do I do?  My card is broken.,card_not_working
tr_cb690c04e6,I received my new card.  Where is it in the app?,card_linking
tr_a14302f852,How can I add a new card?,card_linking
tr_fcb6cdf86a,How do I set up an account for my children?,age_limit
tr_372088f146,How do I make my top up complete?,pending_top_up
tr_1d874bbfcc,I'm not sure how to provide my identity.,unable_to_verify_identity
tr_7e4de0fe04,Why does a cash withdrawal show as pending?,pending_cash_withdrawal
tr_aed736cf13,My new card hasn't came in.,card_arrival
tr_bbfaf22389,I tried to make a payment with my card and it was declined. Why is it pending?,pending_card_payment
tr_eaaef4f9b7,"On a card payment, why is there a fee?",card_payment_fee_charged
tr_13fca1f5aa,My transaction is on the wrong account.,cancel_transfer
tr_98d8ae908b,I would like a card please.,order_physical_card
tr_1b55868e2c,I have to make more then a few disposable cards per day.,disposable_card_limits
tr_c6a19935aa,Are EUR exchanges allowed?,fiat_currency_support
tr_7f9a72e2bb,How long before transferred money shows up?,balance_not_updated_after_bank_transfer
tr_021e64d71f,Has there been any activity on my card today?,lost_or_stolen_card
tr_657e3fd782,Please help me.  My disposable virtual card won't work right.,virtual_card_not_working
tr_e96ecf9b3c,Seems like my top-up has been cancelled,top_up_reverted
tr_c3786cc151,Can you tell me why a refund I'm owed is not showing on my statement?,Refund_not_showing_up
tr_b87dddfb63,Can I use my card to withdraw from my account?,atm_support
tr_6c1c1ba8d6,Yesterday I topped up my card. Why didn't it complete as it still pending?,pending_top_up
tr_c2ab305cdb,What do I do if a transaction shows up twice?,transaction_charged_twice
tr_5ab1ee1307,Somebody is taking money out of my account without my approval in another town separate from me. Please place a freeze on my account until I can make it to the bank.,cash_withdrawal_not_recognised
tr_d8ed4a24d8,There's something wrong on my bill. A transfer fee should never have been added.,transfer_fee_charged
tr_d2f68f0a02,Why is the exchange rate different than expected on my transaction?,wrong_exchange_rate_for_cash_withdrawal
tr_e872411582,I was given the wrong amount of cash,wrong_amount_of_cash_received
tr_e472a16b54,Where is my credit card that was to be mailed?,card_arrival
tr_e8beaa9505,I really was trying to complete this exhange. I was trying to purchase some crypto but the app won't allow me to do it. Can you tell me what's going on here?,beneficiary_not_allowed
tr_b5059da2e6,Can you explain why my Google Pay Top isn't working?,apple_pay_or_google_pay
tr_aba82db64e,There is a vendor name I don't recognize on a payment from my account. I don't think I made this payment.,card_payment_not_recognised
tr_8c486b4fea,How do I protect my phone from someone using it after I lost it.,lost_or_stolen_phone
tr_686516946f,"I got a transfer fail message, but no explanation of why-- what happened?",failed_transfer
tr_9ce75d0c33,When do I get my PIN?,get_physical_card
tr_b000cb8fe3,Can my daughter make an account?,age_limit
tr_bbfe8e8f8c,What is the max amount of top-ups?,top_up_limits
tr_f71aed8b04,I want to transfer money into my account,transfer_into_account
tr_22d9b4c8cd,Why can't I top up by cheque?,top_up_by_cash_or_cheque
tr_110881559f,"Hi, I am on vacation in Spain and someone stole my bag with my phone and wallet with cards and everything. Can you block it ASAP and then I want to order a new one also ASAP.",lost_or_stolen_card
tr_ccd4750d9c,Can I see where my funds come from?,verify_source_of_funds
tr_eedbecbf0e,What fiat currencies can I use for holding and exchanging?,fiat_currency_support
tr_c010e83f52,Won't let me top my card up!! Who can get it sorted out for me? It's urgent! How do I find out what the problem is with my card and how else to top it up?,top_up_failed
tr_9590b80965,I refilled my account balance but got an error message.,top_up_reverted
tr_59e5d78185,How do I get a new card when my old one expires?,card_about_to_expire
tr_33602aece4,I tried to get cash at some ATM in the city centre earlier but the machine declined my card. I've seen it still shows up as pending in my account. Please cancel it immediately as I definitely have not received that money!,pending_cash_withdrawal
tr_3d7dcb9bbb,How many times can I auto top-up?,automatic_top_up
tr_4f07cdc3d3,"I topped up and went to buy something, but it says that my funds are pending. Is there a way to quicken this process?",pending_top_up
tr_a79e763148,How do I get a disposable virtual card as well?,get_disposable_virtual_card
tr_d29cc996c7,How come I didn't get a virtual card yet?,getting_virtual_card
tr_5a35921b6e,why hasn't my virtual card arrived?,getting_virtual_card
tr_91585ead98,What time will a transfer from the US take?,transfer_timing
tr_078b7664d8,What is the cost of a transfer?,top_up_by_bank_transfer_charge
tr_6caa2f2e1a,"Why am I being charged for ATM cash withdrawals? The only reason I use it is because it's been free! Now you expect me to pay for them, and how much is that going to cost me?",cash_withdrawal_charge
tr_7c7e8021fa,"I've just made a money transfer to the wrong account, I need to stop the money from being moved as it may be going to someone I don't know.  Please can you help?",cancel_transfer
tr_b32155d71e,What currencies can I hold?,fiat_currency_support
tr_fa3afb92d5,Why is your exchange rate different on different days?,exchange_rate
tr_a9cd9d278e,"always exchanging currencies, do you offer a discount?",exchange_charge
tr_049e07ea44,Why do you need to perform identity verification?,why_verify_identity
tr_0d69d0c0f0,The top-up card is verified how?,verify_top_up
tr_aca1aa4263,"I am worried about the amount of my cheque, which should be credited to my account few days before. As i have already sent you the cheque.",balance_not_updated_after_cheque_or_cash_deposit
tr_c25cf3a472,why do i have a failed transfer,failed_transfer
tr_0a74a6749c,What information do I need to gather in order to activate my card?,activate_my_card
tr_f6a78f6a4c,Why is my disposable card not working?,virtual_card_not_working
tr_f35406f68b,How do I revert a transaction?,cancel_transfer
tr_9db9089e22,How long until the transfer is reflected on my account balance?,transfer_timing
tr_239f1f9f02,Why wasn't my payment to beneficiary X approved?,beneficiary_not_allowed
tr_2a7c6447fe,I was charged a fee when buying stuff with my card.,card_payment_fee_charged
tr_bd64c96691,"I need to top up, can I use google pay?",apple_pay_or_google_pay
tr_a65e3c0604,Can you tell me why my pop-up is still pending?,pending_top_up
tr_be16079088,A withdraw I tried to make at the ATM was declined I don't know why.,declined_cash_withdrawal
tr_8c19c750f7,"I initiated a payment a while ago and it is still showing as ""pending"", how long will it take to clear?",pending_card_payment
tr_00464a4569,My card is not able to be activated how do I get it to work?,activate_my_card
tr_d9cc445197,What ATMs take this card?,atm_support
tr_be3115a5f7,Are refunds allowed for certain items.,request_refund
tr_2479408d19,"My PIN seems to be blocked, help me access it?",pin_blocked
tr_e180412654,Why are you charging me fees for using my card?,card_payment_fee_charged
tr_41d5783b68,Why isn't the transfer to my account showing up?,balance_not_updated_after_bank_transfer
tr_ed52500fd0,after going over my transactions for the last couple of months I noticed a pretty large charge that I know I did not make. I know it's been a while but can I still dispute this charge?,direct_debit_payment_not_recognised
tr_976f2d9fb8,"My phone was taken yesterday, is there something that I need to do?",lost_or_stolen_phone
tr_104aa3e5d9,There was a direct debit from my account and I didn't authorise it,direct_debit_payment_not_recognised
tr_3459092b9a,Is there a fee for a SEPA transfer,top_up_by_bank_transfer_charge
tr_08080ac5e0,How will I know what the exchange rate is?,exchange_rate
tr_a58c535a41,What is the expected delivery date of my card?,card_arrival
tr_13a5a21589,How long does it take for a new purchase to stop being considered pending?,pending_card_payment
tr_610371c82d,why was i charged a fee to transfer,transfer_fee_charged
tr_51a43f3a96,Will you accept my salary if it's in another currency?,receiving_money
tr_7916914a9e,How often can I top up?,top_up_limits
tr_da0dd489bb,Is it possible to top up by card?,topping_up_by_card
tr_a035ba0e5e,Is there a specific date i can have it delivered?,card_delivery_estimate
tr_7549a61cf6,How do you top up with a cheque?,top_up_by_cash_or_cheque
tr_9351d90aa9,I was just going over my transactions for the past couple of months and noticed a large type charge that I know I did not make. Even though it's been a while can I please still dispute this?,direct_debit_payment_not_recognised
tr_3b338f0a0c,When will my transfer process?,balance_not_updated_after_bank_transfer
tr_7b6c008154,Who do I call to activate my new card?,activate_my_card
tr_2110b2c25a,Why hasn't my top-up gone through?,pending_top_up
tr_ca9c6590a1,I didn't receive the correct exchange rate for an item that I bought.,card_payment_wrong_exchange_rate
tr_dd24b65601,I'm not sure what I need to verify my identity.,verify_my_identity
tr_9a75ba5981,I lost my phone.  What do I do to block someone else from using my account?,lost_or_stolen_phone
tr_73baf19a63,How can I make my card ready to use?,activate_my_card
tr_2305fbc8e9,"I'd rather not use my physical card, how can I get a virtual card?",getting_virtual_card
tr_cea842763b,How can my boss pay me directly to the card?,receiving_money
tr_b4c0fcf166,What limits are the to top-ups?,top_up_limits
tr_d08b10b4b3,Why isn't my cash deposit showing up in my account? I deposited it this morning.,balance_not_updated_after_cheque_or_cash_deposit
tr_25732c6d5b,Hello. I just noticed I was charged two times for a restaurant I visited this week. Can you reverse the additional charge?,transaction_charged_twice
tr_8ea31f00fe,What is this random charge of one pound doing on my account?,extra_charge_on_statement
tr_ec572c5bbf,I received a returned payment that I made.,reverted_card_payment?
tr_8324b6e314,"I just saw a charge for a cash withdrawal that I made! ATM withdrawals have always been free in the past, so why is there suddenly a charge? What is it going to cost me now?",cash_withdrawal_charge
tr_88eb4f8890,I just received my card and I'd like to activate it.,activate_my_card
tr_3813085a38,I'm still waiting for my top-up to go through,pending_top_up
tr_3f34da47ee,What is your maximum top up limit per day?,top_up_limits
tr_87abffb97f,Why did I get declined during a transfer?,declined_transfer
tr_b37dbfaca3,how do i get the card linked,card_linking
tr_081a9b8cc0,How can I verify the top-up card?,verify_top_up
tr_5b2a9fde5b,I'm still waiting for my new card.,card_arrival
tr_eb9b21cae3,What documentation do you accept for the identity check?,verify_my_identity
tr_e745c683be,"i am not a premium customer but i want a virtual card, how do i get it",disposable_card_limits
tr_9011b97328,Why did you revert my top up?,top_up_reverted
tr_ce7ff764bf,Can I get a card that works in other countries like Africa and Indonesia?,country_support
tr_11ad9f6126,How do I verify my identity?,verify_my_identity
tr_b7f2369935,Unusual direct deposit,direct_debit_payment_not_recognised
tr_ac7763d728,What do I do if I still have not received my new card?,card_arrival
tr_2453b4a30e,How can I request cash back? The ATM just gave me a different amount than what I've been charged though...,wrong_amount_of_cash_received
tr_0671166f84,"I attempted a transfer, but it failed.",failed_transfer
tr_f640dd6751,I received my salary in the wrong currency. How do I change this?,receiving_money
tr_d1d504d844,"I have been charged a fee, I didn't know about this fee before! When do you charge extra for card payments?",card_payment_fee_charged
tr_88ffbdd2fe,The app passcode has completely slipped my mind.,passcode_forgotten
tr_94a689e79b,My card expires next week. How do I get a new one?,card_about_to_expire
tr_54a662f9b3,Why isn't my card working? I was pumped to use my new card but it keeps getting declined. Help please.,declined_card_payment
tr_da8877b0c8,why would a merchant refuse a payment,reverted_card_payment?
tr_682bc1c145,There was some money taken from my account that I don't remember paying for. Am I able to look up this transaction which was a few weeks ago to see who took out the money? Im not sure I need a refund just want to check to make sure it's legit.,direct_debit_payment_not_recognised
tr_feb9a80dcc,"I shouldn't have been charged but I see a fee, why?",card_payment_fee_charged
tr_794bb0f25a,How do I know when my new card is going to arrive?,card_arrival
tr_e181d83b23,My source of funds need verification.,verify_source_of_funds
tr_cbaf1f9bf5,I transferred some money but it hasn't arrived yet,balance_not_updated_after_bank_transfer
tr_2c6a11d2f0,Does a discount apply if I exchange currencies frequently?,exchange_charge
tr_377f8322d4,What do I have to do to get the virtual card to work?,virtual_card_not_working
tr_f5cb5d1375,What are the currencies and cards that are supported with my account?,supported_cards_and_currencies
tr_a76bcbdf4f,My card is stolen.  Help!,lost_or_stolen_card
tr_08d3d63a4b,How long does it take for a transfer to show up in my account?,transfer_timing
tr_95458e0eea,I deposited a cheque but the cash hasn't arrived yet,balance_not_updated_after_cheque_or_cash_deposit
tr_e7a2fafeec,Would I be able to refund an item?,request_refund
tr_b24bad6454,Is my child too young to sign up?,age_limit
tr_6d1fe36a21,Please show me how my friend can send me money.,receiving_money
tr_97622fa2c2,Are visa and mastercard accepted,visa_or_mastercard
tr_c435c20078,I still don't have a refund.,Refund_not_showing_up
tr_47469a2d22,Is my card accepted anywhere?,card_acceptance
tr_b4fd1f526c,What should I do if I don't know my password?,passcode_forgotten
tr_12d47a18c4,What is the fee for a foreign currency exchange?,exchange_charge
tr_6ecb983334,Why can't I edit my personal details?,edit_personal_details
tr_f95d09bdc5,How do I receive money from someone?,receiving_money
tr_9f6bcb0cbe,I transferred some money but it is not here yet,transfer_not_received_by_recipient
tr_223576e14d,"I'm supposed to be getting a refund but it hasn't shown up, now what?",Refund_not_showing_up
tr_4bb3700a89,Do currency exchanges cost extra?,exchange_charge
tr_ff0d139f78,How can I top up my card with another card?,supported_cards_and_currencies
tr_62a28e2c1f,I am still waiting for a the cash I deposited this morning,balance_not_updated_after_cheque_or_cash_deposit
tr_4ebd81987a,My app says I withdraw funds from my account through an ATM.,cash_withdrawal_not_recognised
tr_a987ff09b0,My identity has been stolen. I still have my physical card but there are charges I didn't make on my account. How do I cancel this card or dispute the charges?,cash_withdrawal_not_recognised
tr_aa8f9c5abb,I cannot get my card out of the ATM.,card_swallowed
tr_22a4d537f4,There are a couple payments with my card displayed in the app which I didn't make. What is happening? Maybe someone has access to my card.,card_payment_not_recognised
tr_81871f66f2,I bought something in another country but the exchange rate is wrong,card_payment_wrong_exchange_rate
tr_7b9f411616,think someone is using my card with permission,compromised_card
tr_505e3e73ce,Can you tell me where to find my top-up verification code?,verify_top_up
tr_221c54fe97,I made a cash withdrawal and was charged a fee incorrectly can you help with this?,cash_withdrawal_charge
tr_0d22f37532,I think the currency exchange that's been applied is wrong.,card_payment_wrong_exchange_rate
tr_780e20fbf0,The $1.00 has still not been reverted as indicated in the previous email.,extra_charge_on_statement
tr_52f148a5e4,How come I got blocked for entering wrong pins?,pin_blocked
tr_37b53b7ba7,Are their fee's for top ups?,top_up_by_card_charge
tr_1f0c6cbe02,I used the wrong account number!,cancel_transfer
tr_c808c57908,"Do you not accept crypto transfers from certain places? Because when I tried to do a top up the money just disappeared. Im not sure what to do or what I'm doing wrong, please help.",top_up_reverted
tr_d04daea8a3,Do you charge if I use a European bank card for top up?,top_up_by_card_charge
tr_319c586fe6,I had an unexpected fee,transfer_fee_charged
tr_ed04ad8ecc,I deposited cash into my account and I'm having trouble seeing it on my account.,balance_not_updated_after_cheque_or_cash_deposit
tr_be2a778edf,What do I have to do to change my pin?,change_pin
tr_1bdcb5212a,"Hello,  I have recharged topup but account is not credited. Please help me in this, i guess there is some defect in system.",top_up_reverted
tr_bd22b11570,Is there any way to get my salary in a different currency?,receiving_money
tr_0c2b624506,I've been waiting for a top up to come through for over an hour and I need the funds now.,pending_top_up
tr_ba284e549e,My transfer is pending too long.,balance_not_updated_after_bank_transfer
tr_32c8ff3786,Why would a transfer to a beneficiary not go through?,beneficiary_not_allowed
tr_94b2b473c7,Someone else charged my card!,direct_debit_payment_not_recognised
tr_d93266166b,How do I order a new card? The current one is about to expire.,card_about_to_expire
tr_050f5f0554,I am trying to make a transfer to a different account but they keep getting declined. I have double checked all the details and the information is correct.,declined_transfer
tr_4ca16eae70,My PIN was entered wrong and now I am blocked.  Please unblock.,pin_blocked
tr_c193eaa273,I'm confused as to why my transfer is still listed as pending on the website.,pending_transfer
tr_3329b0de3a,How long will it take to transfer something to China urgently?,transfer_timing
tr_421d30425e,Can I use my new card?,activate_my_card
tr_f0253ad71d,Which ATMs accept this circuit board ?,atm_support
tr_8839d4b4cd,Is this card available to Americans?,country_support
tr_f24012e7cb,How many disposable cards can I make in a day?,disposable_card_limits
tr_0774b4076f,Is there a reason my transfer failed?,failed_transfer
tr_a92cf08970,I just made a transfer from a UK account. How long does that typically take to show up? I just want to make sure it worked alright.,balance_not_updated_after_bank_transfer
tr_b12bc49ae0,I bought something that I need a refund for.,request_refund
tr_ab902d8723,Why do you need my name and ID,why_verify_identity
tr_c7c79cacec,Do you have charges now when you pay with a card?,card_payment_fee_charged
tr_0f3894907c,I received $20 but I entered $100,wrong_amount_of_cash_received
tr_358cc19d22,When can I expect my card?,card_delivery_estimate
tr_182d068c75,this verifying the top up is annoying,verify_top_up
tr_b10ec835fb,I still have not received an answer as to why I was charged $1.00 in a transaction?,extra_charge_on_statement
tr_8edee1a290,"I had a cheque deposited, but I don't see my money yet?",balance_not_updated_after_cheque_or_cash_deposit
tr_c204003938,I would like to exchange currency  What types are there?,exchange_via_app
tr_b9b1c96f5a,In regards to the PIN of the card?,get_physical_card
tr_0551c28895,How can I create a disposable virtual card?,get_disposable_virtual_card
tr_5594a7eeab,I forgot my PIN number.,pin_blocked
tr_bfb2bc36da,My salary is deposited in GBP. Do I need to choose the currency?,receiving_money
tr_543a6335ee,What's going on with my card? I've tried multiple times and it never goes through.,card_not_working
tr_33ed926323,Do you do business in the EU?,country_support
tr_5a7e622e68,"The card I thought was lost was just in my jacket, so can I reactivate it since I found it this morning?",card_linking
tr_02fe6c6bc8,I am having problems with my physical card.,card_not_working
tr_f813730628,How do I get a new card sent to China?,card_about_to_expire
tr_925695272c,I have a new card. How do i top it up?,topping_up_by_card
tr_71386370e6,I have tried using my card for the first time at the ATM of Notting Hill to withdrawal cash but it didn't work. Does this mean my card isn't working?,declined_cash_withdrawal
tr_7f4b461566,What is the age limit for an account?,age_limit
tr_9e647092c4,What happened! I asked for 30 pounds at your ATM and only go 10. The machine lied about it too. It said I received the full 30 pounds. Someone better help me asap on this.,wrong_amount_of_cash_received
tr_01b8242348,I have a pending transaction,pending_transfer
tr_bade0ba891,I was just giving the wrong amount by the ATM. How do I request cash back at this point? The app is showing the amount that I actually requested even though that's not what I got.,wrong_amount_of_cash_received
tr_cac4adeace,Send me my card now! ASAP,card_delivery_estimate
tr_8b10ffbe1b,Is there such thing as an auto top-up option?,automatic_top_up
tr_5c53d591ef,how do i find out about transfers,receiving_money
tr_91907cfcac,I need a list of currencies you accept for exchange.,fiat_currency_support
tr_0ef45e45aa,"I want to transfer money to a beneficiary, but I couldn't.",beneficiary_not_allowed
tr_9d018a2c9f,"May I reactivate my card? I previously reported it lost, but have now found it safe and sound.",card_linking
tr_92673efc3d,The amount of money I pushed at the atm machine did not come out of the machine.,wrong_amount_of_cash_received
tr_bb3ed323d4,Something is wrong with my top up and I can't see it. How do I find it?,topping_up_by_card
tr_a53a3789c7,Need to report a change of address.,edit_personal_details
tr_5947c236e7,i need to expedite my card,card_delivery_estimate
tr_4ab584aedf,I want one of the virtual cards!,getting_virtual_card
tr_59fb2acf66,There is a withdrawal on my account that I don't remember initiating.,cash_withdrawal_not_recognised
tr_a087b206b3,Payment I didn't do.,card_payment_not_recognised
tr_8b0840897b,Can I have a discount if I exchange currency often?,exchange_charge
tr_2a9804acd3,How come my card payment is still pending?,pending_card_payment
tr_cae128870e,"Can you let me know where my refund money is? I requested a refund a few days back, but it's not showing up yet.  Do you guys have the money yet? Maybe it's just not in my account.  Let me know when it will become available, please.",Refund_not_showing_up
tr_bcc4e2e713,beneficiary transfer problems?,beneficiary_not_allowed
tr_bde20841ae,I want to cancel a purchase,request_refund
tr_7348c074b5,Can I get a disposable virtual card?,get_disposable_virtual_card
tr_51af3485e1,Can I have a spare card for this account please?,getting_spare_card
tr_7b3d10be8e,Please tell me how you can stop unauthorized payments from being made on my card since on this bill I see that this has happened. There are transactions that I never made from a place I've never been to.,compromised_card
tr_384a606fd8,I made a purchase recently but I have decided that I'm not buying it and I need to receive my money back. Can you please give me a refund ASAP. It's extremely urgent.,request_refund
tr_cb2de092e8,why have i not got my new card?,card_arrival
tr_49cd3a942e,Where do I go to verify my identity?,verify_my_identity
tr_3f17498924,Why are you asking so many questions about who I am,why_verify_identity
tr_b33719a49b,Can I have a card even if I am not living in the UK?,country_support
tr_8348a459c2,Why is my app showing me taking money that I did not take out?,cash_withdrawal_not_recognised
tr_ec39eb3374,Can I electronically transfer funds into my account from my American Express?,supported_cards_and_currencies
tr_23cad091fc,The app does not know it is me.,unable_to_verify_identity
tr_2149750b69,How can I receive money from my friend?,receiving_money
tr_13e4e42110,Why is my identification required?,why_verify_identity
tr_58bc5ac2eb,Looking at my account I've noticed a charge that appears to still be in progress. I had attempted to get money out of the machine earlier but the machine seemed to have been broken. I never received my money so will you please look into this for me? I don't want to be charged for money I never actually received.,pending_cash_withdrawal
tr_32dfc357d8,i cannot find my card PIN,get_physical_card
tr_f58f344486,Seems like my card payment has been cancelled,reverted_card_payment?
tr_69e7b0f40f,My account was charged a fee. When did you start charging extra for card payments?,card_payment_fee_charged
tr_fd4298f2f2,"I just went through a old statement and noticed that a very large payment went through and i did not make it. It was from a few months ago, can I still dispute the payment?",direct_debit_payment_not_recognised
tr_46ccc1d36b,Where can I use this card?,card_acceptance
tr_06944dc18c,Why did my payment go back to my account when I bought something?,reverted_card_payment?
tr_8956b7bb94,Why is there a fee associated with card use?,card_payment_fee_charged
tr_a7ec62a47a,I'm having problems with ID verification,unable_to_verify_identity
tr_76385f8507,Card activation is not working. What do i do?,activate_my_card
tr_cd71a2ec62,I was charged twice for a few things this week when I only bought one. What do I do?,transaction_charged_twice
tr_8229fc795d,Where can I find a Mastercard ATM?,atm_support
tr_ac0bb48a66,I made a card payment by my card but it failed. Please let me know when the payment will get completed as its still pending.,pending_card_payment
tr_444da983f1,How many disposable  cards are available per account?,disposable_card_limits
tr_17028ac5ca,How will I know when I can use the auto top-up feature?,automatic_top_up
tr_7f1380f5d3,who should i contact if my refund doesn't go through?,Refund_not_showing_up
tr_d4ded532ed,I tried using my credit card with top up but it didn't work! I thought it was supposed to?,top_up_failed
tr_8333a90a38,My money transaction can't be seen by the person I sent it to,transfer_not_received_by_recipient
tr_c6f452d3bf,Please delete this account.,terminate_account
tr_44a727ae0f,I was charged an extra dollar on my account and would like to know the reason.,extra_charge_on_statement
tr_fbc2f43710,Instructions for activating card,activate_my_card
tr_e827dbd889,"I no longer want to transfer funds, can we cancel that transaction?",cancel_transfer
tr_0265ea05ac,I made a payment that seems to be stuck. It's been a couple of days already. Can you tell me how long it will take?,pending_card_payment
tr_08d7474a21,"My identity isn't being accepted, what should I do?",unable_to_verify_identity
tr_c07abea78f,How do I obtain a second card?,getting_spare_card
tr_eae25db387,"My top up did not show up as shown and my money has disappeared, can you help me fix this glitch problem?",top_up_reverted
tr_5548d30ffd,I used my card top-up but all of the money is missing.,topping_up_by_card
tr_d4a847012d,I am having trouble verifying my id.,unable_to_verify_identity
tr_a2cefe47a3,When are you going to transfer the money?,transfer_not_received_by_recipient
tr_1430b6dc74,"If someone sends me money, will I be charged?",top_up_by_bank_transfer_charge
tr_d1d4283565,"Hello, I tried to take some cash out of the ATM but I looked at my statement and it still shows that it's pending. Is the machine broken? Will I receive my money back or will I be charged for this?",pending_cash_withdrawal
tr_5b2337ab98,I think my transfer failed. What do I do now?,failed_transfer
tr_c241001aea,My things were stolen and I need to know if I can still use this app.,lost_or_stolen_phone
tr_0e3993c30d,I think my account has been hacked there are charges on there I don't recognize.,compromised_card
tr_7bd18f9273,I wanna revert a transaction i did this morning.,cancel_transfer
tr_bdfb6c5158,What are the countries that you operate in?,country_support
tr_13b0678abf,Is there any cost to change foreign money to local?,exchange_charge
tr_ec730a5608,"What are the steps to activate the card, as it does not seem to work?",activate_my_card
tr_54706854ba,How long does it take for my physical card to be delivered.,card_delivery_estimate
tr_4d6469649c,Can someone help with my passcode?,passcode_forgotten
tr_832ebb6816,Can I top up using my apple watch?,apple_pay_or_google_pay
tr_3aafc09ba0,Fix my top up,top_up_failed
tr_cfd1c595ac,Is the identity check part of bank policy?,why_verify_identity
tr_9ec4dc89ae,What is the source of the money in my account?,verify_source_of_funds
tr_907e855598,Someone must have found my card details as I don't recognize these transactions.,compromised_card
tr_d09805eebf,What do I do if my card is stolen?,lost_or_stolen_card
tr_b6123bd5d2,How do I receive a refund for my item?,request_refund
tr_9d33fd27ab,I am trying to transfer money and something is going wrong.,failed_transfer
tr_7793a877d9,Can friends I have top-up my account?,topping_up_by_card
tr_d5d892a5b7,Is there an option to top up with a cheque?,top_up_by_cash_or_cheque
tr_f5194eacb3,How long does a European transfer take?,transfer_timing
tr_f640dea530,Where can money withdrawals be made?,atm_support
tr_bddd4ec534,Transferring money using credit card,topping_up_by_card
tr_9b824db3e1,Why am I being charged the wrong currency exchange when I purchased something abroad?,card_payment_wrong_exchange_rate
tr_797d360e00,After making a payment with my card it doesn't seem to have worked. It's just showing to be pending. When will this actually be going through?,pending_card_payment
tr_710d0fffad,I've just been married and need to update my name,edit_personal_details
tr_9209d3296f,What's the earliest time to receive my card?,card_delivery_estimate
tr_6a21b8cde1,I believe my top up is still pending,pending_top_up
tr_c7820bbc4e,Can you explain the transfer fee that I was charged?,transfer_fee_charged
tr_fcc81c4e2d,Whats the process of tranfering money into an account?,transfer_into_account
tr_da81894922,I see a $1 charge in a transaction.,extra_charge_on_statement
tr_53815c792c,What would the age limit be?,age_limit
tr_c6617fc004,Can I get money out of any machine?,atm_support
tr_04d5d7493e,I have my card here with me and someone has just made a withdrawal for 500. Please help!,cash_withdrawal_not_recognised
tr_6ae401ed69,Can I use this app to exchange between dollars and pounds?,exchange_via_app
tr_a534eef34f,Do top-up limits exist?,top_up_limits
tr_a3a4515cd1,My card is stuck in the ATM?,card_swallowed
tr_3d067a9af6,I cannot remember my passcode.,passcode_forgotten
tr_7fac31dee9,Can I pick between Visa and Mastercard?,visa_or_mastercard
tr_89eb1602ca,Why did my money disappear when I topped up??,top_up_reverted
tr_7231029edf,Why have I not received my PIN,get_physical_card
tr_60355a02d2,I really need to know how to change my pin.,change_pin
tr_dc6cccbaf6,I am interested in a Visa or Mastercard. Do you offer them?,visa_or_mastercard
tr_f2da23d9ea,Why was there an extra charge with the withdrawal of my money?,cash_withdrawal_charge
tr_4db0e11cb2,I received an extra charge for using the card. Why?,card_payment_fee_charged
tr_d854ee5c05,I used my card the other day to get cash from an ATM and was charged an extra fee. I don't understand why I am being charged a fee all of a sudden. I thought it was free to withdraw from an ATM?,cash_withdrawal_charge
tr_be6b49ffdf,I just moved to the US how do I get a card?,country_support
tr_84628f9e74,Should I order a new card before I freeze my original one?,compromised_card
tr_ae0a566a29,Show me how can my friends top up my account.,topping_up_by_card
tr_b3ef1fc290,"I was charged twice for a restaurant, can you take the second charge off?",transaction_charged_twice
tr_321907e6dd,I need to find the top up verification code,verify_top_up
tr_092a19715e,How do I verify my ID?,verify_my_identity
tr_8f90063207,What is the top-up limit?,top_up_limits
tr_d5b2c0131a,There is a cash withdrawal in my account that isn't mine.,cash_withdrawal_not_recognised
tr_a0282f5aad,Is it possible to do auto top up?,automatic_top_up
tr_ee7fc867f3,Help me. My transfer was declined. How could this happen?,declined_transfer
tr_26e3fa8bd4,Do I need to do anything special for my friend to send money to my account?,receiving_money
tr_da1dd4193b,Is it possible for me to top up with Google Pay?,apple_pay_or_google_pay
tr_e4c4c88188,I need to know what flat currencies you support for holding and exchange.,fiat_currency_support
tr_00d79f96c2,"Hi, I am trying to buy something online, but i think there is some issue in my card. As payment is reverted. Please help me in this as i am facing the same issue from last two weeks.",reverted_card_payment?
tr_65de8b66c6,Can you tell me why my top-up was canceled?,top_up_reverted
tr_955ccf2ad2,I noticed my exchange rate was incorrect when I got cash.,wrong_exchange_rate_for_cash_withdrawal
tr_afe6eb445d,"Please help me, there is a transaction in the incorrect account.",cancel_transfer
tr_eb5158cf0b,How do you do currency exchanges?,exchange_rate
tr_490922bfb8,How much does a transfer cost?,top_up_by_bank_transfer_charge
tr_8a482aca8d,Can I get some help activating my new card?,activate_my_card
tr_e8dec9124d,Can I withdraw from any ATM?,atm_support
tr_98a0f8f610,What do I do if my smart phone was stolen?,lost_or_stolen_phone
tr_88e92854d4,"I prefer using Mastercard, can I substitute?",visa_or_mastercard
tr_9f9b0b242b,My top up is still pending,pending_top_up
tr_3b60963065,I bought an item and now I want a refund.,request_refund
tr_ae624406a7,Where can I find the verification code for the card top-up?,verify_top_up
tr_b14e9fe3c7,Why have you declined my card payment?,declined_card_payment
tr_32aaf55601,I got some cash out of the ATM over the holiday and it seems that I've been grossly overcharged. I wouldn't have done that if I knew of these outrageous charges!,wrong_exchange_rate_for_cash_withdrawal
tr_1c24ae4319,What is the identity check for?,why_verify_identity
tr_7db372755a,Do I need to re-apply to order a new card when my old one's about to expire?,card_about_to_expire
tr_e9ddd045f6,My card stopped working after multiple transactions. Why?,card_not_working
tr_8a7ba9715a,Can I order a new card?  Mine is about to expire.,card_about_to_expire
tr_c59a1c85a5,How long does it take to get money from Europe?,transfer_timing
tr_5c336ad44c,are there age requirements,age_limit
tr_255dd1a025,I have a reverted top up I made and wanted to know why it didn't go through.,top_up_reverted
tr_7456cde277,What has to be done to verify my identity?,verify_my_identity
tr_989d23057f,How can I find a way to transfer money without it being rejected?,declined_transfer
tr_f16580cae6,I am quite aggravated that I ordered online almost a month ago and I never got my package and I paid for it. I would really appreciate it if I could get a full refund back now.,request_refund
tr_16d3616b2c,I had to pay a pound more than I anticipated!,extra_charge_on_statement
tr_8c4803b448,"Card has been received, how will it show up on the app?",card_linking
tr_2a5bbf57ed,I need to change my address in the personal details.,edit_personal_details
tr_4366490b45,What is your opinion on the exchange rate?,exchange_rate
tr_7dec35f2b4,How long will it take to receive my money from my transfer transaction?,transfer_not_received_by_recipient
tr_d78174915f,I noticed a duplicate charge on my statement.,transaction_charged_twice
tr_a4d671e38f,I didn't get a PIN yet. What gives?,get_physical_card
tr_7cad0f96ab,tell me why I was charged more with my card?,card_payment_fee_charged
tr_5bc14c8153,What if my top up doesn't go through?,pending_top_up
tr_05e78d01da,Please explain to me the process of getting a virtual card.,getting_virtual_card
tr_89d42ca6e5,Are there directions to get a new passcode if I forgot mine?,passcode_forgotten
tr_ae8986b3fa,i don't see the top-up verification code anywhere,verify_top_up
tr_9b373577a5,I was checking my statement and my top-up has been reverted,top_up_reverted
tr_33b6593159,Can I hold more than one currency?,fiat_currency_support
tr_48139f1b9d,How long will a transfer from China take? I need to transfer something from there.,transfer_timing
tr_ce124567a1,"I attempted to top up my car today, it failed! I just got it a couple of days before and it worked then. What is going on with it?",top_up_failed
tr_fe4fa99f70,How do I get to the virtual cards?,getting_virtual_card
tr_4a60925880,Can I use a check to top up?,top_up_by_cash_or_cheque
tr_f57b01ee80,Is there a fee associated with using foreign exchange ATMs?,wrong_exchange_rate_for_cash_withdrawal
tr_62b09be782,I can't find my phone and I'm worried someone is going to use it,lost_or_stolen_phone
tr_9e8b3cc6b1,how much for a physical card?,order_physical_card
tr_a80abf5241,How do I unblock my card?,pin_blocked
tr_34232b2bf0,I an not sure but it looks as if a card payment I made was cancelled.,reverted_card_payment?
tr_b596afdab8,Why didn't I receive the right amount of cash?,wrong_amount_of_cash_received
tr_366d4129ab,Why was my cash withdrawal cancelled at the ATM?,declined_cash_withdrawal
tr_a5e48af16f,"There are incorrect charges on my account, there was a WD that was made by someone else.  I still have my card though.",cash_withdrawal_not_recognised
tr_a0af1b643e,Where do I have access to a virtual card?,getting_virtual_card
tr_92c3e507c4,How do I use a check to top up?,top_up_by_cash_or_cheque
tr_3b576dd737,Will there be a charge when money is added to my account?,top_up_by_bank_transfer_charge
tr_4e327a67be,I need my card right away.,card_delivery_estimate
tr_afd88a3434,Online banking is not showing my cheque or cash deposit so the balance is incorrect.,balance_not_updated_after_cheque_or_cash_deposit
tr_4aeba55e23,Do I have a Visa card as an option?,visa_or_mastercard
tr_a04e5bb87b,"I requested a refund from a seller a while ago, but when I check my statements it doesn't show up. Can you help me get my refund.",Refund_not_showing_up
tr_0b16ac2514,how to track the card you sent,card_arrival
tr_f3814c288a,"With this app, will I be able to exchange currency?",exchange_via_app
tr_c9529bd19f,What do I do if the machine rejects my card?,card_not_working
tr_13295894e1,I have a top-up that's still pending and wanted to know about it.,pending_top_up
tr_2ba184ed38,"I want to link to my card card with you, how?",card_linking
tr_b5a1954129,Where do I go to reset the passcode?,passcode_forgotten
tr_075993a958,"After I attempted a transfer, it failed.",failed_transfer
tr_9a9e9f496b,Do you know the reason why my card payment was declined?,declined_card_payment
tr_1bd13b17b7,Can someone please help assist me by explaining to me why my pass-code is not working?,passcode_forgotten
tr_4b17a247c5,Do you accept SWIFT transfers?,top_up_by_bank_transfer_charge
tr_9213e06288,My last name has changed and I need to update my account details.,edit_personal_details
tr_c16ad8da0b,I'd like to use my American Express to place money into my account.,supported_cards_and_currencies
tr_5a290b010b,What is the verification process used for?,verify_top_up
tr_ed1598adb2,Can you refund my purchase?,request_refund
tr_b0b50d4428,What is the limit on disposable cards?,disposable_card_limits
tr_f5911b8633,Why has my payment been declined? I paid by card.,declined_card_payment
tr_4e1a42c713,"Hello-Can you please help me get a refund from this merchant?  I ordered a product and would like to return it. I have been unsuccessful in getting the merchant to return my request for the past several days.  I understand it can take up to 45 days to process the dispute and issue a refund, however, if this can be expedited faster it would be very helpful to me.",request_refund
tr_819eb3ff17,"I made a transfer for my rent payment about 2 days ago, but my landlord hasn't received it yet. It shows as done on my  side, and I've double check all account numbers and they are correct. Can you verify that the transaction was actually made?",transfer_not_received_by_recipient
tr_0a111560ee,When will my card be delivered?,card_delivery_estimate
tr_5e4c3d7dab,When is a payment I made with my card going to clear>,pending_card_payment
tr_fac4b0635c,Why is top-up verified?,verify_top_up
tr_fba49b8866,What is this extra fee on my statement.,extra_charge_on_statement
tr_01bccd159e,"If I exchange currencies on a regular basis, is there a discount?",exchange_charge
tr_3bc417330d,How can I cancel my transfer?,cancel_transfer
tr_869f394c6b,I need to cancel a payment. Something i purchased a while ago still has not arrived and i'm not going to pay them if they won't send me what I purchased.,request_refund
tr_7fcb664edb,Do you charge a fee for adding money in USD?,top_up_by_card_charge
tr_6fc4b39ff7,How do I reactivate a card I thought I lost?,card_linking
tr_fd70d733c9,What's taking so long for this payment to go through?,pending_card_payment
tr_d383f48d4a,Please tell me how I can get a virtual card.,getting_virtual_card
tr_b1d2b65f28,Why can't I make multiple payments with my virtual card?,virtual_card_not_working
tr_84d4951c8b,What forms of payment do you accept?,supported_cards_and_currencies
tr_e56f4c3dc3,I can't seem to use my card. Can you help?,card_not_working
tr_c96f134f84,"In the app, how can I make it show the new card that arrived?",card_linking
tr_9814d2b92f,I haven't received the money from the check I deposited.,balance_not_updated_after_cheque_or_cash_deposit
tr_7618b20e31,If I make a mistake can I cancel the transaction?,cancel_transfer
tr_2634a3894d,Why wasn't my card payment accepted?,declined_card_payment
tr_73d03f80d6,Please verify my source of funds.,verify_source_of_funds
tr_84f1cc5868,How do I find out how or where this transaction on my account came from?,card_payment_not_recognised
tr_bac04146ef,I don't want to verify my identity,why_verify_identity
tr_0517670e55,"Is there a fee for making a payment? If so, let me know why.",card_payment_fee_charged
tr_428c4375d3,"I really wanted to buy something online but seems the card is not working as the payment suddenly came back! What's going on here, I've been trying for a good week or two.",reverted_card_payment?
tr_eb3ea20572,I just transferred some money. Why was I charged a fee?,transfer_fee_charged
tr_4e5f54626f,My phone is missing or stolen.,lost_or_stolen_phone
tr_759318ac16,"I need a second card, can I have more than one?",getting_spare_card
tr_a660902e6b,Where can I link a new card?,card_linking
tr_096b7d6ccc,I am travelling and I was wondering what your exchange rates are,exchange_rate
tr_402ba212b8,What is the most amount of disposable cards allowable?,disposable_card_limits
tr_31c06615b2,Why did you revert my top-up?,top_up_reverted
tr_9abbfdd009,Why are you charging fees on cash withdrawals? I went to withdraw some money earlier today after buying groceries. There's a fee that wasn't there before.,cash_withdrawal_charge
tr_6b5bc2f661,How do I dispute a debit that I didn't make?,direct_debit_payment_not_recognised
tr_4b44309d2f,Can you tell me why my card payment did not work?,declined_card_payment
tr_db8130ac6b,I need immediate assistance in canceling a transfer which was a mistake. Please help me quickly so this does not go through.,cancel_transfer
tr_794721e13e,"Please check my Card. As Withdrawal was working fine so far, but this morning suddenly got declined. Can you please check the problem?",declined_cash_withdrawal
tr_2292dd7617,"I tried to top up, but it didn't finish.",pending_top_up
tr_988c49dbb0,Can I choose between Visa and Mastercard?,visa_or_mastercard
tr_ef9c302908,I had to pay one pound more than the set price!,extra_charge_on_statement
tr_f352b09cea,Why can't my beneficiary get access?,beneficiary_not_allowed
tr_7212da1622,I was mugged.  They took everything.  I can't use the app.  What do I do?,lost_or_stolen_phone
tr_0c8ec34ceb,Why is it important to verify my identity?,why_verify_identity
tr_c0f5b5914b,My phone is at the hotel.  How can I use the app?,lost_or_stolen_phone
tr_e1ba120578,I would like to top up my account automatically. How do I do that?,automatic_top_up
tr_0da3b9602e,Can I change from AUD to GBP?,exchange_via_app
tr_c3e192930c,Is my PIN sent separably?,get_physical_card
tr_120476353e,Do yo charge a fee for exchanging foreign currencies?,exchange_charge
tr_530b7ef5a1,Do I have to go into the bank to change my PIN?,change_pin
tr_3887786d94,Why am I being charged a fee on a card payment?,card_payment_fee_charged
tr_741df43d6d,Will my money be of equal value when I travel abroad?,exchange_rate
tr_e68adaee3b,How do I find out where my funds came from?,verify_source_of_funds
tr_777a071899,Can I use my card in Austria?,country_support
tr_a108ffd16e,What is the wait time until money reaches my account?,transfer_timing
tr_95594f4dff,I have no idea why there is a dollar that has been charged to my account.,extra_charge_on_statement
tr_14f5bdb4a1,Why is there a direct debit fee in the App when I didn't do it?,direct_debit_payment_not_recognised
tr_8e34c56cdd,Can I add a card that I just found (again) to the app?,card_linking
tr_5393a6c88b,Who can purchase a disposable virtual card?,get_disposable_virtual_card
tr_56f15eba9f,"
Do I need to go to a physical bank to change my PIN?",change_pin
tr_cfd6fede97,Why am I getting a fee on a card payment?,card_payment_fee_charged
tr_b4c53c30e6,"Hearing back from us regarding your important verification results may take 10 minutes to one hour time.  If verification results do fail, double-check to make sure all of your images are clear --  make sure your photos have no glare or blurring. Note: These photos need to be readable as well.  You also need to be 18 years of age or older.  You must be a resident of Switzerland or the European Economic Area to open a new account.",unable_to_verify_identity
tr_898bd11791,Is there an extra charge to exchange different currencies?,exchange_charge
tr_62ac7b46da,There is a direct debit set up that was not authorized by me.,direct_debit_payment_not_recognised
tr_b731651eff,Is there a way to use this app with a disposable virtual card?,get_disposable_virtual_card
tr_c8afc43ab0,"I deposited a check yesterday and Im not seeing it in my account. i need the money, is there something wrong with my account? check it out please",balance_not_updated_after_cheque_or_cash_deposit
tr_cc63d9e887,Where's my virtual card,getting_virtual_card
tr_8a683a84a5,How long will it be  before the person I sent money to is able to see it?,transfer_not_received_by_recipient
tr_2938d809b7,Why didn't I receive the correct exchange rate for an item that I purchased?,card_payment_wrong_exchange_rate
tr_6a7c69adfc,What is this fee for card payment?,card_payment_fee_charged
tr_afbe990dfd,What card or currency can I use to pay?,supported_cards_and_currencies
tr_b97fc1523a,"One of my card payments, I don't recognise the name of the merchant.",card_payment_not_recognised
tr_ad74f32f74,Is there a charge for cash withdrawals? I always thought it was free.,cash_withdrawal_charge
tr_fe7af3b39b,Isn't my top-up supposed to mean its complete?,pending_top_up
tr_05dd5f9682,Why have I been charged twice?,transaction_charged_twice
tr_71953cdd0a,Why do you need me to verify who I am?,why_verify_identity
tr_03851c5349,i bought the wrong size and would like a refund,request_refund
tr_04f35262da,"I withdrew money and got a fee, please explain",cash_withdrawal_charge
tr_01161756f5,What are the steps I need to do if I have a stolen card?,lost_or_stolen_card
tr_d619fda389,Help me figure out why my transfer was declined,declined_transfer
tr_e4a25f9392,As my kids get older are they able to get set up with their own accounts?,age_limit
tr_4d7cde6284,Do you have any options to top up with a cheque on my account?,top_up_by_cash_or_cheque
tr_64cebe703f,How come I did not get a virtual card yet?,getting_virtual_card
tr_b55bc0887f,How do I discontinue my account?,terminate_account
tr_f2f99ff6ef,"If I have already completed a cash withdrawal at an ATM, is it normal for it to show as a pending transaction on the app?",pending_cash_withdrawal
tr_a4133ae4c2,Machines make mistakes too! The ATM gave me the wrong amount of money. Too much!,wrong_amount_of_cash_received
tr_07d12f09c2,While on vacation I used an ATM to get cash and was overcharged. These charges are ridiculous and had I known about them I would have never used it.,wrong_exchange_rate_for_cash_withdrawal
tr_51b72c1d33,Are all fiat currencies supported?,fiat_currency_support
tr_24ed932835,I transferred some money to a friend of mine who urgently needs some money right now. How long will it take to get to her?,transfer_not_received_by_recipient
tr_210828c768,"The transfer finally worked, but how long does it stay pending?",pending_transfer
tr_b47452c3bd,Do physical cards cost money?,order_physical_card
tr_d61eea9ce3,I checked my account and see that funds were deducted from a seller I didn't approve of. Can you help me understand?,direct_debit_payment_not_recognised
tr_446e56d5b4,Why did they take more money out then I withdrawed?,cash_withdrawal_charge
tr_aa5c97f94c,Why is my transfer taking so long to complete?,transfer_not_received_by_recipient
tr_214d50da64,What should I do if I lost my phone?,lost_or_stolen_phone
tr_150f2f9718,"I don't want to buy this car anymore, can I cancel the transaction and get a quick refund back?",request_refund
tr_d6dd0dd793,Where can I find the verification code for the top up card?,verify_top_up
tr_1e472ff9b0,"I need to reset my passcode, this one isn't working",passcode_forgotten
tr_599367b12a,I couldn't transfer money to a beneficiery,beneficiary_not_allowed
tr_ab0639a181,I want to cancel my account.,terminate_account
tr_ebaf38befd,Do you offer free ATM withdrawals of ones hometown currency while on holiday?,wrong_exchange_rate_for_cash_withdrawal
tr_114d9e5be9,Is going to a bank only way to change my PIN?,change_pin
tr_0215982ef0,are transfers to a beneficiary possible,beneficiary_not_allowed
tr_90b34e7ad4,Why am I being charged for transfers? Are they not free?,transfer_fee_charged
tr_01ebdf02a1,The ATM didn't give me enough money! I asked for more than it gave. What do I do?,wrong_amount_of_cash_received
tr_577e984ab2,Could you please tell me why my purchases from this morning say payment is pending?,pending_card_payment
tr_fc87cb2fba,is there a foreign currencies charge?,exchange_charge
tr_cf2870d84f,Can I exchange currency for different types?,exchange_via_app
tr_7961c1a853,"My phone was stolen yesterday, can you help me with this?",lost_or_stolen_phone
tr_f990ff1a2d,How can I order a card?,order_physical_card
tr_c7d04bad8b,Where is my virtual card located?,getting_virtual_card
tr_c9022e68d1,How to cancel a transaction,cancel_transfer
tr_f6d1a0006b,My card expires soon,card_about_to_expire
tr_1658a72f1b,I got charged fees for withdrawing cash!,cash_withdrawal_charge
tr_d95dbd3c3c,Where do you deliver cards to?,order_physical_card
tr_0a90e2a7d8,Can you please tell me why my card payments are not going through when I try to buy something online? When I put in my card payment it takes it but it comes back a while later.,reverted_card_payment?
tr_ed4710f2fc,Why is there an extra pound charge that is pending?,extra_charge_on_statement
tr_218c36bbc4,Why was I charged twice?,transaction_charged_twice
tr_8383dd69ff,How do I dispute a direct debit transaction?,direct_debit_payment_not_recognised
tr_e9c31ca0ed,I am waiting on the refund,Refund_not_showing_up
tr_778eb6927f,Is there a way to view the history on where my funds came from?,verify_source_of_funds
tr_6cc06e6e27,How does identity check work?,why_verify_identity
tr_8bef24d6b1,Is there a fee to order a physical card?,order_physical_card
tr_c67221927b,why would i be declined if i had money iin my account,declined_cash_withdrawal
tr_fe6d4fe1f4,What's a verification code?,verify_top_up
tr_ff4c6167e4,Did you deactivate my card it's not working anymore,card_not_working
tr_94ab91f8c6,where is card accepted,card_acceptance
tr_4611ac97af,I want to replace my current PIN.,change_pin
tr_07ec66aae5,I bought an item that I was charged a different exchange rate for.,card_payment_wrong_exchange_rate
tr_4063446091,Can I see my available money?,verify_source_of_funds
tr_f49f8d8cf5,Why am I still waiting for a transfer?,balance_not_updated_after_bank_transfer
tr_41540eedb2,I don't think I was supposed to be charged so much.,transfer_fee_charged
tr_9a875fdac9,Is it possible for me to top up with a cheque?,top_up_by_cash_or_cheque
tr_53dd60f69a,Do cash withdrawals cost anything?,cash_withdrawal_charge
tr_2a12ee0ef9,Can I top up my card with other cards?,supported_cards_and_currencies
tr_70f159e2b2,I need to get visa and mastercard,visa_or_mastercard
tr_905201c054,Could you tell me the fiat currencies that you work with?,fiat_currency_support
tr_2cce62e887,Earlier today I took money out the ATM. After checking the app the amount is so much higher than the amount I received.,wrong_amount_of_cash_received
tr_45c339e546,My card has gone missing.,lost_or_stolen_card
tr_97965953d3,What does it mean when it says I have a payment pending?,pending_card_payment
tr_a453789793,Are your cards available in the EU?,country_support
tr_ec22f35fb6,I got charged a fee for transferring money.,transfer_fee_charged
tr_af5aecb0c4,Can I exchange USD for GBP in your app?,exchange_via_app
tr_d0ae8d873e,Why were there additional charges when I transferred funds?,transfer_fee_charged
tr_7e880d1b88,How to exchange my currency,exchange_via_app
tr_05aadd6b9d,"left my phone at hotel, cant use app",lost_or_stolen_phone
tr_503f555ea4,Why do you need to check my identity?,why_verify_identity
tr_e5d64b9469,My money is nowhere to be found? I talked up earlier and seen it. Now it has vanished. What is going on?,top_up_reverted
tr_24b25732d6,I'm checking the app and I see a payment that's not mine.,card_payment_not_recognised
tr_bb97377e50,Where are my funds? I topped off my car but it didn't seem to complete.,pending_top_up
tr_a63586829b,THere is some cash that is showing up on my app.,cash_withdrawal_not_recognised
tr_1b56f39306,Do I get a card to keep in my wallet?,order_physical_card
tr_df575af53f,Do top-ups have a limit?,top_up_limits
tr_9106b3a3c6,What is this witdrawal,cash_withdrawal_not_recognised
tr_d1482e9a8f,How long will it take to transfer something from China?,transfer_timing
tr_ae540ee7ff,Can i cancel this purchase?,request_refund
tr_e8c1797980,"I have an unknown debit charge in my statement, why?",direct_debit_payment_not_recognised
tr_6291631873,How long does it take for a bank transfer to show on my balance?,balance_not_updated_after_bank_transfer
tr_43bf5ae3b5,I have to make several disposable cards per day.,disposable_card_limits
tr_92cdb1f62d,"I'm trying to make a payment to my new landlord. Even though the payment was sent a few days ago, it isn't clearing on their side. Can you verify that payment has been made?",transfer_not_received_by_recipient
tr_3c28a02359,I need to know why a money transfer is available.,pending_transfer
tr_be59124ff9,Do all ATMs accept this card?,atm_support
tr_9170d985aa,What locations allow me to withdraw money?,atm_support
tr_78eb4e6bbd,Can you tell me if there are limits to disposable virtual cards?,disposable_card_limits
tr_52986a6f86,My app says I withdraw money from my account from an ATM.,cash_withdrawal_not_recognised
tr_31fa568959,Why do we need to verify a top-up card?,verify_top_up
tr_225f6c0735,I cannot see the card PIN anywhere?,get_physical_card
tr_60ed11f3db,Can I track the card that was just sent to me?,card_arrival
tr_eeacedc8cb,I can't enter my passcode.,passcode_forgotten
tr_aa44a001d8,My funds are not transferring to my bank. Why is this not working?,beneficiary_not_allowed
tr_b124c3ad11,What happens if I forget my PIN?,pin_blocked
tr_0ac6205e9d,I can't find the money I just added to my account.,pending_top_up
tr_39f49efb6f,Why did I not get the amount of money I requested?,wrong_amount_of_cash_received
tr_d048acd41e,I believe that someone is using my card without my knowledge!,compromised_card
tr_fa3f32ad5b,The attempted transfer failed.,failed_transfer
tr_9140eb008a,Does it cost anything to do currency exchanges?,exchange_charge
tr_9b29ab549e,Hey there's a fee for a transfer on my account.  Why?!,transfer_fee_charged
tr_0edd63a588,There was an extra fee on my account when I got cash.,cash_withdrawal_charge
tr_c2cba7e045,"I transferred money, but I think I've been charged a fee for it?",transfer_fee_charged
tr_82a3ef616e,"Hi, I used an ATM today to take money out of my account, but the amount it gave me is not the amount I requested. What should I do?",wrong_amount_of_cash_received
tr_c1617a3987,To receive money are there charges?,top_up_by_bank_transfer_charge
tr_e47bd23830,"How long does a transfer from a UK account take? I just made one and it doesn't seem to be working, wondering if everything is okay",balance_not_updated_after_bank_transfer
tr_701c523356,What do I do if there is a direct debit on my account that shouldn't be there?,direct_debit_payment_not_recognised
tr_595269e4a1,I just found a payment from a while back in my account that I didn't make.  Can I still dispute it even though it was a couple of months ago?,direct_debit_payment_not_recognised
tr_dfb8bcb2c7,Why was I charged a fee to transfer money?,transfer_fee_charged
tr_c33cc160c5,Do you convert to Euro?,fiat_currency_support
tr_54745ae6b9,I did a transfer and was charged a fee that should not have been charged!,transfer_fee_charged
tr_ba6c11f139,Do i need to verify my top up?,verify_top_up
tr_dad98e85aa,When will my new card be delivered?,card_arrival
tr_7269f63363,How long should it take for my new card to arrive in them mail? What should I do if I never receive it?,card_arrival
tr_3c2cdf517b,What are my payment options?,supported_cards_and_currencies
tr_f396f35bed,When will I get my card shipped to me?,card_delivery_estimate
tr_97ec897294,I forgot what my pin number is and now am blocked can you help me get in?,pin_blocked
tr_d10d86f801,I see a strange payment in my account.,card_payment_not_recognised
tr_fe6b155f56,Since when do you charge to make a withdrawal? I've always done it for free. So how much is it now?,cash_withdrawal_charge
tr_7a4e54b58d,Can I apply for one of your cards if I live in the EU?,country_support
tr_3f16e47057,I would like to edit my personal information .,edit_personal_details
tr_5df323dbcd,I am having problems with a top-up.,top_up_failed
tr_06b7c78739,Are top-ups allowed using Apple Pay?,apple_pay_or_google_pay
tr_5fb6a6824e,My cash deposit from a week ago is still not in my account. Can you help me please?,balance_not_updated_after_cheque_or_cash_deposit
tr_270e719230,There is a mysterious debit transaction on my statement,direct_debit_payment_not_recognised
tr_e194ce3c50,Will I know which exchange rate I will get?,exchange_rate
tr_a89d60de6c,Am I able to get both a Visa and MasterCard from you?,visa_or_mastercard
tr_70322d66ac,Why isn't my disposable virtual card working?,virtual_card_not_working
tr_66bd1bd5ef,Can you send me the actual card?,order_physical_card
tr_821de58324,"I would like some more physical cards, what is my limit?",getting_spare_card
tr_437b3fe89c,How much is the exchange fee?,exchange_charge
tr_4bc6023db8,I would like to request a card.,order_physical_card
tr_d9f2ce8059,Will I be charged to top off my account?,top_up_by_bank_transfer_charge
tr_f91d99fc8f,Which countries do you support?,country_support
tr_f4d981397f,I need my refund as soon as possible. What else do I have to do?,Refund_not_showing_up
tr_54a05f4fa8,Why is my transfer still pending?,pending_transfer
tr_22762cc136,I was denied cash at an ATM,declined_cash_withdrawal
tr_9680ca115d,I made a cash deposit to my account but i don't see it,balance_not_updated_after_cheque_or_cash_deposit
tr_bb33cb30f1,Why am i being charged for withdrawing cash funds?,cash_withdrawal_charge
tr_ada0e27565,can i get a virtual card,get_disposable_virtual_card
tr_01069ab3cd,I made a cash deposit and the balance wasn't updated.,balance_not_updated_after_cheque_or_cash_deposit
tr_2b83ac4c5a,I've already tried 5 times to complete a transfer that's just standard. What's the deal? Is your system down at this time?,failed_transfer
tr_048b06f3fa,why was a transfer declined,declined_transfer
tr_39f915f8b9,Why would a cash withdrawal be pending?,pending_cash_withdrawal
tr_33a70c16eb,My identity verification is not working.,unable_to_verify_identity
tr_54c9ad9825,The activation process for my card isn't working.,activate_my_card
tr_42fb149979,"When I bought something abroad, the exchange rate was wrong.",card_payment_wrong_exchange_rate
tr_36adf0f3a6,There is a pending payment on my account that is very strange. I don't remember making this and it won't go away. Can you help me figure this out?,extra_charge_on_statement
tr_cb2d1c723d,make my account go away,terminate_account
tr_a716d9795a,What is the fee on my statement for?,extra_charge_on_statement
tr_0c47ea7fd5,What can I do if my card still hasn't arrived after 2 weeks?,card_arrival
tr_6bc4868d77,my check or cash deposit has not shown up,balance_not_updated_after_cheque_or_cash_deposit
tr_1080639456,how much do you charge to top up US cards?,top_up_by_card_charge
tr_194861f348,Is there a reason there's an extra fee on my statement?,extra_charge_on_statement
tr_9990da8753,I can't get my card out of the ATM,card_swallowed
tr_c037ccbb88,My virtual card is just not going through.,virtual_card_not_working
tr_5b49eb4c5a,What are the steps for the identity checks?,verify_my_identity
tr_6550af43f8,If my card payment isn't working what do I do?,declined_card_payment
tr_c24f448e02,I noticed that i got charged extra for using the card.,card_payment_fee_charged
tr_17d5362b69,How long do I have  to wait for my transaction to be completed?,transfer_not_received_by_recipient
tr_b4cd15ae17,I bought something this morning and the payment is still pending,pending_card_payment
tr_f0c7d47cd5,Seems like my transfer was declined how come?,declined_transfer
tr_1990eaad9a,"I tried and tried, but I could not complete my transfer. Tell me what is wrong.",failed_transfer
tr_eae2d62157,what is my monthly spending limit because i was refused my money at an atm,declined_cash_withdrawal
tr_d70f57b045,What is the extra €1 on my statement for?,extra_charge_on_statement
tr_62c224fc61,Why is it taking so long for a transfer to complete!,transfer_not_received_by_recipient
tr_3f66fa7baa,"Hi, I am disappointed to see such a bad exchange rate and hope you can assist me. Would you be able to confirm the official interbank exchange rate for me?",card_payment_wrong_exchange_rate
tr_6d7fb4b591,from where are coming your exchange rates?,exchange_rate
tr_e9ee4369e4,"that fee should not be there, you charged my cash for an unnecessary thing.",cash_withdrawal_charge
tr_155c1ab581,can I top up an apple pay?,apple_pay_or_google_pay
tr_996a91eb8f,I sent some money but the intended recipient says it hasn't arrived,transfer_not_received_by_recipient
tr_ec99c56259,I tried topping up for the first time today since I am a new customer. It doesn't appear that it's working. It has been pending for at least half an hour. Please take care of this.,pending_top_up
tr_8e24a4407e,I made the incorrect payment for my rent yesterday and this needs to be fixed by no later than tomorrow. How can you help?,cancel_transfer
tr_22c26343f4,How old do you need to be to use the banks services?,age_limit
tr_64045dd3eb,How do i request more physical cards?,getting_spare_card
tr_7ad3a2e614,"When I tried to transfer funds to my friend today I was unable to do so, why?",failed_transfer
tr_88ae796be3,Please tell me if I'm going to be charged for sending out more cards?,getting_spare_card
tr_0912289d61,Can you tell me why I was charged $1 for a transaction?,extra_charge_on_statement
tr_7469c960b4,I don't have a password.,passcode_forgotten
tr_a59a723768,"I did a bank transfer to top up, but the money is not available.",top_up_failed
tr_e68e541974,"Could not complete transfer, states 'declined'",declined_transfer
tr_220071e728,Can I order another card?,getting_spare_card
tr_7b125a98aa,I don't want to give you all my identify details.,why_verify_identity
tr_833eb673dc,where can I get the info for my funds,verify_source_of_funds
tr_f6103a2c7e,How do I cancel a recent transfer?,cancel_transfer
tr_df21fddda0,I'm unable to verify my identity,unable_to_verify_identity
tr_d69977e37d,I have yet to receive my virtual card,getting_virtual_card
tr_a4fb2959d1,I don't have my card in 1 week.  Should I be worried?,card_arrival
tr_3a52caf073,The app says I got cash from an ATM but I didn't,cash_withdrawal_not_recognised
tr_f3e3b4d832,I did a cash deposit to my account but it doesn't show up,balance_not_updated_after_cheque_or_cash_deposit
tr_a2efbb2801,What should I do if I think someone is using my card without my permission?,compromised_card
tr_8b4f06de8c,I will not be able to verify my identity.,unable_to_verify_identity
tr_aa447538ac,can i top up with check?,top_up_by_cash_or_cheque
tr_1bf67208e1,Currently my card is broken.,card_not_working
tr_f2b517e563,"I put in a payment a while ago and it has still not cleared and is showing up as ""pending"", how long does it take to clear?",pending_card_payment
tr_b1060820cb,Are new cards available from China?,card_about_to_expire
tr_b67ce2f06a,How can I choose between Visa and Mastercard?,visa_or_mastercard
tr_d5e13390df,The exchange rate for my card payment doesn't seem right.,card_payment_wrong_exchange_rate
tr_d1e8706078,How old do you have to be to open an account?,age_limit
tr_147d6335ba,Why is my PIN blocked?,pin_blocked
tr_2e33cad3fb,"It says ""pending payment?"" Why is it saying this?",pending_card_payment
tr_e73d232d31,I noticed my transfer was declined.,declined_transfer
tr_09eeeb6f2a,I checked the app and my balance has not been updated for the cash or cheque deposit.,balance_not_updated_after_cheque_or_cash_deposit
tr_06eb40eea4,I need assistance with activating my new card.,activate_my_card
tr_01629a3b78,What do you use to figure out the exchange rate for the card?,exchange_rate
tr_e6101c8334,It looks like the exchange rates on my card payment are wrong,card_payment_wrong_exchange_rate
tr_2f5980a0df,I want to use cash to top up.,top_up_by_cash_or_cheque
tr_ce763e1a85,The refund doesn't show in my account,Refund_not_showing_up
tr_31d9e17773,I was under the impression I can make transfers for free. I made an online purchase for something that was obroad and there's some additional strange fee. I've never seen this before and this isn't fair.,transfer_fee_charged
tr_2b1254727b,The amount of cash i have received is not correct.,wrong_amount_of_cash_received
tr_bbae0ff9f2,Why hasn't a transaction I did to my friend arrived yet?,transfer_not_received_by_recipient
tr_c6b8532410,My balance is not right. It has not been updated for the cash or cheque deposit.,balance_not_updated_after_cheque_or_cash_deposit
tr_889af47a43,Is my PIN recorded anywhere?,get_physical_card
tr_35e22bceee,I think that the exchange rate was wrong for the payment made last Saturday - I was charged extra.,card_payment_wrong_exchange_rate
tr_a00651bc87,Am I able to use my American Express to add money to my account balance?,supported_cards_and_currencies
tr_03822b8f67,Can I change my PIN on my phone?,change_pin
tr_0d47d2a1de,What types of cards and money do you accept?,supported_cards_and_currencies
tr_a67530ffd2,Can I transfer my salary if its in GBP?,receiving_money
tr_775349ccd9,Please cancel the latest ATM charge on my card as my card was declined earlier today and I did not receive that cash.,pending_cash_withdrawal
tr_b1dff570f6,I recently made a transfer but I need to cancel it as soon as possible.  Please let me know when this happens.,cancel_transfer
tr_bfef266b67,How's the exchange rate?,exchange_rate
tr_0dad10294f,Explain the extra ATM fees.,cash_withdrawal_charge
tr_6185e19ff5,How much would I be charged for a transfer?,top_up_by_bank_transfer_charge
tr_044d71b4bd,How can I tell if my card payment is reverted?,reverted_card_payment?
tr_69c3afe7c5,Where can I use a disposable card?,disposable_card_limits
tr_edf896f97e,Why is my cash withdrawal pending?,pending_cash_withdrawal
tr_256d1cb4b2,How can I tell if someone else is using my card?,compromised_card
tr_2106372544,why is a transfer to beneficiary not possible?,beneficiary_not_allowed
tr_0b4200c351,I transferred some money but it hasn't arrived.,transfer_not_received_by_recipient
tr_2763ecda4a,When I topped up the app has seemed to reverted it.,top_up_reverted
tr_94f7d439fa,"Do you charge for cash withdrawals?  I want to get my hands on my own money and you appear to be charging me for the pleasure! Why is this, you'd never get this with my high street bank!",cash_withdrawal_charge
tr_2ad54c607a,"I no longer have my phone with the app, what should I do?",lost_or_stolen_phone
tr_035239a11e,Why do i have an extra fee on my statement?,extra_charge_on_statement
tr_0640ad168c,Do I need to set a limit on auto top-up?,automatic_top_up
tr_e4d51b8094,"I deposited a cheque with some money, but the balance hasn't changed.",balance_not_updated_after_cheque_or_cash_deposit
tr_1abf899527,I recently bought something abroad but the exchange rate is incorrect. Why?,card_payment_wrong_exchange_rate
tr_e307260c6f,Can I change my PIN remotely?,change_pin
tr_ec9eaded1a,My account seems a bit off and getting weird charges.,transaction_charged_twice
tr_eec0acab04,"I have never been charged for making an ATM cash withdrawal before, but I am now being charged a fee to withdraw cash. What happened?",cash_withdrawal_charge
tr_589a06ce12,Do you know the rate of exchange?,exchange_rate
tr_27aab6ee81,How are foreign exchange rates determined?,exchange_rate
tr_459254d02b,I was the victim of someone stealing my wallet.  My card is being used and it isn't me.  What should I do?,cash_withdrawal_not_recognised
tr_e61cdbaf22,Money that I have transferred hasn't arrived yet,balance_not_updated_after_bank_transfer
tr_46ed12c3dd,What should I do since my card is trapped in the ATM?,card_swallowed
tr_48d89e6283,Is there a way to set up an auto top-up?,automatic_top_up
tr_d87f7b7a0f,"When I used one of the ATMs in the city centre today, I tried to take out some money, but for whatever reason, the machine declined my card. Just checked it out in my account and that amount is still showing as pending! Is there any way that you can cancel this transaction, because I did not receive any money whatsoever from the ATM",pending_cash_withdrawal
tr_5f77a1e560,When will my account receive the money?,transfer_timing
tr_1edd7d4741,What's the process to receive a second card?,getting_spare_card
tr_466408abc6,A friend was telling me about her disposable cards. What would I have to do to be able to get that feature?,disposable_card_limits
tr_f16b59d89a,I got $20 when I should've gotten $100,wrong_amount_of_cash_received
tr_0d7ec0d513,What are the disposable cards for?,get_disposable_virtual_card
tr_1c2cb231c5,My payment has been cancelled,reverted_card_payment?
tr_f4b534b589,I need to exchange some foreign currency. What's the charge for doing that?,exchange_charge
tr_74b0384afc,Where can I find an ATM?,atm_support
tr_d8c6e5b860,A payment is pending,pending_card_payment
tr_8f61c78a37,I couldn't get the money I needed.,wrong_amount_of_cash_received
tr_e55c2daf4f,can you share card tracking number?,card_arrival
tr_730b59e9ef,Will it cost extra to add money to an international card?,top_up_by_card_charge
tr_450467301c,"Please give me both Visa and MasterCard, is it possible?",visa_or_mastercard
tr_859a1dc721,Can you activate my card pls,activate_my_card
tr_b6b6e3927a,Why was my new card declined?,declined_card_payment
tr_757912de08,Do you have a list of businesses that accept this card?,card_acceptance
tr_2624c998c9,How much longer do I have to wait until my transaction is complete? I transferred money to another country many hours ago and the transaction is still pending.,pending_transfer
tr_139b201acc,"Hi, I'm trying to by some crypto and the app isn't allowing it. I really want to exchange this, what am I doing wrong?",beneficiary_not_allowed
tr_e232a6cd28,I need my card soon.,card_delivery_estimate
tr_a212791d08,"I haven't received my virtual card yet, do yo know why?",getting_virtual_card
tr_0ed387bff3,I moved and need to change my address.,edit_personal_details
tr_42133e8617,It seems that the rate I got is incorrect.,card_payment_wrong_exchange_rate
tr_ca0b2cc6e3,How much is the charge to top up via credit card?,top_up_by_card_charge
tr_33d3bba17c,The payment on my card shows as pending.,pending_card_payment
tr_8044f22b34,The ATM machine ate my card.,card_swallowed
tr_6fa983807d,"How can I close my account, I don't want it.",terminate_account
tr_98aaa7b56e,Can you tell me if I can track the card you sent me?,card_arrival
tr_338db74693,What are the steps to change my PIN to something else?,change_pin
tr_e7335ec95b,Is there a limit to my top-up?,top_up_limits
tr_3a15e4a2f3,Where do you need to live to receive card,order_physical_card
tr_98383c594c,Why hasn't the transaction I did arrive yet?,transfer_not_received_by_recipient
tr_5800984297,My app shows cash I didn't get.,cash_withdrawal_not_recognised
tr_6d7fa51afa,"While on vacation in Spain I think someone saw my PIN and I now need to change it, can I do this at an ATM in Spain?",change_pin
tr_f0a6aca8cf,How much would it cost me if I transfer?,top_up_by_bank_transfer_charge
tr_3ea1251f9d,Is there a limit to how much I can top-up?,top_up_limits
tr_d617bd8cdb,Can I use my apple watch to top up?,apple_pay_or_google_pay
tr_a2ebe73025,My payment is taking a long time to go through.,pending_card_payment
tr_6c2d1667a4,The app doesn't think that I am myself,unable_to_verify_identity
tr_7ff1856880,Do you support all countries?,country_support
tr_d24143efe9,Do you support direct deposits from my employer?,receiving_money
tr_02fb06641f,How do I get my cash withdrawal to show?,pending_cash_withdrawal
tr_5353331468,Why isn't my top up showing?  Was the money reversed?,top_up_reverted
tr_bf4a8de72b,Why did my transfer get declined?,declined_transfer
tr_d4d2e0f84d,What do you require to verify someone's identity?,verify_my_identity
tr_ec098a9797,What retailers accept my card?,card_acceptance
tr_bfc4e3319c,Why does my transfer still say it is pending?,pending_transfer
tr_72eaf9fbc5,Why are you not accepting my transfer!! I've tried a couple times already now and it just keeps showing an error message,beneficiary_not_allowed
tr_353969e10e,I have tried 5 times at this point to complete a transfer that's simply standard. What appears to be the problem? Is your system messed up?,failed_transfer
tr_b5b5af1355,exchanging currencies costs what?,exchange_charge
tr_c475ef4c25,I would like to use cash to make a top-up?,top_up_by_cash_or_cheque
tr_2fa4e12a0d,how to get new card?,contactless_not_working
tr_cbc6b21808,Mastercard is my preferred company.,visa_or_mastercard
tr_009aa1dc6d,"Someone is using my card to purchase flights to New York it's not me because I'm not going to New York, please can you cancel the card and refund the money?",cash_withdrawal_not_recognised
tr_6b8f5d33df,What is the procedure for activating this card?,activate_my_card
tr_2bdbfc8efe,My payment's stuck on pending.,pending_card_payment
tr_fd699980ef,Do I have to pick a creditcard brand?,visa_or_mastercard
tr_5ac13fb237,"If I were to transfer, what would the cost be?",top_up_by_bank_transfer_charge
tr_4b74faab37,what is this fee for transfering,transfer_fee_charged
tr_2f99064bc9,Where are the ATMs that accept this card?,atm_support
tr_b948dc2b51,Could you please tell me your exchange rates?,exchange_rate
tr_cbcaaa74cf,Are transfers not free? I didn't know I would be charged for transfers.,transfer_fee_charged
tr_c493247160,How can get a Visa card?,visa_or_mastercard
tr_e234872954,I could not get money from an ATM,declined_cash_withdrawal
tr_488d5048cc,How do I troubleshoot my contactless?,contactless_not_working
tr_f9107bd1a4,Why did I get charged twice for the same thing,transaction_charged_twice
tr_ffd2355a2d,Why am I charged an extra fee on my card?,card_payment_fee_charged
tr_698903ae6a,"You can do that in just a few seconds. Go to account, hit activate, and follow the directions from there.",activate_my_card
tr_4d763c35b4,What do I do when a charge has been made that I did not make?,cash_withdrawal_not_recognised
tr_073ce87d7d,"Why did my transfer not work, it says it was declined?",declined_transfer
tr_86693bef6e,What do I do if I forgot my PIN?,pin_blocked
tr_a1d3214e0e,where do I go to top up with cash?,top_up_by_cash_or_cheque
tr_ef979c4eb0,My transfer was not approved,declined_transfer
tr_dfd7fabde4,I tried activation my card and it didn't employment,activate_my_card
tr_800851bd53,Can I use my card in another institutions ATM?,atm_support
tr_f08686b078,"If I want a friend to top off my account, can they?",topping_up_by_card
tr_584eb2e53f,Is identity verification required for me to use my account?,why_verify_identity
tr_d91b3baaa7,Top-up is not working,top_up_failed
tr_f46079db2d,A transfer has to be cancelled.,cancel_transfer
tr_7e69236e6b,I wanted to purchase something online but the payment was returned back to me. This has been going on for a couple of weeks. Please tell me what is going on here?,reverted_card_payment?
tr_3b5c931ac7,Will it cost me to get a second card?,getting_spare_card
tr_5f2f79c14a,My account balance has not updated since I deposited a cheque recently.,balance_not_updated_after_cheque_or_cash_deposit
tr_4cc78ae910,Why have I been charged a fee for card payment?,card_payment_fee_charged
tr_37d9fef6a2,Your ATM pin can be changed at any VISA or MasterCard ATM with PIN services. Certain countries don't support ATM pin changes.,change_pin
tr_61a6487d2a,Why can't I take $100 out,wrong_amount_of_cash_received
tr_f1c8f77ff7,The app can't verify my information for identity proofing purposes.,unable_to_verify_identity
tr_3e6e1a5632,"Hello. Please, would you tell me if you have or have not received funds for a refund that I recently requested for a big purchase? I've contacted the merchant, but I can't tell that they have taken any action on it.",Refund_not_showing_up
tr_453675f7a3,I cannot view the refunded amount in my account.,Refund_not_showing_up
tr_aa019a1506,i'm not satisfied with the services and no longer want to be a customer,terminate_account
tr_cb07061530,Can I have a duplicate second card?,getting_spare_card
tr_3e205c2ee0,I tried to transfer some money and it hasn't done it yet - what's going on?,transfer_not_received_by_recipient
tr_6f4f86a609,what amount of time does it take for a transfer to reflect and be available,balance_not_updated_after_bank_transfer
tr_21dc8ea6cd,I have lost my phone.,lost_or_stolen_phone
tr_41246cd3d4,My beneficiary is not allowed?  Why?,beneficiary_not_allowed
tr_81e307b171,A duplicated payment was made for something.,transaction_charged_twice
tr_c7cb95817e,Why was I charged twice for my item!,transaction_charged_twice
tr_f01df614af,"I have an issue. I bought something within the past one to two weeks and have received one of the products; however, today the total was returned to my account. What's going on here?",reverted_card_payment?
tr_26c7525ef0,"When I got my cash, the amount was not what it should have been, based on the exchange rate.",wrong_exchange_rate_for_cash_withdrawal
tr_c598c60346,I tried to make a transfer and it didn't work.,failed_transfer
tr_f281290e50,I need my account checked because it appears there is a problem. I attempted to update my balance yesterday using cheque but it doesn't seem to have worked.  Should this not be faster than this?,balance_not_updated_after_cheque_or_cash_deposit
tr_3b3d18cca9,How much does it cost to us US cards?,top_up_by_card_charge
tr_c3cb16447f,"Recently, a few weeks ago there was a transaction made on my account by some seller that I don't recognize. I am very certain that didn't happen  and will like for you to trace back to make sure.",direct_debit_payment_not_recognised
tr_d50bfba23e,"Declined, transfer not completed.",declined_transfer
tr_5fade66ff5,Can another family member hold a card for this account in addition to mine?,getting_spare_card
tr_5e8caa9763,I can't see a top-up top-up verification code.,verify_top_up
tr_f46ce3e7ae,How does on apply fora refund on an item he ordered? I ordere an item and have not received it yet so i want to cancel it and get a refund,request_refund
tr_7d0b64d83e,How do I go about getting hold of a virtual card?,getting_virtual_card
tr_6ebc905137,Is it possible to dispute a debit payment from a couple of months ago.,direct_debit_payment_not_recognised
tr_51adccd48e,How long does my top up pending last?,pending_top_up
tr_3762e57063,How can I receive my salary with a different currency?,receiving_money
tr_1015e20cb8,I want to change my PIN.,change_pin
tr_39739abb3a,"I was blocked by using the wrong pin too many times, can you help me?",pin_blocked
tr_a096fee325,Please tell me how to edit my personal details.,edit_personal_details
tr_89632148a7,Do you have any top-up limits?,top_up_limits
tr_d4c45b53d1,Can I cash deposit to top up my account,top_up_by_cash_or_cheque
tr_28316498e0,Which ATM's can I use to make a withdrawal?,atm_support
tr_0f775ca2b7,The app shows Direct Debit payments that I didn't make,direct_debit_payment_not_recognised
tr_d6a903fd27,The exchange rate for case abroad is applied wrong.,wrong_exchange_rate_for_cash_withdrawal
tr_0c4ed5f3b7,How can I get another card?,getting_spare_card
tr_66274900ac,"I signed up, but don't have a PIN. Where can I find it?",get_physical_card
tr_1c856e3a25,Will the system automatically update once there is no more money left?,automatic_top_up
tr_c37cc6242b,I need help from someone in your department with finding my nearest ATM.,atm_support
tr_3ee630c893,I see an unfamiliar payment on my statement.,card_payment_not_recognised
tr_c484d57f87,I can't use my virtual disposable card,virtual_card_not_working
tr_23729821e5,I am in the EU. Can I get one of your cards?,country_support
tr_950ba250fe,I'm sure I have enough money so why didn't the store accept my card?,declined_card_payment
tr_9087f0badb,I made a card payment which is showing me pending.,pending_card_payment
tr_cb23c33dec,How can I know where did my funds come from?,verify_source_of_funds
tr_b5dfac6710,How can I go about ordering a virtual card?,getting_virtual_card
tr_53e1646e02,My card payment doesn't work.,declined_card_payment
tr_be8920cb2d,Is the EUR accepted for exchanges?,fiat_currency_support
tr_c17ac97607,I am still awaiting the money I put into my account this morning.,balance_not_updated_after_cheque_or_cash_deposit
tr_c22cc04b78,What do I need to do to request cash back? The ATM actually just gave me the wrong amount. The app I actually chose the right amount.,wrong_amount_of_cash_received
tr_6a58f4990e,Help me cancel a transaction.,cancel_transfer
tr_290e76e3aa,The app does not believe that I am myself,unable_to_verify_identity
tr_ec400a6bbb,Why do I have to pay extra for using my card?,card_payment_fee_charged
tr_8d6d79f440,What is the process to get a new card when your old one expires?,card_about_to_expire
tr_4dc441efe9,What fiat money can I used in the exchange and holding?,fiat_currency_support
tr_2a01e9f1a5,Can I get a physical card,order_physical_card
tr_ed9c2c5441,I'm dissatisfied with the service and would like to terminate the account.,terminate_account
tr_95f8992245,I haven't received my PIN yet. Do I need to get it from you?,get_physical_card
tr_1fbefcfad4,"My new card isn't in my app, how do I get it in there?",card_linking
tr_c4dcdc7206,I can't remember my password.,passcode_forgotten
tr_9c4c0f07b9,Is there anyway to use a cheque to top up?,top_up_by_cash_or_cheque
tr_4e88394839,I need a refund on a direct debit that shows in the app because I did not make it.,direct_debit_payment_not_recognised
tr_2fbcdd2ed6,What countries are you issuing cards for?,country_support
tr_dfcd3ebcf7,I have lost my card! What is my next step?,lost_or_stolen_card
tr_9796821761,I am entering my passcode but getting an error.,passcode_forgotten
tr_96daabb48f,Can I exchange currencies with the app?,exchange_via_app
tr_2db930cd5f,I need to get a disposable virtual card?,get_disposable_virtual_card
tr_88fc288441,"I stupidly initiated a rent payment from the wrong account yesterday. It can't be paid from that account, but it really needs to get paid on time. Am I able to move the payment to the right account?",cancel_transfer
tr_ab3f0dbe39,"who do I talk to, to cancel a transfer?",cancel_transfer
tr_3cbed25ac2,I am seeing in the App a payment that its not mine,card_payment_not_recognised
tr_932bb6d606,Please delete my account immediately.,terminate_account
tr_358ac3642f,Is there an additional cost to exchange currencies?,exchange_charge
tr_536ac064f8,"I did a cash deposit to my account, but I am not seeing it on my statement.",balance_not_updated_after_cheque_or_cash_deposit
tr_1a3b95f5b0,I have a contactless that's broken.,contactless_not_working
tr_683e84dc51,The ATM didn't give me enough money.,wrong_amount_of_cash_received
tr_387f412644,The transfer on my account is not showing up.,balance_not_updated_after_bank_transfer
tr_6a099f33f7,I wasn't able to use my top up card because the money I put on there wasn't there anymore,topping_up_by_card
tr_843a7d216d,"I want to reactivate my card, I thought I had lost it but found it again this morning.",card_linking
tr_ec1336e005,How many times can I use my disposable card?,disposable_card_limits
tr_c95b85f48e,I need another card,getting_spare_card
tr_3e4c572292,I used my card to top up but it's saying it is still pending. What does this mean?,pending_top_up
tr_56530942a3,I accidentally put in the wrong pin too many times and now I need to unblock it. Can you assist with this?,pin_blocked
tr_283c9af2a2,How long would does it take for a seller to receive an EU transfer if I bought something from them and sent them the money immediately?,pending_transfer
tr_5b837af9f3,"I need to get a card, but I live in the US.",country_support
tr_94195d0ee5,I already got my item but just got my money back,reverted_card_payment?
tr_fc363cc39b,I want to transfer a sum of money from another bank account I have into this one,transfer_into_account
tr_a80f325593,i live in portugal. do you operate here?,country_support
tr_6e66bdc431,"I want to activate my card, how do I do it?",activate_my_card
tr_96ea7c6494,I need a refund for something I bought.,request_refund
tr_fd9755bd88,The ATM keeps rejecting my Payment. I tried two different ATMs but did not work .Can you please check if everything is okay with my account?,declined_cash_withdrawal
tr_ff05b2c3bf,How can we correct a mistake on an ATM transaction?  The app shows what I should have gotten.,wrong_amount_of_cash_received
tr_4c05c918df,Is it possible to get one the your cards in the EU?,country_support
tr_43e3021d53,"I thought I lost my card so I cancelled it, but recently I found it in my jacket and I would like to re-establish the card.",card_linking
tr_470382b651,why didnt my account allow a transfer,beneficiary_not_allowed
tr_ddb82ff54c,Are cards available to those outside of the UK?,country_support
tr_7e57a2f1b2,I tried pulling out money at the ATM and it gave me an incorrect amount back.,wrong_amount_of_cash_received
tr_4fc1add704,Why isn't my money from a check deposit showing?,balance_not_updated_after_cheque_or_cash_deposit
tr_88eb9919f9,How do I link an existing card?,card_linking
tr_57076be237,"I only made one transaction at this place, but it's appearing multiple times.",transaction_charged_twice
tr_9ccd9e0f1d,The app is showing mt withdrawals that aren't  mine.,cash_withdrawal_not_recognised
tr_8e13c42738,I was getting some cash out of the ATM but it cancelled on me without warning.,declined_cash_withdrawal
tr_aa8367c1cf,How do I change my address ?,edit_personal_details
tr_e859e752fe,What can I use to receive my salary?,receiving_money
tr_cf345cada1,Where is my card?,card_arrival
tr_ed6180c21c,I want a new PIN please.,change_pin
tr_7ba8b1cfa5,Why did the transfer fail when I attempted to do it earlier?,failed_transfer
tr_577d694a84,How many different currencies can I have my money in?,fiat_currency_support
tr_4da625cf92,I'm having difficulties changing AUD for GBP. How do I do this?,exchange_via_app
tr_b90a429cc8,My actual card isn't functioning.,card_not_working
tr_3f2928d064,Can my friend send me money?,receiving_money
tr_e9eb35fa34,My PIN has been blocked.,pin_blocked
tr_ad4cbfbda5,I need urgent help. I realize I sent my payment to the wrong account number. I made a typo. Please cancel the transfer immediately. I cannot do anything from the app.,cancel_transfer
tr_0a18a61424,Is it possible for me to change my PIN number?,change_pin
tr_4396a86aaa,What do I do if i accidentally broke my card?,card_not_working
tr_2033488592,The payment for the card did not go through,declined_card_payment
tr_ae55ec99e0,I can't use the app.  My phone is lost at the hotel.,lost_or_stolen_phone
tr_56c1a6c16b,Why was a fee charged to me for transferring money?,transfer_fee_charged
tr_793dd3eaf4,There's a direct debit payment that I don't recognize.,direct_debit_payment_not_recognised
tr_ddf6059173,I've been trying to make a transfer and it doesn't seem to be working. (5 times) What is wrong with your system?,failed_transfer
tr_c4f74c11e2,I couldn't get money from the ATM,declined_cash_withdrawal
tr_235a8e4d37,Questionable transactions on my account.,compromised_card
tr_e31c3eac0c,Why has my deposit in the ATM not cleared yet?,pending_cash_withdrawal
tr_d89c1483cc,Can I use this card at any ATM?,atm_support
tr_2d0d08a5a7,When will the money from a transfer be made available on my account?,transfer_timing
tr_dd774aa998,I would like to get your card in EU. Is that possible?,country_support
tr_4fc694d76d,I wanted to purchase some crypto. The app will not let me. What's going on here? I really want to make this exchange.,beneficiary_not_allowed
tr_ff50f997d0,I transferred some cash and it has not arrived yet.,transfer_not_received_by_recipient
tr_3f6475b00c,Why did I get charged a fee for my transfer?,transfer_fee_charged
tr_7f508bc3da,I have been charged an extra pound!,extra_charge_on_statement
tr_be3d5b2680,Can you explain to me the way to verify my top up has gone through?,verify_top_up
tr_82bec63847,How do I set my physical card PIN?,get_physical_card
tr_576d6b5124,Is there a way to link the card i just got?,card_linking
tr_153efeb194,How did you arrive at the rate of exchange? I thought that I would get more cash.,wrong_exchange_rate_for_cash_withdrawal
tr_83d9724a0a,What is needed to activate my card?,activate_my_card
tr_e947ec2e32,"help, lost my card",lost_or_stolen_card
tr_3b2d2f1c22,"If I need delivery on a certain day, is that something that could be accommodated?",card_delivery_estimate
tr_43dc396437,why do I have an unknown payment?,card_payment_not_recognised
tr_836ca4952d,Can you please explain the topping up transfer process?,transfer_into_account
tr_168b42385d,Where can I find my card PIN?,get_physical_card
tr_eecf7bb988,Is there a limit for age?,age_limit
tr_30ea72df5f,Can I use cash to top up,top_up_by_cash_or_cheque
tr_fc1db8ab83,How is the PIN delivered?,get_physical_card
tr_6bb2040fb1,I used my pin too many times.,pin_blocked
tr_fb982b1bb1,where is this money from,verify_source_of_funds
tr_5e47614162,My payment was cancelled,reverted_card_payment?
tr_eb1b41fe2a,Why hasn't the transfer shown up in my account yet?,transfer_timing
tr_9f5d96c129,I've tried several times to make a payment and every time my card is declined? Could my card be locked? I don't know what to do.,declined_card_payment
tr_2c60e77b76,I believe my card has been compromised because of a strange withdrawal,cash_withdrawal_not_recognised
tr_8650ef4a2c,Delete my account now please.,terminate_account
tr_9a74793cf7,How long does it take for something to be delivered to the U.S?,card_delivery_estimate
tr_a8d591de6c,I would like to dispute a payment I didnt make,direct_debit_payment_not_recognised
tr_279f081882,What currencies can I exchange?,fiat_currency_support
tr_895ef46a28,I have duplicated transactions on my statement,transaction_charged_twice
tr_1b06fecd6f,Please help.  There is a payment in the app that isn't mine.,card_payment_not_recognised
tr_55364f3550,What's the process for topping up by card?,topping_up_by_card
tr_953fa18d64,The card payment is declined.  Please inform me why.,declined_card_payment
tr_128754e2ba,Where did this extra €1 fee on my statement come from?,extra_charge_on_statement
tr_749d8b4620,Why was I charged a fee for my withdrawal?,cash_withdrawal_charge
tr_1ef68a4cac,The virtual card won't work.,virtual_card_not_working
tr_6abfa0366b,Why did my transfer to a beneficiary fail?,beneficiary_not_allowed
tr_0ac9b50c06,What options do I have when topping up a US card?,top_up_by_card_charge
tr_e1f598ebc1,How do I deactivate a stolen card?,lost_or_stolen_card
tr_e4f2f1f058,My contactless payments don't work.,contactless_not_working
tr_0128411880,Are there specific ATM's I can use with this card?,atm_support
tr_79e54a579b,What is the expected delivery date for my card?,card_arrival
tr_ad166aab45,on my statement there is a payment that I don't recognise,card_payment_not_recognised
tr_9622ce16c9,Somebody made a withdrawal from my account for 500. I have my card so how can this be? Does somebody have a duplicate card or something? Help please.,cash_withdrawal_not_recognised
tr_831ddb26c8,How do I transfer funds directly from my credit card?,topping_up_by_card
tr_e2dae2a30d,What should I do if I see an unauthorized withdrawal on my statement?,cash_withdrawal_not_recognised
tr_63f3f4bd95,What currencies do you support?,fiat_currency_support
tr_f9361af212,Why is my balance the same after a transfer?,balance_not_updated_after_bank_transfer
tr_3a332a0197,"It is still pending, I am still waiting. Your system just shows my top-up as pending. What is happening?",pending_top_up
tr_a69479619e,How long will it take for my top up to work? It's still pending,pending_top_up
tr_55b0e47f22,I just made an order and noticed an extra fee. Why have you charged me this without informing me?,card_payment_fee_charged
tr_de5bb820d9,why is my top up failing,top_up_failed
tr_5e0ff92290,My refund is still pending,Refund_not_showing_up
tr_68007ad4e2,cash and check deposit has not gone thru,balance_not_updated_after_cheque_or_cash_deposit
tr_75cfcc20c7,What countries are you located in?,country_support
tr_9461f71298,"I was trying to use contactless earlier, but it didn't work.",contactless_not_working
tr_a8602a73ed,What was the extra charge for withdrawing money?,cash_withdrawal_charge
tr_2ab79057f4,Can you tell me how to change my PIN?,change_pin
tr_6f9e555756,How can I check how much free spending I have left? I have some big purchases coming up and want to know where I can look for any info.,card_payment_fee_charged
tr_5e21ee33e0,Can I use American express with apple pay? Why does it make my top up not work?,apple_pay_or_google_pay
tr_88259101cb,I have been charged way to much so something is apparently wrong with my exchange. I changed Russian Ruble into UK pounds.,card_payment_wrong_exchange_rate
tr_73264d8031,What reasons would cause my card payment to be cancelled?,reverted_card_payment?
tr_321965b9a0,I need my virtual card,getting_virtual_card
tr_3de8fdd1cc,Is there a way I can have a mastercard?,visa_or_mastercard
tr_6de1dd6b64,Are the delivery days flexible?  My schedule only allows me to be a available on specific dates.,card_delivery_estimate
tr_c3afe3ae96,What am I going to need in order to activate my card?,activate_my_card
tr_3276400120,Can you change the rate for the item I bought in a different currency as it is wrong?,card_payment_wrong_exchange_rate
tr_d6d2c0ae1c,I have a transaction and would like to know if I it's cancelable?,cancel_transfer
tr_d3269c1a12,Are you going to charge me to collect the money?,top_up_by_bank_transfer_charge
tr_129047d7aa,I noticed an extra fee when I paid with my card.,card_payment_fee_charged
tr_d38ecff010,"Just received my replacement card, what steps do i need to take to activate it?",activate_my_card
tr_53c16f950b,My wallet doesn't show my recent top up.,topping_up_by_card
tr_20fdbc9976,How do I verify my identity online,verify_my_identity
tr_a2fe3d3d2d,The app doesn't believe that I am myself,unable_to_verify_identity
tr_4b19198042,Whats wrong with my currency exchange?,wrong_exchange_rate_for_cash_withdrawal
tr_67d122f441,There are duplicate transactions on my account,transaction_charged_twice
tr_2ccdd3d6c5,i withdraw cash from the ATM and was charged a fee,cash_withdrawal_charge
tr_c4fdc6e600,"If I want to topup by card, how do I do it?",supported_cards_and_currencies
tr_7d20860234,What reasons would a topup fail?,top_up_failed
tr_bf38f815c1,Is it possible to get a second card for my daughter?,getting_spare_card
tr_2c607c572a,I am trying  to  transfer and  it has been  stopped why is  that,beneficiary_not_allowed
tr_6680ae18ec,How can I get my card to work?,card_not_working
tr_2cac39fa7c,I am still waiting for my card.,card_arrival
tr_aac7cb9462,Must I verify my identity?,why_verify_identity
tr_0798575752,"How long do you expect me to wait for the transfer? It finally worked out, but has been pending for a long time and it's quite urgent.",pending_transfer
tr_406f367e57,Why is there a €1 charge on my statement?,extra_charge_on_statement
tr_9f2135cce5,There are some charges that I don't recognize.  It happened days ago.  Can I get these charges back?  Should I cancel my card?,card_payment_not_recognised
tr_15da45c58f,Why was I charged a fee when making this transfer when I shouldn't have been?,transfer_fee_charged
tr_f53d18e3c7,I can't get the virtual card to work,virtual_card_not_working
tr_2334ed5695,The atm didn't give me all my cash,wrong_amount_of_cash_received
tr_6fbb39c13a,I tried to buy something online yesterday but it kept saying declined. Tried again today but same thing happened. What's wrong?,declined_transfer
tr_75c493d23b,"In the exchange and holding, what fiat is allowed?",fiat_currency_support
tr_7512344230,How do I change my account details?,edit_personal_details
tr_f792c95733,"I think my card is expiring, what happens then?",card_about_to_expire
tr_e373037e81,My card is showing multiple charges for the same items on my recent statement. I was wondering what actions of needed to take to fix this issue,transaction_charged_twice
tr_a116119070,My payment was terminated,reverted_card_payment?
tr_71021ae17d,The ATM didn't give me the amount I asked for,wrong_amount_of_cash_received
tr_7581cda725,I don't see me 'top up' in my wallet,topping_up_by_card
tr_d4d8b710a3,How do I exchange currencies using this app?,exchange_via_app
tr_ea7278fd96,Is my credit card supported for top-ups?,supported_cards_and_currencies
tr_1d643ed383,What is the proper way to activate a card?,activate_my_card
tr_1d73e98d8e,I can't find my phone; what can I do to prevent someone from accessing my account on it?,lost_or_stolen_phone
tr_a3b701e43c,I cannot make a transfer to another account.,beneficiary_not_allowed
tr_df02b703bd,why wasn't a transfer to account approved,beneficiary_not_allowed
tr_bbff55edef,Why can't a beneficiary receive a money transfer from me?,beneficiary_not_allowed
tr_d129367fc6,I made a deposit and the balance hasn't been updated.,balance_not_updated_after_cheque_or_cash_deposit
tr_ce95434379,Can this card be used at all ATMs?,atm_support
tr_5345ee5483,I could not get the ATM to work,declined_cash_withdrawal
tr_a3e57ffe2c,Is there an additional charge to exchange currencies?,exchange_charge
tr_f7fec54dfc,Is there a reason why there is an extra £1 charge on my account?,extra_charge_on_statement
tr_28d7b06668,I attempted to withdraw some money from an ATM this morning and received the wrong amount. Your app says I have enough money available in the account. Can someone tell me what's wrong?,wrong_amount_of_cash_received
tr_b55dd40c88,There is a debit transaction on my statement that I did not make,direct_debit_payment_not_recognised
tr_e4a7eb6905,How can I receive verification for the source of my funds?,verify_source_of_funds
tr_073a645d42,What are the reasons for a declined transfer?,declined_transfer
tr_cac4c1c67a,need help with google pay top up,apple_pay_or_google_pay
tr_667efc98b5,"My card payment reverted back, I think.",reverted_card_payment?
tr_5ca082d5ea,Why did the ATM take my card and keep it?,card_swallowed
tr_d6ca434932,"I got cash from an ATM earlier but it shows up as pending in the app. How can this still be pending, I already received the cash?",pending_cash_withdrawal
tr_3c191fb834,I am looking to transfer some money from my other bank account into this one.,transfer_into_account
tr_9c1be7a045,what are the locations i can withdraw money,atm_support
tr_5eff2b9b8e,What is going on? I have checked over and over and the details of my account are right. Why is my transfer still pending? It's 2018 not 1818. Transfering money to another country can't be that hard.,pending_transfer
tr_809c7379e6,What proof of identification is needed?,verify_my_identity
tr_085bec5e79,I'm interested in getting a virtual card.  How do I get one?,getting_virtual_card
tr_5644426a63,"Please, I need your help as to whether or not you have money for a large refunded purchase I made. I requested it some time ago from the seller, but nothing is showing up.",Refund_not_showing_up
tr_c2f7e4b199,Please send a new card; the ATM ate mine.,card_swallowed
tr_79e296fa8f,I'm not sure how disposable virtual cards work. Please help.,get_disposable_virtual_card
tr_99e1286e43,I don't know where a direct debit payment came from,direct_debit_payment_not_recognised
tr_480dc7109a,"I traded some of my money from my native country into an ATM to exchange for foreign currency, and the money I received was a different equating amount!",wrong_exchange_rate_for_cash_withdrawal
tr_6b35c0c87f,I need help right now. I realize I sent my payment to the wrong account number after making a typo. Please cancel the transfer now since I can't do it from the app.,cancel_transfer
tr_f026b57dc9,I think my card has been used by somebody else since I was never in the little town where some transactions on this bill have come from. Please stop this right away.,compromised_card
tr_6afe121758,Why does my identity need verification?,why_verify_identity
tr_7973f37173,My transfer failed to a beneficiary,beneficiary_not_allowed
tr_e6e4e96342,Does it matter which card I use,visa_or_mastercard
tr_40aec6d3ae,How do you do exchanges?,exchange_rate
tr_3b0e0f375f,i have been trying to top up my account with a check but it won't work,top_up_by_cash_or_cheque
tr_a99e4c4584,Delete all of my account information and my account right now.,terminate_account
tr_ede9f697f1,The cash withdrawal I took seems to be off. The exchange rate is wrong.,wrong_exchange_rate_for_cash_withdrawal
tr_cc033e0f7f,Where do I go to cancel a transaction?,cancel_transfer
tr_428ed057be,I placed a cash deposit in my account but I can't see it yet.,balance_not_updated_after_cheque_or_cash_deposit
tr_bd570624c2,What is the longest that a payment will show pending?  There is one showing that has been sitting there a few days.,pending_card_payment
tr_ec6d3d5cfd,I believe my card payment were reverted,reverted_card_payment?
tr_49f34bb3ec,"Hae there, I have a transaction that is in progress despite the fact that the ATM was not working, what do I do to avoid being charged?",pending_cash_withdrawal
tr_ca63421502,Can somebody else top up my account?,topping_up_by_card
tr_e815a3f2e8,Verifying the top-up seems like a hassle.,verify_top_up
tr_a5af169053,how many uses are the disposable cards good for?,disposable_card_limits
tr_d854ef84a7,How do I perform identity checks?,verify_my_identity
tr_f009d5d2cd,I'd like to order another card,getting_spare_card
tr_97b2d29f52,I have an outgoing transfer,pending_transfer
tr_1dc38ae300,It looks like my card payment might have been reverted.,reverted_card_payment?
tr_0ef626443e,I made a purchase but never expected to see a fee charged for the transaction.,card_payment_fee_charged
tr_81d7ae1c7f,I have a pending payment on my card.  Why?,pending_card_payment
tr_b7a90ba26c,Why wasn't my payment accepted by the app,reverted_card_payment?
tr_a2188eedb7,What are the fees for using a European bank card?,top_up_by_card_charge
tr_ea8283cdd7,"Looks like my card payment was made twice by mistake. I paid at the store earlier which rejected once, second time it worked. App stays at pending for one of the payments. Can you please remove one of them as it's wrong and clearly was declined?",transaction_charged_twice
tr_e1028f2976,I need to cancel a transaction on my debit card.,direct_debit_payment_not_recognised
tr_eb7e38459d,"Can I add other people to my account, so they can top up?",topping_up_by_card
tr_b5d2535833,Show me how to look at the source of my current funds?,verify_source_of_funds
tr_5d7581a89b,"I want to give a second card for this account to my daughter, would this be possible?",getting_spare_card
tr_a67af54554,Could you tell me about the restrictions that are on the disposable cards?,disposable_card_limits
tr_94097e3eac,Are there any fees to get additional cards?,getting_spare_card
tr_bacb25bd82,I think there's a purchase at a store that I didn't go to.,card_payment_not_recognised
tr_959faebabc,I can't see the transfer that I put in.,balance_not_updated_after_bank_transfer
tr_c047affe41,Will I be charged any fee for receiving money?,top_up_by_bank_transfer_charge
tr_e77c173607,what is the leadtime for a new card to show up in the mail?,card_delivery_estimate
tr_6e67f3694f,what I need to verify my account,why_verify_identity
tr_000151e181,I am from X but am traveling to Y - how do I get currency for Y?,exchange_via_app
tr_6c658737ee,Could you please help me?  I made my rent payment and have double checked that I sent it to the right account.  The person receiving it says he has not received it but it shows complete on my side.,transfer_not_received_by_recipient
tr_659e6d9d8c,what can I do if I got my American Express in Apple Bay but top up is not working?,apple_pay_or_google_pay
tr_4cfcc66bb5,Tell my why my top-up is pending.,pending_top_up
tr_65aa2a309e,Can an American resident apply to get a card?,country_support
tr_254dfe8d41,I tried to do a transfer but I got a message that it was declined.,declined_transfer
tr_921125cbcb,I haven't been able to complete any transactions on my card today. Do you know what's wrong?,card_not_working
tr_102254ca7b,I can't figure out why a transfer is still pending?,pending_transfer
tr_5fb01f02e6,What may be the reason that my transfer did not go through?,failed_transfer
tr_76c9fe80de,How long am I to wait before the transfer gets to my account?,transfer_timing
tr_76f5a53b04,What are the age limits for your service?,age_limit
tr_63ae344667,"When my card expires soon, how fast is the replacement card sent and what are the costs?",card_about_to_expire
tr_2378ca84cc,Can you make sure I get a MasterCard and not a Visa?,visa_or_mastercard
tr_d63881f49a,What is this €1 charge?,extra_charge_on_statement
tr_2f9e2edee2,My PIN isn't working.,pin_blocked
tr_070b2eaa7a,2 weeks ago I ordered my new card.  It isn't here.  What should I do?,card_arrival
tr_6f9e19811d,I am perplexed. Why is it that I received an extremely wrong rate when I tried to use an ATM using a foreign currency?,wrong_exchange_rate_for_cash_withdrawal
tr_6ed5553156,I'd like more info on getting a virtual card.,getting_virtual_card
tr_96776f09bc,"I've tried to send money to my friends and I keep getting rejected. Can you please tell me why, I don't understand.",failed_transfer
tr_662b87a8fb,I need my card ASAP!,card_delivery_estimate
tr_6a2a9e1043,"What currencies can I not hold many in, if so what are they?",fiat_currency_support
tr_fac62b2303,"I deposited a cheque, why isn't my balance showing that I did?",balance_not_updated_after_cheque_or_cash_deposit
tr_018002d8eb,Do you offer services that hold money in different types of currency?,fiat_currency_support
tr_7d518134e3,Can I get the Mastercard?,visa_or_mastercard
tr_b4cb16a0d5,"Hi, I'm trying to transfer money from one country to another, but it's taking a long time! All the account information is right, so why is it taking so long?",pending_transfer
tr_c730cb5c35,Why is my identity not verified?,unable_to_verify_identity
tr_7bb434507f,"I made a transfer and according to the receiver ""they haven't received the right amount"" Its lesser than it should be.Now I have to transfer more money to make up for the missing amount . Can you please help me about this, what should be done ?",transfer_fee_charged
tr_bc93fca6f7,What is the normal time to make an international transfer? I made one a few days ago that still hasn't arrived.,balance_not_updated_after_bank_transfer
tr_8da3916822,My top-up didn't go through,top_up_failed
tr_f248d47f8c,I withdrew cash abroad and the exchange rate applied is wrong.,wrong_exchange_rate_for_cash_withdrawal
tr_063c53fdeb,"I've obtained the card, how do I enable it on the app?",card_linking
tr_3abd2a7809,Is American Express supported for adding funds?,supported_cards_and_currencies
tr_1db998627d,Why am I not allowed to verify my id?,unable_to_verify_identity
tr_537f97ff78,Seems like my top-up has failed,top_up_failed
tr_cc2c499eb0,"Is my card working? It's the first time I tried using it I tried to get money out of an ATM, but got nothing.",declined_cash_withdrawal
tr_8be0337b03,"I have not used my card all day, however, there is an unusual payment showing in my app.  I would like to have that amount reimbursed.",direct_debit_payment_not_recognised
tr_6f75bbd867,Tell me where I can find the auto top up feature and a little bit about it please.,automatic_top_up
tr_89d44d73d1,I just moved. How do I give you my new address?,edit_personal_details
tr_c6ab731d6f,I used my card and there was a fee,card_payment_fee_charged
tr_57fe4cd517,My refund has not shown up in my account.   Where is it?,Refund_not_showing_up
tr_9664c03158,What is the significance of verifying the top-up?,verify_top_up
tr_6745eaa6f2,The amount of cash I received was not the full amount,wrong_amount_of_cash_received
tr_f2986be396,How long will this transfer from europe take?,transfer_timing
tr_73ee75030e,Where do I pay with my debit or credit card?,card_acceptance
tr_c6b14f94ce,Why is the cash withdraw I made shown as pending?,pending_cash_withdrawal
tr_650c3c95f6,How can I reset the passcode if I need to do that?,passcode_forgotten
tr_e0246dffab,When will my transfer from the US get here?,transfer_timing
tr_354b953725,Why isn't my topup working?,top_up_failed
tr_66309abc2f,I made a purchase and would like to get a refund for what I bought can you have the money put back in my account?,request_refund
tr_3c0f691de9,There are automatic debits on my account that I did not make.,direct_debit_payment_not_recognised
tr_66d7ba8a13,I was charged a hidden fee when I paid with card.,card_payment_fee_charged
tr_e1ae2b725b,"Last Saturday, I was charged extra for the exchange rate on my payment. Is something wrong?",card_payment_wrong_exchange_rate
tr_223dedc6dd,I was declined when I tried to take out cash!,declined_cash_withdrawal
tr_97583bc9b3,Is there a problem with my account? When I tried to withdraw cash at an ATM I was denied.,declined_cash_withdrawal
tr_b6ec5af5ff,I would like to verify my source of funds.,verify_source_of_funds
tr_8481c7a525,"Which card would I get, Visa or Mastercard?",visa_or_mastercard
tr_9ac6b2107c,"I have a cash withdrawal that says it's pending, why?",pending_cash_withdrawal
tr_fecc6b650e,Is there a charge for getting my money?,top_up_by_bank_transfer_charge
tr_0ccaf5b2b6,How do I see my updated balance after I make a cheque or cash deposit?,balance_not_updated_after_cheque_or_cash_deposit
tr_bbf7eef3fd,What on earth is up with the exchange rate! This should have been a much higher amount of cash,wrong_exchange_rate_for_cash_withdrawal
tr_a383bfb267,How are exchange rates determined?,exchange_rate
tr_9c9aed811f,I need help- I got mugged yesterday and they took everything so I can't use the app.,lost_or_stolen_phone
tr_d949d67023,How do i set up auto top-up?,automatic_top_up
tr_711d5d8afe,I left my card at a restaurant and now its missing.,lost_or_stolen_card
tr_7d1f135556,I shouldn't be charged any fee for transferring .,transfer_fee_charged
tr_de481b5d26,how do I speed up identity verification?,why_verify_identity
tr_5cb409c5f4,Will I get charged for sending out more cards?,getting_spare_card
tr_29cd2a532d,The purchase I made is still pending.,pending_card_payment
tr_97af71b799,"My statement shows a 1£ purchase pending. I do not remember making this purchase, please let me know what this is about.",extra_charge_on_statement
tr_57385c9489,Where can I use my card to pay?,card_acceptance
tr_3ec02623bf,"I am dissatisfied, I would like to close my account.",terminate_account
tr_f77a04cb5f,Can I change my pin at a cash machine?,change_pin
tr_f1a23eaa4a,What do I do if I lost my phone?,lost_or_stolen_phone
tr_7df7e71e7f,Why would a transfer to an account not be allowed?,beneficiary_not_allowed
tr_fb29f2dd47,I was trying to purchase some crypto and the app won't allow me to do it. What's the deal with this? I really wanted to complete the exchange.,beneficiary_not_allowed
tr_dd7396f8cc,"Needed gas, been delayed for half an hour.Please fix it!",pending_top_up
tr_225acbb652,My card payment says pending and it hasn't changed,pending_card_payment
tr_0b5a68ba9f,"There is an extra charge on my account I didn't authorise, it's just £1, what is it?",extra_charge_on_statement
tr_c89865f54e,What if I want to add a card I already have to the app?,card_linking
tr_9526886c1b,"I am waiting on this refund, hurry up.",Refund_not_showing_up
tr_010e4b10a5,"I was trying to make a transfer and got an error message telling me it was not possible to make the transfer. This has never happened before, what happened?",beneficiary_not_allowed
tr_de6b14cd29,Why hasn't my balance been updated from the check deposit I made?,balance_not_updated_after_cheque_or_cash_deposit
tr_6fa35b348e,Why hasn't my payment shown up yet?,pending_card_payment
tr_587f7e4de3,My cash withdrawl has the wrong rate of exchange.,wrong_exchange_rate_for_cash_withdrawal
tr_0ddd782a39,Tell me if there is a limit to top-up.,top_up_limits
tr_4183207885,Why wasn't my top-up accepted and where did that money go? At first it said it was confirmed but now I can't find it.,top_up_reverted
tr_cdcdae5052,How will I receive my PIN?,get_physical_card
tr_cfec6c0d28,The card can be used at which ATMs?,atm_support
tr_4e83fa64bc,Will I be charged an extra fee if I need to exchange currency?,exchange_charge
tr_68c33d7d69,How do I add my new card to the app?,card_linking
tr_f06e29d28e,I need to cancel a transfer I made.,cancel_transfer
tr_19f3d2783d,When will my top up process?,pending_top_up
tr_0aaee0dbeb,I think I got charged twice for the same thing,transaction_charged_twice
tr_7f2c41f26d,I looked on the app and it says I withdrew cash.  I didn't!,cash_withdrawal_not_recognised
tr_29b382c342,Can you explain why I was charged extra when I used the card?,card_payment_fee_charged
tr_9edb83f4e4,Can you tell me where to go to get a disposable virtual card?,get_disposable_virtual_card
tr_d8cab8501c,What type of card can I get?,visa_or_mastercard
tr_c5e5ed3f93,I need to move money to another beneficiary. Why is it not working?,beneficiary_not_allowed
tr_6e23011ab5,Why have I not received a virtual card yet?,getting_virtual_card
tr_39d046fa99,"I tried to take out some money from an ATM earlier today and it was declined. Looking on my screen now, I still see that it's pending for that amount. I didn't actually get that money, so I don't want it processed on my account.",pending_cash_withdrawal
tr_c89d2ce0b0,Why didn't my payment process,pending_card_payment
tr_a372c82d47,How do I get my money back for something I bought?,request_refund
tr_6721498f98,How did you guys get your exchange rate?,exchange_rate
tr_346b7f5684,Is exchanging currencies one of your app services?,exchange_via_app
tr_424aed8516,My transaction has not been received. When are you going to process it?,transfer_not_received_by_recipient
tr_3c32f0ba8e,Will my card be a MasterCard or a Visa?,visa_or_mastercard
tr_e70ba8dce0,I punched in the wrong pin too many times and I'm locked out.,pin_blocked
tr_a543d427f6,Which establishments will accept my card?,card_acceptance
tr_9e4de9371a,What was I charged a fee for card payment?,card_payment_fee_charged
tr_d4a705a716,"I am traveling, what can I do to set up auto top-up?",automatic_top_up
tr_18a9b3dc8a,"hey, I think someone stole my card numbers. There is a purchase showing up on my app from a store pretty far away from me.. I really need that money back to pay my rent.",direct_debit_payment_not_recognised
tr_546a1e9814,Does this app allow currencies to be exchanged?,exchange_via_app
tr_d7203369ee,How long is the wait for a money transfer to show up?,pending_transfer
tr_baceaa3ab1,How will I know when I get my refund?,Refund_not_showing_up
tr_b141e73d85,Can you please sort out your top up? I need this to go through asap because I really need the money. It's already been pending for an hour.,pending_top_up
tr_9dc27db7e0,What countries do you operate in?,country_support
tr_6272ed5b10,"What do I do with my ""decline"" message on a transfer?",declined_transfer
tr_f4c1e77487,I can't add any more money.,top_up_failed
tr_56d044041a,I thought you guys offered free transfers. Why was I charged?,transfer_fee_charged
tr_0e5fb65b88,Can I top up my account with a check?,top_up_by_cash_or_cheque
tr_f6749e5eda,Is there a way to modify my details?,edit_personal_details
tr_d309bf295d,I have a fee listed for a transfer.,transfer_fee_charged
tr_6547c65c7c,I need information explaining why my top-up failed to go through,top_up_failed
tr_8a5820dc70,top up with credit card,topping_up_by_card
tr_f455921c71,I was unable to transfer money to a beneficiary.,beneficiary_not_allowed
tr_f13f8f2b72,My wallet is empty even though I topped it up an hour ago.,topping_up_by_card
tr_026787f94f,How can I get my Google pay top up to work?,apple_pay_or_google_pay
tr_cf43e7fc41,How can I obtain a virtual card?,getting_virtual_card
tr_e5ad3ef84b,"The transfer keeps failing - I tried to transfer some money to friends this morning but it keeps getting rejected for some reason, I have no idea why",failed_transfer
tr_8c1ccd1dd8,Looks like my top up failed.,top_up_failed
tr_52cb25f55e,Can I let other people have access to my account in order to top up?,topping_up_by_card
tr_7e5587fe95,What types of fiduciary currencies are supported for tenure and exchange?,fiat_currency_support
tr_4b1b34ebc0,I don't understanfd how to top up,topping_up_by_card
tr_ec11ef7f1c,I'm still waiting on my identity verification.,unable_to_verify_identity
tr_3bb854ce72,"If I want to add funds to the account using American Express, how do I do that?",supported_cards_and_currencies
tr_878edca8cc,I made a mistake and performed a transaction on the wrong account!,cancel_transfer
tr_b3cf255274,"So, I was just charged for my recent ATM withdrawal and any withdrawal prior to this has been free. What is the issue here?",cash_withdrawal_charge
tr_da1d915d14,Does it cost anything and how long would it take to get a card if I need a new one? My card is about to expire.,card_about_to_expire
tr_0cd2d6853d,My card payment has been stuck on pending. What is the problem? It should have gone through by now.,pending_card_payment
tr_a9a5cdba49,How do I change to AUD from GBP?,exchange_via_app
tr_840d224b6b,What is the $1 transaction on my account?,extra_charge_on_statement
tr_842280f4c1,Why did my payment get declined?,declined_transfer
tr_a6092490f8,Can i use this card at any store?,card_acceptance
tr_7d482fdaa0,"I would like to track a card sent to me, how do I do that?",card_arrival
tr_0f2749622d,Does it cost anything to top up?,top_up_by_card_charge
tr_9ca0bb28c0,Why isn't a refund showing on my statement?,Refund_not_showing_up
tr_f11094d964,I've got charges on my account I did not authorize. Can I get this money back from the last couple of days that it's been coming out? I also need to freeze my card.,card_payment_not_recognised
tr_afcb715b38,Can I order a new card by phone?,card_about_to_expire
tr_0417e15b5f,I can't find out how to top-up my account using cash.,top_up_by_cash_or_cheque
tr_09040a4a1d,The cash I wanted wasn't there.,wrong_amount_of_cash_received
tr_a9df4012b3,Can I get a refund?,request_refund
tr_ddb134a383,There was a charge made on my card from a couple weeks ago and I don't remember making the purchase. Nor do I remember the company itself. Can we trace this at all to confirm if I did it or not?,direct_debit_payment_not_recognised
tr_18371891a1,I am yet to receive the money in my account how long will this take?,transfer_timing
tr_9eb40929a4,I didn't get my card back from the ATM.,card_swallowed
tr_4e7782b732,My purchase used the wrong exchange rate,card_payment_wrong_exchange_rate
tr_05f47dc479,How do I query a payment on my card? It looks like I have paid for the same thing twice.,transaction_charged_twice
tr_01a66c8e87,What is this fee showing up in my account for?,card_payment_fee_charged
tr_6d9ec15dc4,When will my returned transaction show up on my account?,Refund_not_showing_up
tr_deec32fae8,My cash withdrawal was short.,wrong_amount_of_cash_received
tr_8fab4c6c7f,Help!  In the app there is a direct debit that I don't remember.,direct_debit_payment_not_recognised
tr_af0744f36d,"I made a transfer and the receiver said an amount was received, but not exactly the same as the right amount. I now have to transfer more to get the remainder to the receiver. Can you alert me about this. What's been happening?",transfer_fee_charged
tr_926faf6de7,Will I receive all the money sent to my account by SEPA transfer?,top_up_by_bank_transfer_charge
tr_93c0a16699,Have you started charging for cash withdrawals? I always thought it was free until I noticed this fee. How much is the fee?,cash_withdrawal_charge
tr_aafeb3fc33,I put the wrong pin too many times and now it is blocked. Can you help me unblock it?,pin_blocked
tr_99a249c143,"Why is my transfer appearing as ""pending""?",pending_transfer
tr_3326557d6c,I need some help now please! There are some transactions on my account that I do not remember purchasing. Can they be reversed? Can you please cancel or freeze my card so I don't keep getting charged?!,card_payment_not_recognised
tr_be1a9d2890,I just got my new card and tried using it and it was declined?,declined_card_payment
tr_d4fc4138ff,Is it possible to have an item refunded?,request_refund
tr_fc26436d34,"Why do you keep declining my transfers? it's always been working really well so far but when I tried to buy something just now the card got declined, I tried couple of times already  but same thing is happening.",declined_transfer
tr_94c48e6d7d,Do I have to manually top-up my account each time or will it do it on its own?,automatic_top_up
tr_37626db20b,How much will I be charged for a cross-currency exchange?,exchange_charge
tr_2809801aec,The wrong exchange rate was applied to me while pulling out cash.,wrong_exchange_rate_for_cash_withdrawal
tr_eb2644321f,What is the charge for receiving a SEPA transfer?,top_up_by_bank_transfer_charge
tr_92a38bf88f,explain the virtual card,getting_virtual_card
tr_dd53b20cab,I sent money to my family last Friday but they don't have it.,transfer_not_received_by_recipient
tr_f0987b61cb,"I was charged a transfer fee, why is that?",transfer_fee_charged
tr_55f3f5a69e,Is there a charge for receiving money?,top_up_by_bank_transfer_charge
tr_28ab1df643,Why does my transfer keep generating an error message?,beneficiary_not_allowed
tr_2fe341e445,I am having trouble activating my card.,activate_my_card
tr_38520fb4ab,"I want to add money to my card, what payments do you accept?",supported_cards_and_currencies
tr_ba58ad0d7a,Not sure what my password is.,passcode_forgotten
tr_fe384bc31a,Why hasn't my friend received the transaction?,transfer_not_received_by_recipient
tr_b8be12de46,Why has my money disappeared? I topped up earlier and seen it was there and had went through. What seems to be the problem?,top_up_reverted
tr_0bbe2f389c,Do you guys have any age restrictions?,age_limit
tr_8c8453395d,"There are a few transaction that I don't recognize, I think someone managed to get my card details and use it.
",compromised_card
tr_236e653656,Someone stole my wallet with my card in it while vacationing in Spain. I really need my card blocked and a new one ordered.,lost_or_stolen_card
tr_b8684fd330,"I need multiple cards per day, and they all have to be disposable.",disposable_card_limits
tr_377076799b,I requested for a top-up but it has not reflected,top_up_failed
tr_aae4adeba3,Why isn't my refund on my statement?,Refund_not_showing_up
tr_586c6d78bf,When will my pending payment finish?,pending_card_payment
tr_1f4765f331,If I have a physical card can I link it?,card_linking
tr_056afc7e77,I'm trying to purchase crypto via the app. I haven't been able to get it to go through. Am I doing something wrong?,beneficiary_not_allowed
tr_af4b18ab52,Why would my card payment be cancelled?,reverted_card_payment?
tr_546689ad97,"I would like to re-activate my card, it was previously reported  lost but I found it this morning.",card_linking
tr_d609fcad31,Do you offer account services for children and teens?,age_limit
tr_4bb1b46d3d,I tried activating my plug-in and it didn't piece of work,activate_my_card
tr_ec1825e031,"phone is gone, dont want others to access account information",lost_or_stolen_phone
tr_6dd279ba6d,I'd like like to know where I can order a virtual card?,getting_virtual_card
tr_a17f484d5c,Is there a way to reset the passcode?,passcode_forgotten
tr_9e16aeaf13,when does my balance update for a transfer,balance_not_updated_after_bank_transfer
tr_c60e4b02ef,Are there any reasons that my identity wouldn't be accepted even though everything I've provided is factual?,unable_to_verify_identity
tr_14cf6d35a7,"Hi need your help for getting the refund or cancel the payment of an item, i have ordered but still have not received it.",request_refund
tr_499ae7bb95,The money disappeared after I topped up my account.,topping_up_by_card
tr_0e5df5abad,Can I use your app to exchange USD for GBP?,exchange_via_app
tr_449d5ae49b,I have one other credit card from the US. Do you take that?,supported_cards_and_currencies
tr_734c764a27,"After inputting the wrong pin too many times, can you now help me unblock my pin?",pin_blocked
tr_d4895fe9f9,"Hi,  One of payment is still coming as pending for which i have already paid by card. I guess it did not processed, could you please check and update me.",pending_card_payment
tr_46dad4008f,I did not get the right exchange rate while getting my cash out.,wrong_exchange_rate_for_cash_withdrawal
tr_3602fc5284,Can I deposit money using Apple Pay?,apple_pay_or_google_pay
tr_061e0c196d,How do I activate a card?,activate_my_card
tr_c32d11d37b,I need a new PIN number.,pin_blocked
tr_120d2a1a22,What currencies does google pay top up accept?,apple_pay_or_google_pay
tr_67906b28a5,How old does my daughter need to be to have her own account?,age_limit
tr_0e24cd4f88,What businesses accept this card?,card_acceptance
tr_52b5ded880,How do I verify my new card?,activate_my_card
tr_4419c6d5bb,What is the process when my card is due to expire?,card_about_to_expire
tr_bcbf2dbcd9,Do you only use Visa or do you have Mastercard too?,visa_or_mastercard
tr_9da86c70d8,the bank transfer was declined,declined_transfer
tr_77a04dc944,what is the exchange rate when i get cash,wrong_exchange_rate_for_cash_withdrawal
tr_465390bfd3,How do I check security settings using the app?,card_not_working
tr_e2d7337b58,"I did a payment with my card but seem that didn't work, it's still listed as pending since a while ago. When does this actually go through?",pending_card_payment
tr_52d05a54a3,I'm in China and really need a new card.,card_about_to_expire
tr_7071bb7894,I am inquiring about why there was an extra fee charged when I used an ATM.,cash_withdrawal_charge
tr_ad36deb5ac,I'm not sure why the card payment didn't work.,declined_card_payment
tr_076ff78f2e,Explain why my top up has been reverted please.,top_up_reverted
tr_ef1971b5cc,What if I need to use GBP instead of USD?,exchange_via_app
tr_0ab5bcf6fa,Am I limited to what ATM I can use my card?,atm_support
tr_da00fc683c,I want to see what this fee is on my card payment.,card_payment_fee_charged
tr_4298d02134,What are the currencies that are accepted to add money?,supported_cards_and_currencies
tr_af9764c396,How can I fund another account with my American Express?,supported_cards_and_currencies
tr_1ce07c7483,How do you decide what the exchange rates are?,exchange_rate
tr_c7e931d1df,I see a cash withdrawal in the app that I did not do.,cash_withdrawal_not_recognised
tr_dd1bdbfcca,What should I do?  I topped off but the app reversed  it.,top_up_reverted
tr_d8e244e265,Can I schedule future top ups?,automatic_top_up
tr_46c784036f,"i received my American Express in Apple pay, why is top up not working?",apple_pay_or_google_pay
tr_5ae152134e,I want my card frozen right away. Money was taken out in an odd location I have never heard of.,cash_withdrawal_not_recognised
tr_26e6fd8731,Do I need to order a new card before it expires?,card_about_to_expire
tr_be4b5da8c2,what currencies can i exchange between on your app?,exchange_via_app
tr_5ee58da620,Why can't I complete the transfer?,failed_transfer
tr_53d30cfbf3,How do I link one of your card that I already have?,card_linking
tr_91dc3fb9da,How can I change to my married name?,edit_personal_details
tr_9029a4e73d,I think a fee was applied for paying with a card.,card_payment_fee_charged
tr_896af62590,I am trying to find out how to exchange currency X with currency Y.,exchange_via_app
tr_33cdee74ac,Please help me!  My physical card isn't working right.,card_not_working
tr_9db35c47d1,I haven't received the cash from the check I deposited.,balance_not_updated_after_cheque_or_cash_deposit
tr_c5e917bb7f,I don't have any idea what's going on but all of my transfers keep getting declined. I have double-checked over all of my recipient names and they are correct.,declined_transfer
tr_092207854c,I can't see all the refunds in my statement,Refund_not_showing_up
tr_b69761fb0b,Do you send duplicate cards?,getting_spare_card
tr_74cccd0f01,Hi. I noticed I have a duplicate charge which I have not made twice. Who should I talk to take care of this?,transaction_charged_twice
tr_1582641313,"I lost my card, what do I do now?",lost_or_stolen_card
tr_b4278a13ca,I don't appreciate the extra fees being siphoned from my account. I was helping some friends move to Japan and we were buying home decorations at the local stores. The  receipts differed greatly from what showed up in my bank account and my statement. When can I expect the extra fees to be back in my account?,transfer_fee_charged
tr_171309a69d,Is it really necessary to verify my Identity?,why_verify_identity
tr_7075a99513,Help! My card isn't working at the ATM and I know I used the right PIN. Trying to get my money.,declined_cash_withdrawal
tr_d9fe622af7,How to unblock my PIN?,pin_blocked
tr_42f661d78d,Where do I go to add a new card?,card_linking
tr_8fd1a41fae,Please delete my account and personal information.,terminate_account
tr_86a0de50fd,How do I find the top-up verification code?,verify_top_up
tr_f0a8d4a516,When will I receive a transfer from europe?,transfer_timing
tr_2f7af0d5fc,I just got my card.  It's not linked yet--how do I do that?,card_linking
tr_9dca829aa5,Why has my top-up been returned to my account?,top_up_reverted
tr_3c4bd83d4f,Is it possible to order another card?,getting_spare_card
tr_4cc752f7e2,My card is due to expire,card_about_to_expire
tr_dfe4bc5a3c,I need to change my home address.,edit_personal_details
tr_2b79839ee5,There was an extra fee when I was at the ATM.  Why?,cash_withdrawal_charge
tr_60a73fe0d5,Can my password be reset if I do not have it?,passcode_forgotten
tr_b54341708e,I don't have a virtual card - how do I get one?,getting_virtual_card
tr_92be5d6d0a,How do I know which payments I make will have additional fees? Where can I find this information online?,card_payment_fee_charged
tr_3c3a22ce31,My card payment's cancelled,reverted_card_payment?
tr_88391b3b1c,"My card still hasn't arrived after two weeks, now what?",card_arrival
tr_a6bbcda315,i cannot get virtual card to work,virtual_card_not_working
tr_546a766844,"I cannot find my phone, what should I do?",lost_or_stolen_phone
tr_30c6448f3e,The app doesn't think it's me.,unable_to_verify_identity
tr_3d02d41700,"How long should a transfer normally take to process completely? I have a friend that needs it right away, but it's already been 2 hours and she hasn't received it.",transfer_not_received_by_recipient
tr_d1a1090861,Does this program take SWIFT transfers?,top_up_by_bank_transfer_charge
tr_40204f613d,People are using my debit card - help!,direct_debit_payment_not_recognised
tr_5b35e48f7d,The ATM kept my card?,card_swallowed
tr_8d52c815d1,My cash deposit hasn't posted to my account.,balance_not_updated_after_cheque_or_cash_deposit
tr_6a77a4f0f0,How do I reactivate my card?,card_linking
tr_ed307c3215,Please provide currency exchange rates,exchange_charge
tr_ce9e299846,What are the top up fees for using an European bank card?,top_up_by_card_charge
tr_d379d25f83,Can you tell me why my top-up failed?,top_up_failed
tr_b12270691f,What do you do to transfer money to my account?,transfer_into_account
tr_ba955194e3,How long before a bank transfer shows up in the account?,balance_not_updated_after_bank_transfer
tr_10d43f9331,They is a payment I don't recognize on my statement.,card_payment_not_recognised
tr_5b6319a520,If I don't have all my documents can they still verify my identity?,verify_my_identity
tr_9be73b9f34,Why is the exchange rate for my payment incorrect?,card_payment_wrong_exchange_rate
tr_3375003cec,I set up a payment to a new payee and sent some money but the person I'm sending it to has not received it.  Can you check where the money is?,transfer_not_received_by_recipient
tr_fd6122efab,I would like to track the card you sent to me.,card_arrival
tr_b406cd0340,When I got cash I believe that the exchange rate was wrong,wrong_exchange_rate_for_cash_withdrawal
tr_8084d8884a,I made a transfer recently but it has not changed on my dashboard.,pending_transfer
tr_6c3619ff1a,I can't see a transfer to my account I made.,balance_not_updated_after_bank_transfer
tr_a206202a53,Can you tell me why my transfer is failing and help resolve?,failed_transfer
tr_fb46f06276,Why hasn't my ID been verified?,unable_to_verify_identity
tr_5a43d49f9f,I am still waiting on my card?,card_arrival
tr_7b4e2f91ed,"I need some money transferred ASAP, how long does the process take?",transfer_timing
tr_b91bfb2a2a,I live in the US and I would like to get a card. How do I go about getting one?,country_support
tr_97e693c767,"There's a €1 fee on my statement, why?",extra_charge_on_statement
tr_09feeda0d9,Can I reset the passcode?,passcode_forgotten
tr_0b25804ba2,Are there limits on the virtual cards?,disposable_card_limits
tr_525716f3c8,In which countries can I get a card?,country_support
tr_966afbcf14,I think somebody made an unauthorized copy of my card.  My account has a cash withdrawal for 500£ that I did not make.  Please help.,cash_withdrawal_not_recognised
tr_32670c0ba4,How old do my kids have to be use this?,age_limit
tr_cfadd7f953,Do you have a tracking number for the card I was sent?,card_arrival
tr_62778e1b6d,Can you tell me how transferring money into my account works?,transfer_into_account
tr_3498edc918,What currencies do you offer?,fiat_currency_support
tr_ac1ce7253f,Where do I top up?,top_up_by_cash_or_cheque
tr_9d44cd0181,Could google pay and top up be together?,apple_pay_or_google_pay
tr_56ee061a38,Where is this card accepted?,card_acceptance
tr_920f52af5b,My Google pay top up isn't working.,apple_pay_or_google_pay
tr_cdd75a8c13,What are the steps to finishing up with this account?,terminate_account
tr_cca3580928,I found the card I thought I lost this morning. Can I reactivate this card?,card_linking
tr_50e5d37254,Can I deposit a check?,top_up_by_cash_or_cheque
tr_5fa81b5b26,What does it mean to have a pending cash withdrawal?,pending_cash_withdrawal
tr_48b0ec9b83,Can my salary be received and transferred to my current currency in my country?,receiving_money
tr_69ad3c5664,Is there a cost to receive money?,top_up_by_bank_transfer_charge
tr_c3a570b471,help me link my card,card_linking
tr_4f0512ce2c,Please provide me a list of ATMs that accept my card.,atm_support
tr_0cfa933c7d,Is there a way to top-up when it reaches a certain balance?,automatic_top_up
tr_f44bffa2bc,How long will this take to get to me?,card_delivery_estimate
tr_8da3f7fabb,How can I configure what currency my salary is in if it's in GBP?,receiving_money
tr_f39af55108,"Did you lose my money? I had added funds through top-up not long ago and I know they were in my account, but they seem to have disappeared. What happened?",top_up_reverted
tr_79faac9f0b,What currencies do you accept for adding money?,supported_cards_and_currencies
tr_b4a536f753,My app shows a money withdrawal that I did not do.,cash_withdrawal_not_recognised
tr_f01b228fa0,I would like it if I could get an item refunded,request_refund
tr_3d031cfaa7,An incorrect exchange rate was applied to an item I bought.,card_payment_wrong_exchange_rate
tr_ae9ea2e0b0,How do I edit my personal details?,edit_personal_details
tr_c970eed2f2,Can I pay online with my card?,card_acceptance
tr_1fa084a7bd,Are there restrictions on disposable virtual cards?,disposable_card_limits
tr_f678bdeb5a,I noticed a different charge while I was taking my money out.,cash_withdrawal_charge
tr_0157477e50,Transfer declined.,declined_transfer
tr_ab92616026,How much can I top up in a day?,top_up_limits
tr_07dc34b57c,Do I get  a mastercard and visa?,visa_or_mastercard
tr_16a09952a7,Do you provide cards to people not in the UK?,country_support
tr_9403d36265,Why was my top-up rejected?,top_up_failed
tr_dceabbbd45,"I purchased something while traveling, and the exchange rate applied was wrong.",card_payment_wrong_exchange_rate
tr_e33ed0e167,I needed $100 but all it gave me was $20.,wrong_amount_of_cash_received
tr_b605b57557,Why is there a direct debit payment on my statement that I didn't do?,direct_debit_payment_not_recognised
tr_42da4523f4,I need help with understanding why my card is not working.,card_not_working
tr_8ce710b9b2,I haven't received my card and am worried it is lost.,card_arrival
tr_9d9aedd665,"In regards to top-ups, can I do them via Google Pay?",apple_pay_or_google_pay
tr_9c291d1e5f,Why has my top-up been denied?,top_up_failed
tr_3d6e42db2d,My refund for a purchase hasn't  cone through yet.,Refund_not_showing_up
tr_0cffc408d7,My card did not work at store.,declined_card_payment
tr_9b3b1c59d9,I have a fee and I don't know why,card_payment_fee_charged
tr_dd75429a8a,I would like to pay by cheque.,top_up_by_cash_or_cheque
tr_b747430349,It kept my cash,wrong_amount_of_cash_received
tr_56e5fdfeb5,What is a pending cash withdrawal?,pending_cash_withdrawal
tr_ce471f32db,Could you please tell me how to activate my new card?,activate_my_card
tr_f08ae736f5,I'd like to open an account for my children. How can I do that?,age_limit
tr_d77996963f,"There was money taken out of my account, and I'm pretty sure I didn't do it.",cash_withdrawal_not_recognised
tr_198bd8c60d,What is needed for identity verification?,verify_my_identity
tr_dc7a926e87,can I have multiple currencies?,fiat_currency_support
tr_6d1c0af8e7,How can I open an account for my children?,age_limit
tr_810712c988,"Hi, Today i have tried to make payment by my new card, but payment got declined many times. I am very disappointed, please look into this.",declined_card_payment
tr_0c6a8c5394,I think my top up is still pending?,pending_top_up
tr_7b4f6a924a,I got a message that my transfer was declined.,declined_transfer
tr_5408446fe6,How do I change to a different currency?,exchange_via_app
tr_2252f52a05,"I had a duplicate card and bought something and it showed up twice. I canceled my card, how do I get my money back?",transaction_charged_twice
tr_2c2518a486,Why has my top-up not worked?,top_up_failed
tr_513326d77c,"If there isn't a lot of money left, will it automatically top-up money?",automatic_top_up
tr_3b2fd9f79f,In the app I see a direct debit that I don't recognize.,direct_debit_payment_not_recognised
tr_430250964b,A direct debit payment that I didn't authorise shows up in my app.,direct_debit_payment_not_recognised
tr_733c8785cf,The cash I got at the ATM is still in my account.,pending_cash_withdrawal
tr_5b180da5da,How long does it take for a pending cash withdrawal?,pending_cash_withdrawal
tr_23f3753072,My card is not working.,card_not_working
tr_c09f05da5c,How can I fix my bank transfer to show up on my bank account?,balance_not_updated_after_bank_transfer
tr_3c0076dde0,why hasn't a transaction to a friend cleared yet?,transfer_not_received_by_recipient
tr_7a1f7d0e62,What is the reason I couldn't do a transfer to a beneficiary?,beneficiary_not_allowed
tr_acefdcd33f,Where do i go to receive a virtual card,getting_virtual_card
tr_3ee8671e3d,I need my purchase cancelled.,request_refund
tr_c92cee87bd,How come I have pending transfers?,pending_transfer
tr_7a2f4320c3,Can I get a refund on an item?,request_refund
tr_ef67d131ac,Verifying top-up cards necessary?,verify_top_up
tr_70c61ec7e5,I just got married and I need to change my name,edit_personal_details
tr_e5ece39b13,How can I stop someone from using my card after I lost it yesterday.,lost_or_stolen_phone
tr_d8899f27d8,"Hi, can you tell me why my transfer keeps being rejected? I've been trying to send money to my friends this morning but failed every time and I have no idea why?",failed_transfer
tr_056eb9bd93,Can you please inform me of the restrictions for the disposable cards.,disposable_card_limits
tr_7a9a02c3e7,Which merchants accept my card?,card_acceptance
tr_78e51d363b,I want to apply for a Visa card.,visa_or_mastercard
tr_3da529894d,I'm going to cancel a purchase.,request_refund
tr_11fa2ddd9a,I only got some of the cash I requested from the ATM,wrong_amount_of_cash_received
tr_b1f04c2c94,Is there a way to find an ATM around me?,atm_support
tr_78ba4b4a6f,When will I get my money? It's been too long.,transfer_not_received_by_recipient
tr_0548bf05bf,How long do I have to wait for the transfer to be finalized?,pending_transfer
tr_50a3297caa,I think someone stole my card because I can't find it.,lost_or_stolen_card
tr_b2255ac06a,Why is there an identify check?,why_verify_identity
tr_f56c12e71c,Who can send me money?,receiving_money
tr_0eb20a7132,Could you please freeze my card immediately?,lost_or_stolen_card
tr_a27e721d7a,My card payment is showing pending however this transaction was a couple of days ago. Is there a reason why it it still pending?,pending_card_payment
tr_a9b1b49a7c,I need to change my contact information.,edit_personal_details
tr_f9a52551d8,Where can I find your exchange rates?,exchange_rate
tr_191b38c3cc,Is there a reason behind why my transfer did not work?,failed_transfer
tr_206bc8726a,How does someone else top up my account,topping_up_by_card
tr_f96c379957,I added money but my top-up wasn't processed by the app.,top_up_failed
tr_b3f2d28124,Just today there was a purchase on my card that wasn't done by me. Can this be reversed and my card be frozen? I can't have this continue!,card_payment_not_recognised
tr_111a0909f3,Can you change my currency to EUR?,fiat_currency_support
tr_af3c5b2106,I transferred money but the balance hasn't changed.,balance_not_updated_after_bank_transfer
tr_d1e564efab,I can't find the virtual card,getting_virtual_card
tr_c9f6db17c9,"If I lost my phone, how can I stop someone from accessing my account through the app?",lost_or_stolen_phone
tr_1841843827,I need to dispute a direct debit.,direct_debit_payment_not_recognised
tr_4b095258d5,What is the charge for using a Top up card in the US?,top_up_by_card_charge
tr_ceb6d7420a,How do I report possible fraudulent activity on my account?,compromised_card
tr_04121606cb,What is this cash withdrawal I don't recognize?,cash_withdrawal_not_recognised
tr_ac2be50bb3,Why would my top up be reverted?,top_up_reverted
tr_0ca65aa6d3,"I want a refund, but I haven't received the item yet. Can I cancel it and get my funds back? How do I do that.",request_refund
tr_07d5d56503,I could not access my money at the ATM,declined_cash_withdrawal
tr_b1f93d40cb,I had a decline on my card. Why?,declined_card_payment
tr_7148b6df85,I would like my card activated.,activate_my_card
tr_a72b6648a9,"Hello, I trying to top up with my card today but it didn't work. When I tried last time it worked but today it isn't. Could you take a look at it for me?",top_up_failed
tr_9c0ea6b13e,My top-up is taking a while to process!,pending_top_up
tr_7aeb8f63b5,I do not see the money I transferred into this account,balance_not_updated_after_bank_transfer
tr_7c0f03c7ac,Why can't I see the top up I made?,topping_up_by_card
tr_6ec63cf674,How can I go about getting a refund?,request_refund
tr_7ecab25943,I see a fee that I think was charged because I paid by card.,card_payment_fee_charged
tr_20fc24bdbd,How do i verify my card?,verify_top_up
tr_ead1f3b3d5,I cannot get my disposable virtual card to work,virtual_card_not_working
tr_390f797445,I think I may have been charged $1 extra on my app.  Could you provide some insight as to why this may have happened?,extra_charge_on_statement
tr_baf2c45b4c,Why would a merchant revert my payment?,reverted_card_payment?
tr_869a5cef6a,What countries can I use the card in?,country_support
tr_47baea1fec,I am wondering if International Transfers take longer. I a made a transfer from France two days ago and believed it would be here already. Please let me know when I will get it!,balance_not_updated_after_bank_transfer
tr_55a6a2eda2,What steps do I have to take to activate my card?,activate_my_card
tr_a1909e9a61,Why was I blocked from withdrawing from the ATM?,declined_cash_withdrawal
tr_1b75bee035,Someone that I had to send money to told me that they didn't receive the full amount I sent them - can you look into this?,transfer_fee_charged
tr_8dc9cbf016,How soon do cards arrive after I order them?,card_delivery_estimate
tr_5ccfeb6426,Why is the exchange rate different on my recent purchase?,card_payment_wrong_exchange_rate
tr_fd9a9ba1d0,The machine gave me the wrong amount of cash.,wrong_amount_of_cash_received
tr_7c93243ebf,"Hello, there was an error while attempting top-up with my card this morning. I was able to use the card two days ago with no issues. Could you please assist?",top_up_failed
tr_7218c309d1,"I'm not sure why my payment has been declined? Please tell me why, I thought it was all good.",declined_card_payment
tr_719b1e63b4,Do you have the best exchange rate?,exchange_rate
tr_266f0a170d,"My phone is lost I don't want someone to use my account, what can I do?",lost_or_stolen_phone
tr_be751e19db,Are there any specific cash machines that I have to go to in order to change my PIN?,change_pin
tr_7c5fd6aa2b,Is there an age limit for opening an account?,age_limit
tr_8226e17ded,How are cash withdrawals pending?,pending_cash_withdrawal
tr_88b72581f2,"There are a couple payments with my card shown in the app that i really make myself. What's going on with this, maybe someone has access to my card?!",card_payment_not_recognised
tr_61bbe33a72,"Hi, I was at a restaurant later the week and when I went to look at my account I noticed that I got charged twice. I would like to get my money back from one of those transactions.",transaction_charged_twice
tr_da7e019ef6,"I recently purchased something, and the exchange rate was wrong.",card_payment_wrong_exchange_rate
tr_5a7b0d975c,A fee shouldn't apply to me if my card was stolen.,lost_or_stolen_card
tr_d8bd5fdeac,My exchange seems to have something wrong with it. I changed over Russian Ruble to UK pounds and it appears I was charged way more than I was supposed to be.,card_payment_wrong_exchange_rate
tr_b1c9014592,Explain top-up cancellation,top_up_reverted
tr_f434ed0d1f,Why did you charge me more for my purchase? It was a foreign currency and you didn't offer market rate,card_payment_wrong_exchange_rate
tr_d79d7fd80e,Does it cost to top up my card?,top_up_by_card_charge
tr_addcc35c66,I tried paying with my disposable virtual card earlier but it was rejected. What can I do to fix this?,virtual_card_not_working
tr_ea88bef341,What are the steps needed to top up with Apple Pay?,apple_pay_or_google_pay
tr_c3d911c870,Please cancel my last transaction.,cancel_transfer
tr_bdf465ff11,Could I get a MasterCard and Visa from you?,visa_or_mastercard
tr_0c150a2a67,Why did using an ATM cause me to have an extra fee charged?,cash_withdrawal_charge
tr_924f1f8bd9,When I made a cash transfer abroad the wrong exchange rate was applied,wrong_exchange_rate_for_cash_withdrawal
tr_3423ecee80,Can I revive a physical card.,order_physical_card
tr_9fb2523dba,There is a direct debit payment that I did not make.,direct_debit_payment_not_recognised
tr_d986fe3f8c,How can I reset my darned PIN number?,pin_blocked
tr_edf86058e9,I visited the ATM but got less money than what I requested. Why?,wrong_amount_of_cash_received
tr_abbb72ed57,I'm interested in learning more about disposable virtual cards.,get_disposable_virtual_card
tr_debac94de1,Can I have more disposable cards?,disposable_card_limits
tr_46456ce77c,I sent money for my rent to my landlord but she is claiming it hasn't arrived in her account  Can you trace the transfer I made to make sure it arrived so I can provide proof I sent it and that it has been deposited?,transfer_not_received_by_recipient
tr_f53d24628b,"Even though I made a cash deposit, I am not seeing it in my account.",balance_not_updated_after_cheque_or_cash_deposit
tr_8632e50261,My card payments have stopped.,reverted_card_payment?
tr_14ebab6737,My card is missing!  Help!,lost_or_stolen_card
tr_4bfe9974e2,Why am I seeing a direct debit thats not mine?,direct_debit_payment_not_recognised
tr_ff9a0b2947,"Please help me, its urgent. Someone has withdrawn money from my account as few hours before my wallet has been. Now i want to stop withdrawal of more money.",cash_withdrawal_not_recognised
tr_39f55ebf4c,can my husband open an account and transfer money,receiving_money
tr_5a99660d84,Tell me what ATMs use this card.,atm_support
tr_81ef898dbb,How can I report that my card was stolen? I made a police report first.,lost_or_stolen_card
tr_7903fe40fe,"I still haven't received my card after two weeks, is it lost?",card_arrival
tr_ae7d4256f1,I am unable to use my card.,card_not_working
tr_b36db7da3b,I didn't receive the correct amount of cash,wrong_amount_of_cash_received
tr_1cc17e5c30,Just received a message that my transfer is not possible??  What is going on.  I have done this before with no issues.,beneficiary_not_allowed
tr_a926b90274,I sent a transfer to a friend that needs it urgently. It has already been 2 hours and still hasn't come through to her. How long does it normally take?,transfer_not_received_by_recipient
tr_f9d9b04d9a,Help me cancel a transfer.,cancel_transfer
tr_c6387101aa,How long will it take for a bank transfer to show up on my account? It's been a couple hours but I havnt seen anything yet. Also it's from a UK account if that makes any difference.,balance_not_updated_after_bank_transfer
tr_7e93a530d5,My payment had a wrong exchange rate.,card_payment_wrong_exchange_rate
tr_f849d6676e,My card was stolen,lost_or_stolen_card
tr_d4b466e150,"I purchased something and already received it, why hasn't the money taken out?",reverted_card_payment?
tr_c1068001e6,My top up didn't go through,top_up_failed
tr_96b779aead,At which locations can I order a card?,order_physical_card
tr_17211ac955,Please tell me why I would have to pay a fee for a recent payment. Thanks.,card_payment_fee_charged
tr_0a0d1e2837,Is it possible to exchange currencies using the app?,exchange_via_app
tr_11645ed523,What's the problem? My card keeps getting declined for top up. I need to know what is going on.,top_up_failed
tr_556bb769e1,Where can i top my card for free?,top_up_by_card_charge
tr_5c1648b15b,Do I need a disposable card?,get_disposable_virtual_card
tr_3b46685a3c,I tried entering my pin several times incorrectly. Why isn't my pin working?,pin_blocked
tr_f9a660407e,"I keep trying to make a payment, but it doesn't work.",declined_card_payment
tr_2f367a0dda,My card was stolen last night.,lost_or_stolen_card
tr_bd5c74321e,Do you charge anything for topping up?,top_up_by_bank_transfer_charge
tr_d34e91de97,"I topped-up my account, but I don't think it went through.",pending_top_up
tr_14b36f7d48,Can you tell me where I can withdraw money?,atm_support
tr_34c6bd46c0,What can I do with a disposable virtual card?,get_disposable_virtual_card
tr_37d7c7a3c7,How do I add the card I just received to show up in the app?,card_linking
tr_ad0428c17a,What is your check-cashing policy?,top_up_by_cash_or_cheque
tr_1536921ace,My card was rejected,declined_card_payment
tr_4608d8df51,I couldn't transfer to an account.,beneficiary_not_allowed
tr_d16e38bf38,why is there a fee for a payment on my card?,card_payment_fee_charged
tr_0c804fb4b8,Can I use it outside of Europe?,country_support
tr_d54bb059d3,I have a transfer that is pending.,pending_transfer
tr_892801d615,What is the youngest age for an account?,age_limit
tr_9c18d7b627,What is the purpose for verifying my identity?,why_verify_identity
tr_0e8d8ccbca,Can I change my PIN at a nearby ATM when in Spain? I think someone saw my PIN and I need to change it but am on vacation.,change_pin
tr_fff047a967,Should my top up still be pending?,pending_top_up
tr_def5bb5211,Could you tell me why my cash withdrawal was declined?,declined_cash_withdrawal
tr_cc19e589c3,Is there a charge for SEPA transfers?,top_up_by_bank_transfer_charge
tr_cb26d76197,"My cash withdrawal is showing as pending, why?",pending_cash_withdrawal
tr_cfa2e09f24,Why was I charged an additional fee when paying with card?,card_payment_fee_charged
tr_ef361b7534,What can I expect if I use bank transfer to top up my account?,transfer_into_account
tr_efec5239c0,My top up is not working,top_up_failed
tr_15454599a3,Can I cancel a transaction?,cancel_transfer
tr_f23fd275f4,I lost my phone. What do I need to do?,lost_or_stolen_phone
tr_15afa3acd3,I'd like to discuss an order I placed quite a long time ago. I have yet to receive it and am growing upset.  I want a refund as I now refuse to pay for the product.,request_refund
tr_349871f54a,Is this card accepted by ATMs?,atm_support
tr_f8eaeb7f79,I want this fee reversed from my account.,request_refund
tr_b47de07fa2,What is the max amount of disposable cards I'm allowed.,disposable_card_limits
tr_e64e360a82,How can I tell where the money came from?,verify_source_of_funds
tr_63b895dce7,Can you tell me what currencies I can use to add money?,supported_cards_and_currencies
tr_48da702cf7,My balance was not updated with my checque or cash deposit.,balance_not_updated_after_cheque_or_cash_deposit
tr_f24ddd76e0,What top up charges are there for US cards?,top_up_by_card_charge
tr_4b928faf91,In which stores can I shop with this card?,card_acceptance
tr_b760e8f765,The top-up I ordered didn't process.,top_up_failed
tr_f2e316b328,"I'm not sure what to do about the PIN, because I don't have one yet.",get_physical_card
tr_a75da1e7c2,My card payment has the wrong exchange rate,card_payment_wrong_exchange_rate
tr_9a33d99448,Why am I not able to get cash from the ATM?,declined_cash_withdrawal
tr_564b84fb6c,How do I change my passcode?,passcode_forgotten
tr_b971e3b367,Guide me on how to unblock my PIN,pin_blocked
tr_0f07a86fbe,No Visa please. I want to continue with Mastercard.,visa_or_mastercard
tr_69bb0ca7a3,How many top-ups can be approved?,top_up_limits
tr_1c6c830f77,Where am I able to get my PIN unblocked?,pin_blocked
tr_f8940db448,How can I find an ATM that accepts this card?,atm_support
tr_57e5ef7983,Why is this payment on my app,card_payment_not_recognised
tr_22b8e8a413,I would like to have assistance with activating my card.,activate_my_card
tr_bd91075dd7,Can you do exchanges of EUR?,fiat_currency_support
tr_668731c36d,Is there a number to call to get my pin unblocked?,pin_blocked
tr_a062d08636,"Help!  I fear that my card was stolen,",lost_or_stolen_card
tr_09c6068f5a,Can you tell me why I was declined from getting cash?,declined_cash_withdrawal
tr_1a74813a35,I got a strange cash withdrawal in my statement,cash_withdrawal_not_recognised
tr_50a730eea6,Show me where to order my card.,order_physical_card
tr_269eb014e4,Do you charge for transfers?,top_up_by_bank_transfer_charge
tr_affdcda415,Can you tell me the countries you provide support for.,country_support
tr_93f15e540b,I need another card for a member of my family. Is this possible? How soon can I get one?,getting_spare_card
tr_6d24a149bc,Why did a transaction I made charge me $1?,extra_charge_on_statement
tr_6fceb3da10,Someone besides me might be using my card.,compromised_card
tr_543236dab2,why does my statement contain an extra fee?,extra_charge_on_statement
tr_5c04fb5401,Why can't I buy cryptocurrency on the app?,beneficiary_not_allowed
tr_05735fa412,I got less money than I asked for.,wrong_amount_of_cash_received
tr_c33d0df25f,I think my card is stolen!,lost_or_stolen_card
tr_2a0772a45c,What stipulations do disposable cards entail?,disposable_card_limits
tr_e99dace4e3,Can you tell me why I haven't received my new card yet?,card_arrival
tr_8cc7e79325,I received duplicate charges.,transaction_charged_twice
tr_8da11958de,"Cancel my transfer, please.",cancel_transfer
tr_7d31f1fa69,This isn't fair! I thought transfers could be made for free. I just made  a purchase online from abroad and now see some strange fee that I've never seen before.,transfer_fee_charged
tr_fb3e052372,I think I am having an issue with withdraws on my card. It was declined on the way to work this morning. This hasn't happened in the past.,declined_cash_withdrawal
tr_57d583e38b,Why was there a fee for paying by card?,card_payment_fee_charged
tr_ab72480781,I have not seen any changes in my account balance(s) after making a transfer.,pending_transfer
tr_22a86f05c3,Why isn't my cash deposit showing up in my account?,balance_not_updated_after_cheque_or_cash_deposit
tr_9e2a11f3f6,What needs to be done to activate and use a card?,activate_my_card
tr_dc07fd7a1c,What does it mean if my payment has been reverted?,reverted_card_payment?
tr_b14907ecda,How do I request a disposable virtual card?,get_disposable_virtual_card
tr_ca0c0ce597,Why am I being charged for ATM fees?,cash_withdrawal_charge
tr_7661cfa95d,What forms of ID do you need for identity verification?,verify_my_identity
tr_aa26b29336,It appears my top-ups have been canceled.,top_up_reverted
tr_27c3a2b60c,Why hasn't my transaction arrived?,transfer_not_received_by_recipient
tr_554fd0333a,Can I get spare cards?,getting_spare_card
tr_d50bfc7a34,I don't know my password anymore.,passcode_forgotten
tr_6324c095f5,Is the cash withdrawal going to show?,pending_cash_withdrawal
tr_592148360c,I believe you charged me too much to exchange my money,card_payment_wrong_exchange_rate
tr_ee088d5a59,I need my card delivered as soon as possible.,card_delivery_estimate
tr_3d356b9f5e,Hello. Can you help figure out why the recent transfer from my UK bank account isn't showing up?,balance_not_updated_after_bank_transfer
tr_bd7ee3d6bf,My account balance has not updated to reflect my recent transfer.,balance_not_updated_after_bank_transfer
tr_7855d81df7,How can I top up with my apple watch?,apple_pay_or_google_pay
tr_f450333660,Why am I not able to withdraw cash from this ATM?,declined_cash_withdrawal
tr_ed60be9e08,The refund I asked for isn't showing up,Refund_not_showing_up
tr_531689f326,What am I being charged an extra pound when I haven't bought something worth that much?,extra_charge_on_statement
tr_48508963f3,Can I use your app to exchange between USD and GBP,exchange_via_app
tr_9650843ead,"ATMs, which ones will accept this card?",atm_support
tr_31ee8e6f4f,When are you going to activate my card?,activate_my_card
tr_5a4a4c76a9,"My money has gone missing. I had recently added money in, and saw it was there and went through. Now it's missing. What is happening?",top_up_reverted
tr_0be29d17a0,"I'm going on holiday to France for 6 weeks with my family and the cat, Fluffy.  I just purchased €10,000 from a currency exchange to ensure we don't run short but there appears to be a fee.  What is this for?",card_payment_fee_charged
tr_29b3275f2c,How many transactions can be made with a disposable card?,disposable_card_limits
tr_94791c3192,"I put my check in the bank, but I haven't gotten my cash yet?",balance_not_updated_after_cheque_or_cash_deposit
tr_6d415a998c,How do I know if i need a disposable card?,get_disposable_virtual_card
tr_2fe36db44f,"I made a mistake when sending a payment, sending it to the wrong account number (with a typo) - can you please cancel the transaction?",cancel_transfer
tr_8481b4a53f,When will my transfer finish pending?,pending_transfer
tr_96084fcdf1,"Hey, I got charged extra for some reason when I purchased an app. Is this a hidden fee or something? I don't think it's very cool.",extra_charge_on_statement
tr_663c05c5fe,When will my refund come through,Refund_not_showing_up
tr_d01f445f02,Why is your exchange rate so bad?,card_payment_wrong_exchange_rate
tr_199e92e2dd,How can I dispute a direct debit transaction?,direct_debit_payment_not_recognised
tr_0d6f384013,Transfer could not be completed due to being declined.,declined_transfer
tr_9c606cf755,Your exchange rate was off.  I was charged extra on my payment that I made last Saturday.,card_payment_wrong_exchange_rate
tr_4c0490763f,"Hi , I just came to know I made the wrong transaction  yesterday. Would  you please make it correct?I need it by tomorrow.",cancel_transfer
tr_3710eecf7d,I don't see my card anywhere in the app.,card_linking
tr_b8ce9607ad,"A transfer I sent was received in less than the full amount I originally sent, and now I have to send additional funds to cover the full amount. What happened?",transfer_fee_charged
tr_502cd8477f,What are the fees imposed when I make a transaction?,card_payment_fee_charged
tr_5f30065e05,I tried to get some money but the machine was not working .The transaction still seems in progress! Can you please check what's going on.I don't want to be charged for money that I did not received.,pending_cash_withdrawal
tr_01374e2406,I see cash in my app but I did not get it.,cash_withdrawal_not_recognised
tr_2c3571b1a6,What are the countries you support.,country_support
tr_6b664e09e3,Do I have to go to the bank to change my PIN?,change_pin
tr_c50ea0d9d9,"Someone has copied my card. I have my card with me, but someone just made a 500£ cash withdrawal. Please help now.",cash_withdrawal_not_recognised
tr_825b983745,Why is my cash request and the amount I received different?,wrong_amount_of_cash_received
tr_d1e24623c4,Help me create several temp cards every day.,disposable_card_limits
tr_791d4365c2,"My card payment is just showing up as pending since forever, what's going on with that, it should be going through at some point?",pending_card_payment
tr_fc962a7276,What country's money can I hold currency in?,fiat_currency_support
tr_a4f5e75dec,Where can I order my virtual card?,getting_virtual_card
tr_d68427dd49,Where is the money that I transferred.,balance_not_updated_after_bank_transfer
tr_bf6aaf9b3a,I just checked my account on the App and there is a payment on there that I did not make.,card_payment_not_recognised
tr_dc857ad5f4,"Hurry and refund me, I am waiting",Refund_not_showing_up
tr_04a7e2c025,The ATM wouldn't let me have my money.,declined_cash_withdrawal
tr_7aaf780576,How can i get new card?,contactless_not_working
tr_0520db62f1,"If US cards have a top up charge, what is it?",top_up_by_card_charge
tr_f424c74124,Everything was stolen from me.  I can't use the app.  Please advise.,lost_or_stolen_phone
tr_45132a2527,My transfer was rejected,declined_transfer
tr_3a49a9bc7c,"I am in desperate need to transfer funds from another account that i have into this one, how do i do that?",transfer_into_account
tr_4c18337998,The ATM didn't give me the full requested amount,wrong_amount_of_cash_received
tr_fd855b80bf,Where do I unblock my PIN?,pin_blocked
tr_213cb926a7,how much is the fee for topping by card,top_up_by_card_charge
tr_14681b9a3d,tell me how I can order my card.,order_physical_card
tr_a8d2ca5631,"
I can't seem to be able to use my card


",card_not_working
tr_9ab44aa391,How do I verify the top-up card?,verify_top_up
tr_7dc34463ba,I do not want a VISA card.,visa_or_mastercard
tr_2e749a3bbc,How do I go about ordering another card?,getting_spare_card
tr_29ef5bdff6,I did a transfer and I was charged a fee that shouldn't be there!,transfer_fee_charged
tr_60dddd0beb,Will I be charged for receiving money?,top_up_by_bank_transfer_charge
tr_17c4f392ac,How come my money hasn't shown up yet?,transfer_not_received_by_recipient
tr_77eabbeb24,Are currency exchanges free?,exchange_charge
tr_d3f8a0a2b6,Do I have to verify the top-up?,verify_top_up
tr_d7123c438a,Could I get a mastercard if that's reasonable?,visa_or_mastercard
tr_c5457306e2,What do I do to Top up my card?,topping_up_by_card
tr_00e285e126,Next time maybe let people know that buying things from another country costs extra. I used my card to purchase an item from another country and I was charged for the item and also an extra fee it looks like. I wasnt aware of this and I think I should get a refund.,transfer_fee_charged
tr_6632deb6b2,what is this extra charge for a withdrawal?,cash_withdrawal_charge
tr_8368a39347,It's been a few days since I've tried to pay a seller but the funds aren't going through. What is happening?,pending_card_payment
tr_abf7a35fb1,My refund is not showing up in my account. Where is it?,Refund_not_showing_up
tr_f1cbe5c004,My transfer's stuck on pending.,pending_transfer
tr_71d8e1543c,It seems like a transfer is pending.,pending_transfer
tr_10be24c26e,My card is stuck inside the ATM.,card_swallowed
tr_8c5d18e7b4,There is money missing from my account.,cash_withdrawal_not_recognised
tr_db13f4dbd9,How does your app transfer the money,transfer_into_account
tr_344a6791b7,How can I receive money from someone?,receiving_money
tr_cb1d7b35ad,Why was my transaction declined?,failed_transfer
tr_9a368866ea,"I am overseas in China, can I get a replacement card?",card_about_to_expire
tr_272b8e2b23,atm refused to give me money,declined_cash_withdrawal
tr_17948f33ce,How can I exchange currencies with this app?,exchange_via_app
tr_30b933da22,My refund has not shown up on my statement.,Refund_not_showing_up
tr_8e1738c72a,I am not recognized by the app.,unable_to_verify_identity
tr_beb91423bd,"My job requires me to do a lot of exchanging currency, and I was wondering about any possible discounts or lower prices.",exchange_charge
tr_096f286336,cancel my account,terminate_account
tr_e6cd1e02ab,Am I able to track a card that has already been sent?,card_arrival
tr_dbd31d5557,My phone has been lost or stolen,lost_or_stolen_phone
tr_8de1b0afbd,how to change name on account,edit_personal_details
tr_8f12eba03a,I did all that was asked of me and I am rather frustrated. I don't understand why you just won't credit me my money back. I have contacted the seller and nothing has been done. It's been a week!,Refund_not_showing_up
tr_66d9a9d2b1,I don't see any change in my balance.,balance_not_updated_after_bank_transfer
tr_3b0ac4699e,When will the money reach my  account?,transfer_timing
tr_6dfb77bf39,It appears my top-up has not gone through.,pending_top_up
tr_0e42c4263d,Will I be charged a fee for topping up using a European card?,top_up_by_card_charge
tr_acf1dd4a85,I wish to cancel a transfer,cancel_transfer
tr_3d779771a6,What are the limitations on the disposable cards?,disposable_card_limits
tr_ffea4f90aa,I just had a look at my statement. Why have I been changed for using the ATM?,cash_withdrawal_charge
tr_ccbd20c6d6,I'm using the app and I noticed a payment that I didn't make.,card_payment_not_recognised
tr_f09c3a3737,My identity verification didn't work,unable_to_verify_identity
tr_bf9f18939e,Can you tell me where  can change my PIN?,change_pin
tr_3db9a7d1d6,Why haven't I seen the cash from the cheque I deposited yet?,balance_not_updated_after_cheque_or_cash_deposit
tr_4e0a730f1c,How much does top up fees cost?,top_up_by_card_charge
tr_a6bcf94543,I've been checking my statement to see if I've received a refund I requested from a seller a while ago has arrived. But it has not. This should have come back to me already. Can you help me figure out why it's not here and get my money back?,Refund_not_showing_up
tr_3cf6f09d3f,"HI,Accordingly you offer crypto top up but it doesn't seem to be working? Money just disappeared from my account.What should be done now?",top_up_reverted
tr_c8f60bd291,Is it possible to change my address?,edit_personal_details
tr_0222b8062d,How many different cards can I have for my account?,getting_spare_card
tr_5c2da58635,"Hello, i'd like to inform you of an issue i'm currently experiencing. The goods i have ordered from your website have still not arrived yet; it has been over 3 weeks. I would like to be issued a refund swiftly and be redirected to more competent people. Thank you for your assistance.",request_refund
tr_5c0558a3ae,Can I automatically top-up when traveling?,automatic_top_up
tr_b3c72e71aa,I've changed my mind on an item.  How do I get a refund?,request_refund
tr_8b31cb9a9e,"I couldn't transfer money to my bank, why not?",beneficiary_not_allowed
tr_20ed80e771,Why am I getting double charged for multiple transactions?,transaction_charged_twice
tr_3f822d85cf,How long is the wait for a money transfer to post?,pending_transfer
tr_07bda1277a,"how to delete account, not happy",terminate_account
tr_852c4b4e35,There's a cash withdrawal that  didn't make that is showing up.,cash_withdrawal_not_recognised
tr_230604222c,There is a payment that is not mine in the App.,card_payment_not_recognised
tr_6e0ba438ca,How long does a transfer take?,pending_transfer
tr_7f6aebcfb0,top up for my american express card is not working,apple_pay_or_google_pay
tr_f5d21c94a5,I see a direct debit transaction in my app that I didn't make.,direct_debit_payment_not_recognised
tr_331b7f61d9,I've got to have one of those virtual cards.,getting_virtual_card
tr_d0b5e3a8ca,Is auto top up a provided service?,automatic_top_up
tr_8a85d1c8ba,Why does my transfer keep failing? I've tried 5 times and they all failed.,failed_transfer
tr_5d80396da0,Can I have more physical cards?,getting_spare_card
tr_5748b4925a,What kind of cards are supported?  What currency?,supported_cards_and_currencies
tr_b5e826c59b,What type of fiat currencies do you support?,fiat_currency_support
tr_d0668e0e7a,Is a physical card also available,order_physical_card
tr_1462cd497e,Do I need any kind of proof for the identity check?,verify_my_identity
tr_540aa44c32,Can I transfer my salary onto here?,receiving_money
tr_dc52494d39,I need help finding the verification code on the top up card.,verify_top_up
tr_a7e1f18b88,Why is my card payment still listed as pending?,pending_card_payment
tr_de47bacdfe,How can I Use thereto-top option?,automatic_top_up
tr_e2bb02286c,I see a charge for a direct debit that was not me.,direct_debit_payment_not_recognised
tr_4d53639b8f,Are there any restrictions for the disposable cards?,disposable_card_limits
tr_aab4c88f90,"My money is gone :( I had topped up recently and saw it was there and went through, but now it's disappeared, what's going on?",top_up_reverted
tr_34a185db2d,Is it possible to reactivate the card I thought I lost but found this morning in my jacket?,card_linking
tr_810ffd7edb,Which fiat currencies are compatible for exchange and holding?,fiat_currency_support
tr_0033280b72,"Hello, I have a question concerning an unfamiliar fee that I notice on my account. I see that you guys charge for ATM withdrawal. Never notice this fee until now. Can you please explain?",cash_withdrawal_charge
tr_140d1f97a6,Are there limitations to what currency I can hold?,fiat_currency_support
tr_e0b977c7a8,The atm didn'y give me all the cash,wrong_amount_of_cash_received
tr_626f044345,Why is there a charge for my transfer?,transfer_fee_charged
tr_7d634754b1,How do I go through the identity checks?,verify_my_identity
tr_93601ae5d6,Can you unblock my blocked pin?,pin_blocked
tr_634e013687,"Is something wrong with my account, my balance didn't change after I transferred some money",balance_not_updated_after_bank_transfer
tr_79f98427e6,There are a couple payments with my card shown that I'm not responsible for. What is going on? Maybe someone has access to my account.,card_payment_not_recognised
tr_8cd149ac47,How long to UK transfers usually take? I made a transfer but it didn't pop up in my history yet. I just want to make sure it went through.,balance_not_updated_after_bank_transfer
tr_2e477feeb9,Why is my transfer more expensive than I thought?,transfer_fee_charged
tr_19bd826cfd,Do you offer any discounts for someone who exchanges currencies frequently?,exchange_charge
tr_ca79b914c5,"I desperately need to transfer something from China, Please give me the wait time.",transfer_timing
tr_5e06549a59,"How long do transfers to international banks take? I made one to france a couple of days ago, but it's still not there.",balance_not_updated_after_bank_transfer
tr_00bb68df3e,How old do my kids need to be to open an account?,age_limit
tr_27e3344d70,My account transfer was blocked.,beneficiary_not_allowed
tr_976d10f63b,When will my transfer come through?,balance_not_updated_after_bank_transfer
tr_24a59fc402,What is the wait time for delivery to the US?,card_delivery_estimate
tr_9389966907,Do I need to verify my top-up?,verify_top_up
tr_a5a65ab1a4,I have an unusual payment in my statement,card_payment_not_recognised
tr_779f6e1142,What other currencies can I hang onto?,fiat_currency_support
tr_3d6739cee5,My withdrawal from the ATM was cancelled.,declined_cash_withdrawal
tr_239bc6714d,Can I top-up via Apple Pay?,apple_pay_or_google_pay
tr_df2987bf27,I'm panicking!  I lost my card!  Help!,lost_or_stolen_card
tr_03147a10d7,Do you take checks?,top_up_by_cash_or_cheque
tr_2bd0c01cc7,How do I add a card on to the app?,card_linking
tr_f9d8fb7a8f,Can you tell me how many currencies I can hold?,fiat_currency_support
tr_660224f00b,Can someone assist me with updating my account details with changing my last name?,edit_personal_details
tr_413ea30753,Will you accept my credit card?,supported_cards_and_currencies
tr_b66fc4972e,"I see an extra $1  charge on my statement, why is this?",extra_charge_on_statement
tr_6a6b8ca768,At what age can my children use your service?,age_limit
tr_e0256381db,How can I get my PIN unblocked?,pin_blocked
tr_5cc419f83c,The exchange rate from my card payment isn't right.,card_payment_wrong_exchange_rate
tr_6ae14a932d,I withdrew  money from the ATM and was overcharged.  It said nothing about an extra fee.,wrong_exchange_rate_for_cash_withdrawal
tr_f802f98cb0,My transfer failed to process correctly. Is there a reason this would happen?,failed_transfer
tr_0b65777012,How many different currencies can I hold money in?,fiat_currency_support
tr_0f1e37f851,What I topped up was reverted by the app.,top_up_reverted
tr_426ef647af,Is there a way to verify a card top-up?,verify_top_up
tr_c6dfbeabd0,I bought something and already paid for it but now I don't see it.,reverted_card_payment?
tr_1b67543165,There is unusual activity on my account and I believe someone took my card.,compromised_card
tr_fc59785ccd,My top up doesn't work,top_up_failed
tr_860d7a8128,What are the additional charges for a SWIFT transfer?,top_up_by_bank_transfer_charge
tr_f1bde8a38e,Why won't cash come out of the ATM?,declined_cash_withdrawal
tr_4efd49c496,How do I link a new card to an existing one?,card_linking
tr_6f911926dc,I think there was an error in your exchange rate.,card_payment_wrong_exchange_rate
tr_ad2b81046d,I was wrongfully charged one pound.,extra_charge_on_statement
tr_29a9fb9fd2,I have no idea why but my transfers keep getting declined. I have double checked all the recipient details several times already and they're definitely correct.,declined_transfer
tr_e36619819d,Why is there a fee when I thought there would be no fees?,card_payment_fee_charged
tr_f1be93fa7f,I tried to get cash in the ATM but it was not approved,declined_cash_withdrawal
tr_e31f59f3b3,I  see an extra 1£ charge on my app. Why did It charge me extra?,extra_charge_on_statement
tr_1127941d37,I forgot the code I need to get into the app.,passcode_forgotten
tr_b73c96ae1e,An ATM machine didn't return my card.,card_swallowed
tr_2d094caed7,What can I expect at card expiration?,card_about_to_expire
tr_15e54eb6b0,When will my card be here?,card_delivery_estimate
tr_b4fc02f4e6,I exchange currencies a lot.  Can I get a discount?,exchange_charge
tr_86145c972b,"I can't transfer any money from my account to my friend's account, it keeps rejecting it. Can you tell me why? I have enough funds in my account to transfer.",failed_transfer
tr_d680d05f5c,Can you tell me when my card will arrive?,card_delivery_estimate
tr_e01d28eb39,I didn't get all the money I asked for,wrong_amount_of_cash_received
tr_90a6305ed5,Will I receive a new card when mine expires?,card_about_to_expire
tr_0532837213,Can you find out why my credit card didn't process payment? It was declined for top up so what's the deal?,top_up_failed
tr_88306d646f,I just realized I made the wrong transaction  yesterday. Would  you please make it correct?I need it by tomorrow.,cancel_transfer
tr_b9f8da91fa,When will my new card arrive?,card_arrival
tr_b3caea7bcc,"i have been trying to add money with apple pay but it wont work, why?",apple_pay_or_google_pay
tr_85e7dbc160,"I needed to make a payment on my account, but I typed in the incorrect number.  The app won't allow me to cancel this transaction.  I need it cancelled ASAP!!",cancel_transfer
tr_68ca84cbcb,Why have i been charged a fee for using my card?,card_payment_fee_charged
tr_5681586007,Is it possible for friends to top up my account?,topping_up_by_card
tr_703287a836,I need to top-up my card today urgently but my card keeps getting declined!! Can you please resolve this problem or let me know if you have any alternatives,top_up_failed
tr_2fb282f752,I can't find the PIN.,get_physical_card
tr_09a371d03c,I could not use my card in a store.,declined_card_payment
tr_6ba0cfbc1e,"I usually don't get charged for transfers, why was I this month?",transfer_fee_charged
tr_c382153d6b,"My new card is here, what's the process for activating it?",activate_my_card
tr_60174b9959,Can I tell if my top off didn't work?  It doesn't seem to have.,top_up_failed
tr_fc29939599,Can I use a credit card from the US to top up?,supported_cards_and_currencies
tr_c0b790030e,How much is the limit for top-ups?,top_up_limits
tr_dbbdab8f8a,I would like to better understand why my pass-code is not working.,passcode_forgotten
tr_6443f4caaa,My transfer didn't complete. Why can't I access funds?,failed_transfer
tr_a92980d869,I tried to get gas but my money was gone!,topping_up_by_card
tr_22f0307740,Can I use my Apple Watch to pay for gas?,apple_pay_or_google_pay
tr_f3f4f8a07a,Is it right that I've been charged for transferring money?,transfer_fee_charged
tr_785b3992c7,Will I be charged for adding money using an international card?,top_up_by_card_charge
tr_a29f5972a0,I topped up but the app declined it,top_up_reverted
tr_82a64e5f82,Why did my transfer not work?,failed_transfer
tr_08e5da2403,"I have found my lost or stolen card, would I still have to activate the new card that was sent to me through the mail in order to access my account?",card_linking
tr_d09137be8f,How can I prove I am me?,verify_my_identity
tr_881cc926f1,Can I start an account for my kids?,age_limit
tr_a0c1ebd832,Whats the transfer process,transfer_into_account
tr_822430846e,I think my phone was stolen. What can I do?,lost_or_stolen_phone
tr_2f184a45b5,Will there be any extra fees if I exchange currencies?,exchange_charge
tr_c94c28553e,Whats the maximum number of disposable cards that I can get?,disposable_card_limits
tr_ffaefe087c,I deposited a cheque a week ago but have yet to receive the cash.,balance_not_updated_after_cheque_or_cash_deposit
tr_fb838217a4,My transfer still says pending,pending_transfer
tr_4f3d0198e7,I need to modify my details.,edit_personal_details
tr_3dd5a46351,The exchange rate I was charged for a purchase was not right.,card_payment_wrong_exchange_rate
tr_fc0d5c0a4a,Can you tell me why my card payment was cancelled?,reverted_card_payment?
tr_ef39ba3b7a,What is the time frame for european transfers?,transfer_timing
tr_6a197c93d8,I am on vacation in Spain and think someone saw my pin when… Can I change it at a local ATM?,change_pin
tr_626a1364f6,"I have an account at another bank, but I want to transfer some of the money to my account here.
.",transfer_into_account
tr_52b0a5153e,I can't figure out how to transfer money into my account.,transfer_into_account
tr_858670a322,My card needs to be activated asap,activate_my_card
tr_f67dfbc7d0,Whats the reason for my payment being declined? It looked like everything went through ok and my account was good.,declined_card_payment
tr_911384797c,I would like to cancel my previous purchase.,request_refund
tr_3cf1baf4a4,"I received my new card and tried using it today, just to have it show declined over and over again.  Why is this happening?",declined_card_payment
tr_2316be1eac,What do I do after the ATM takes my card.,card_swallowed
tr_b9645b60c7,Does the fee for exchange change?,card_payment_wrong_exchange_rate
tr_933ff6bc69,Can I reactivate a card?,card_linking
tr_5ad927e450,"There is a direct debit charge that I don't recognize, what can I do?",direct_debit_payment_not_recognised
tr_333941fdcb,Do you need my birthdate?,why_verify_identity
tr_beded1958e,Why am I having trouble withdrawing cash?,declined_cash_withdrawal
tr_9fb94dc96c,I was checking my account when I saw a $500 cash withdraw that I know I didn't do.  I have my card so I don't understand how this happened.  Please help me.,cash_withdrawal_not_recognised
tr_24bf609049,Where can I edit personal details?,edit_personal_details
tr_9723ea91a8,Are there any fees associated with receiving money?,top_up_by_bank_transfer_charge
tr_636c5a3de3,My transfer has been declined.,declined_transfer
tr_758e7a809e,I only have a card from the US is that okay?,supported_cards_and_currencies
tr_2c4f96b7fa,What countries do your services support?,country_support
tr_e7bc131c12,Can this app be used to exchange currencies?,exchange_via_app
tr_e19e01e715,I would like to get a few more physical cards.,getting_spare_card
tr_5353219342,"There are a couple payments with my card shown in the app that i really didn't make myself. What's going on with this, does someone has access to my card?!",card_payment_not_recognised
tr_3d24a152cb,Can I use app to reset PIN attempts?,card_not_working
tr_938ef0291a,Can I receive payments in another currency?,receiving_money
tr_581202bdc2,What is the auto top-up limit?,automatic_top_up
tr_b0747a21eb,Is American Express accepted?,supported_cards_and_currencies
tr_390c128d12,I would like to be assisted with the activation of my card.,activate_my_card
tr_919ba9acd3,Would I be charged any fees if I added money to my account using an international card?,top_up_by_card_charge
tr_1445d72939,"I paid with my card and got charged an extra fee, what's up with that?",card_payment_fee_charged
tr_17f79b8c5a,The rate applied to my foreign currency at an ATM was incorrect.,wrong_exchange_rate_for_cash_withdrawal
tr_961fcab013,Can the card was sen to me be tracked?,card_arrival
tr_e12a15d2bc,Why was I not able to complete my transfer?,failed_transfer
tr_3131a467b2,"If I top up by card, what options do I have re: currency and card type?",supported_cards_and_currencies
tr_0036e3aa57,I'm not sure how to complete the identity checks process.,verify_my_identity
tr_42bcc1a9b8,I got a €1 extra fee in my statement,extra_charge_on_statement
tr_9ff1ded302,I have an unauthorized direct debit on my account,direct_debit_payment_not_recognised
tr_fa8d191848,How can I change currency type?,exchange_via_app
tr_5c56192543,Why isn't the transfer I made to a friend showing?,transfer_not_received_by_recipient
tr_6113144e7e,"You can activate your card in a few seconds by going to account, hitting activate, and just following the directions.",activate_my_card
tr_c7d68c08f1,The app has rejected my top up.,top_up_failed
tr_6ae5bf11e8,I have a card that was deactivated can I reactivate it?,card_linking
tr_94481a1a3a,I am looking to delete my account. I'm not happy with the service provided by you.,terminate_account
tr_f6c1b22b47,how long does it take to get my card i am in a rush,card_delivery_estimate
tr_6fe88066df,Is it possible to purchase more physical cards with my account?,getting_spare_card
tr_eee62c4841,My top-up hasn't gone through,pending_top_up
tr_3d49c73111,Why was my transfer request decline?,declined_transfer
tr_32c3333ce6,How do I set up my card PIN?,get_physical_card
tr_b15bf4e9cf,Can you tell me how to get my card on the app?,card_linking
tr_e0e2ee1efe,What would cause a transfer failure?,failed_transfer
tr_0499b2f721,I have trouble proving my identity.,unable_to_verify_identity
tr_a4556ce73c,What ATMs accept my card?,atm_support
tr_85ee6cb06c,Can I link your physical card,card_linking
tr_8c65dd27da,How long does it take for money to transfer?  I sent some to a friend and it hasn't gone through yet.,transfer_not_received_by_recipient
tr_c975311b86,I didn't make a payment that shows in my app.,card_payment_not_recognised
tr_3ea473bc6a,I think I forgot my passcode,passcode_forgotten
tr_c25661f765,My card payment didn't work,declined_card_payment
tr_8eb85a242e,"If I want to get an account for my daughter, can I do that?",age_limit
tr_1f312fa8c9,I would like help to revert a transaction I did this morning,cancel_transfer
tr_9bd8a2dad9,Top up is not working even though I have my AMEX in apple pay.,apple_pay_or_google_pay
tr_cdc6622efd,Where can I update my pin number?,change_pin
tr_d7156abcc4,Is there a limit to using a disposable virtual card?,disposable_card_limits
tr_2b092a1e1d,I tried using my ATM card at your Notting Hill location today.  It did not work.  Am I doing something wrong?,declined_cash_withdrawal
tr_43a2601285,Any place that takes Mastercard would be fine.,card_acceptance
tr_a3ef64e950,Is there a problem with the payment that I see is still pending?,pending_card_payment
tr_11ac75e727,How long will an urgent transfer from China take?,transfer_timing
tr_b3d234c9b3,Could you please explain why I received a message that my transfer is not possible? I've never had any problems making a transfer in the past.,beneficiary_not_allowed
tr_817a367fb5,What's the process of changing from GBP to AUD?,exchange_via_app
tr_afbcc0b979,My account shows a direct debit charge that I have never seen before,direct_debit_payment_not_recognised
tr_049e39661d,Why is a transfer I have still pending?,pending_transfer
tr_cf1b76acb9,I am inquiring about your auto top up feature.,automatic_top_up
tr_62148932dd,What are the requirements to verify my identity?,verify_my_identity
tr_f461f22318,"Hi, I have withdrawn cash from the ATM on holiday and i guess withdrawal amount has been overcharged. I did it as i was not aware of these charges.",wrong_exchange_rate_for_cash_withdrawal
tr_22cdc0b130,My daughter would like a card from my account?  Can I do this?,getting_spare_card
tr_d9b3eeb7bd,What is needed for my daughter to open an account?,age_limit
tr_135d7f9129,Is there a way I can get my card expedited?,card_arrival
tr_987fa3dc75,Do you accept any card and currency?,supported_cards_and_currencies
tr_44f6e818dc,"My card is going to expire, what do I do?",card_about_to_expire
tr_b45a9af153,I'd like to know what you guys look at to decide an exchange rate,exchange_rate
tr_f7493cb042,I contacted the seller and he won't respond.  Please just refund me my  money.,Refund_not_showing_up
tr_2c7105835a,I can't use my card for anything,card_not_working
tr_887fbd4248,How can I pay for top-ups?,supported_cards_and_currencies
tr_a52f2b586d,What is your currency exchange fee?,exchange_charge
tr_76d1050817,My transfer failed,failed_transfer
tr_3812b269de,How many purchases can I make with one disposable card?,disposable_card_limits
tr_bba26a4387,There was a fee charged when I paid with my card.,card_payment_fee_charged
tr_14c79876f8,I wanted to take out $100 but I only got $20.,wrong_amount_of_cash_received
tr_47a0152dd4,"When I attempted to make a transfer, it failed.",failed_transfer
tr_b264f25ca1,What are the steps to get my card back that was kept by the ATM?,card_swallowed
tr_e11b6e5510,Are there virtual disposable cards?,get_disposable_virtual_card
tr_8ab47bf785,why don't you accept american express for adding money to my account,supported_cards_and_currencies
tr_278aa2ea14,Could you assist me in finding my lost card?,lost_or_stolen_card
tr_3cd5138b0c,Where can I find the auto-top up feature?,automatic_top_up
tr_6998c49d27,Would I be able to open an account for my daughter?,age_limit
tr_a38ca023e3,Why did my credit card get declined for top up?,top_up_failed
tr_0168c946f1,I need someone to find out where my money has gone to? It has disappeared. I completed a top up earlier and seen it had went through. Since it has now disappeared I need to know what's going on.,top_up_reverted
tr_7e6ceb0a73,"I didn't want to make a transaction, I want to revert it",cancel_transfer
tr_eb7d5787dc,"I want a card, but I'm not in the UK- can I get one still?",country_support
tr_a654d4990a,Is it possible for a person who lives in the US to get a card?,country_support
tr_694fc919c6,What is the minimum age required to open an account with your service?,age_limit
tr_144c2908e3,Why didn't my transfer to a beneficiary happen?,beneficiary_not_allowed
tr_05d4856cd5,What's your refund policy if I bought an item from you?,request_refund
tr_53af30328e,Which foreign currencies do you accept for adding money?,supported_cards_and_currencies
tr_7e08d77ad8,Can someone assist me with activating my new card?,activate_my_card
tr_e059c903af,Where can I find the auto-top option?,automatic_top_up
tr_17dc9f9f95,How do I return something for a full refund?,request_refund
tr_c0a09c46eb,why do you charge for transfers?,top_up_by_bank_transfer_charge
tr_c01e121928,Is there a way to undo a transaction?,cancel_transfer
tr_ab48cc017f,Is there a reason a payment is showing complete on my side but the person who is receiving it has not gotten it?,transfer_not_received_by_recipient
tr_e37d39592f,What is the reason my payment was not accepted?,declined_card_payment
tr_cdc956526e,My ATM withdrawal was cancelled,declined_cash_withdrawal
tr_205d13f9e4,I requested a refund for a large order the other day and don't think I received the funds. Can you tell me if you see them or not?,Refund_not_showing_up
tr_33f2087fc5,why did my payment revert,reverted_card_payment?
tr_724525c3b2,"I'd like to get a Visa card, please.",visa_or_mastercard
tr_a39c801223,I was unable to activate my card.,activate_my_card
tr_f0b08e6bef,My top-up was cancelled and I am writing to ask if I need to complete the 3D Secure authentication section before I submit it.,top_up_reverted
tr_84ebbbf4c1,Why can't I withdraw cash from this ATM?,declined_cash_withdrawal
tr_8a8635ee4f,I don't know why my credit card was declined while I was trying to top-up. Was it something on my end or was there something wrong with the top-up function?,top_up_failed
tr_9b6a1dc615,How can I locate the virtual card?,getting_virtual_card
tr_9a8758321b,Can I change my PIN on holiday?,change_pin
tr_88f1c3d0a7,The card has suffered a security breach.,compromised_card
tr_e61a34115c,How long after a failed topup will funds refurn to account,pending_top_up
tr_475061a62a,Can I use as many top-ups as I want?,top_up_limits
tr_264086cf58,Does the exchange rate change each day for purchases? There is a different rate on my purchase.,card_payment_wrong_exchange_rate
tr_68bd69644f,I want to create a new pin.,change_pin
tr_dc6b0a4ba5,Can I get another card?,getting_spare_card
tr_378a9a2dd6,Can I get an auto Top-up?,automatic_top_up
tr_5317ec4197,how does my statement get updated so i know when a refund will reflect on my balance,Refund_not_showing_up
tr_648d8aa374,My disposable virtual card was rejected.,virtual_card_not_working
tr_2c114277ba,Will the duplicated payment be refunded?,transaction_charged_twice
tr_fd23619429,How long does it typically take for a pending ATM withdrawal to clear?,pending_cash_withdrawal
tr_8c76e16b51,Why was I charged a fee for using my card,card_payment_fee_charged
tr_5a363263d1,I am having trouble with the app recognizing me.,unable_to_verify_identity
tr_887d5d7589,How do I tell if my top up was reverted?,top_up_reverted
tr_ca3182ba48,My salary is in GBP. Do I need to configure this somewhere?,receiving_money
tr_320db4a05b,do you have a fee for receiving a SEPA transfer?,top_up_by_bank_transfer_charge
tr_3aac67a5b7,Why was I charged twice for the same transaction?,transaction_charged_twice
tr_26611e72f8,How can I revert a transaction from this morning?,cancel_transfer
tr_aa71a99d16,What is the present state of the exchange rate?,exchange_rate
tr_dc56655cd9,please delete account,terminate_account
tr_183ca8c8b5,How long are deliveries to the US?,card_delivery_estimate
tr_81520b2e5c,Please tell me how to get a card if I reside in the US.,country_support
tr_bc49724ba8,My salary comes in GBP can I change my options somewhere?,receiving_money
tr_05045bd51c,How to a go about ordering a disposable virtual card?,get_disposable_virtual_card
tr_0e034ad9db,Could my daughter open an account?,age_limit
tr_2f5189b2b5,Do I need to verify my top-up card?,verify_top_up
tr_514dbec5e6,How soon will my balance be updated to reflect my transfer?,balance_not_updated_after_bank_transfer
tr_d246eeaee4,I purchased something about one to two weeks ago but for some reason the payment was returned to my account today even though I've already received one of the items. Can you tell me what's going on?,reverted_card_payment?
tr_fc3b7929d5,what are your exchange rates at?,exchange_rate
tr_cfb151bffc,What are the fees for using transfer to top off my account?,top_up_by_bank_transfer_charge
tr_3fa4a26fa8,Someone else made a Direct Debit transaction on my account,direct_debit_payment_not_recognised
tr_d50b9bb0eb,A transaction is showing more than once.,transaction_charged_twice
tr_34758c675f,Help me verify my identify?,unable_to_verify_identity
tr_7904792ba6,My friends would like to add to my account. What is the procedure?,topping_up_by_card
tr_b3db935415,What should I do if I see a withdrawal is pending?,pending_cash_withdrawal
tr_08da8f115b,"I'm trying to move money from my account to elsewhere, but it's giving me an error message.",declined_transfer
tr_ee689a3ded,"Can you send me a Mastercard, instead of a Visa?",visa_or_mastercard
tr_6215ab1313,"I'm in Austria right now, but I really need to change my PIN right now. Can I do this even though I'm in another country?",change_pin
tr_efc08088ee,I have a new email.,edit_personal_details
tr_8ef7b2c895,"My wallet was just stolen, and they've already used my card! Please help, I can't afford to lose more money!",cash_withdrawal_not_recognised
tr_d8d1c67b5b,Does it cost anything to buy something from another country? Like is there going to be hidden transfer fees or currency conversion fees?,transfer_fee_charged
tr_49479fdb98,I am unaware of what my password is.,passcode_forgotten
tr_376f8d9130,"I want to top up by card, what do you support?",supported_cards_and_currencies
tr_4602af142f,"Suddenly, my card won't work.",card_not_working
tr_385127cb9e,I need to know what foreign exchange rate I can get.,exchange_rate
tr_93e9daf63d,"I can't figure out why I haven't gotten my cash, when I already put the check in the bank.",balance_not_updated_after_cheque_or_cash_deposit
tr_d6961e7816,Where can I go to find out how to verify my identity?,verify_my_identity
tr_44d2878c7d,"I have been waiting for my transfer, shouldn't it be here already?",transfer_timing
tr_fee00189e4,Is there a way to track the delivery of my card?,card_arrival
tr_f5fb3168be,"Hi, I have done a topup, but my money was reverted. Please look into this issue.",top_up_reverted
tr_58fa5699ab,Do you offer SWIFT transfers?,top_up_by_bank_transfer_charge
tr_622386e04d,I need urgent help. I realize I sent my payment to the wrong account number. I made a typo. Please cancel the transfer now. There isn't an option from the app.,cancel_transfer
tr_ab63590ca5,"Can I use my account now, even though my identity verification has not gone through yet?",why_verify_identity
tr_0d32f2439e,Do you support fiat currencies?,fiat_currency_support
tr_457e8546e1,Where do I go to reset my passcode?,passcode_forgotten
tr_f5a42597a5,Can I make a withdraw in my home currency at an ATM? I'm on vacation and am a bit worried because I don't have cash with me. Is it possible to withdraw here without any additional costs or fees?,wrong_exchange_rate_for_cash_withdrawal
tr_8ff5952653,"Disaster, I've totally forgotten my passcode, can you help me?",passcode_forgotten
tr_e1ad1dd8fa,Is there a fee to make a transfer?,top_up_by_bank_transfer_charge
tr_3dcc664930,oh my god I lost my card! what should I do?,lost_or_stolen_card
tr_2f1d361fe9,Please tell me how disposable virtual cards work?,get_disposable_virtual_card
tr_0758bc6bba,"If I was travelling abroad, would I be able to hold currencies in euros?",fiat_currency_support
tr_27acf88018,How do I activate my new card I just got?,activate_my_card
tr_3a1f2cf9b1,how much is it to exchange currency,exchange_charge
tr_eb1695d8f9,"My PIN is not working, can you help?",pin_blocked
tr_47e9d282e7,I exchange my currency quite a bit.  Do I get an exchange price break?,exchange_charge
tr_57b83b2d3b,Please check and let me know why my transfers are getting declined.,declined_transfer
tr_bac7c3f659,I haven't gotten my credit card in the mail.,card_arrival
tr_d5f262ac26,Cancelling a transaction,cancel_transfer
tr_df8ac9840d,Is my new card activated?,activate_my_card
tr_acfb178393,It seems like my card payment didn't work.,declined_card_payment
tr_5cf61be485,DO you know the reason for the identity check?,why_verify_identity
tr_7d30ece32a,A payment in my account was made by someone I don't know,card_payment_not_recognised
tr_db3fee6b50,show me how to transfer to my account,transfer_into_account
tr_84be8eb643,"I sent some money to somebody a couple of hours ago, and they still have yet to receive it.  They really need the money, how much longer are they going to have to wait?",transfer_not_received_by_recipient
tr_3bea5fb4ef,"I'm waiting for a transfer from the US, how much longer?",transfer_timing
tr_d3fac069da,Hi I am trying to transfer money to another country but it is showing pending and it has been a long time.  I have checked numbers and they are correct.  Could you please help?,pending_transfer
tr_833295d71b,I need to add money to my account. Can I do so via bank transfer?,transfer_into_account
tr_b8fdaa2819,Can I increase my top-up maximum?,top_up_limits
tr_9a28609529,My card is broken,card_not_working
tr_e68a591996,What is the number of transactions for one disposable card?,disposable_card_limits
tr_05405c9391,"I need to exchange between different currencies, like GBP and USD. Can I do that with your app?",exchange_via_app
tr_aa149248ad,There are a couple of payments with my card shown in the app that I really didn't make myself. What's going on with this?,card_payment_not_recognised
tr_77d8ac8acb,what is the time frame for transfers,transfer_timing
tr_70d71b5c9c,wheres my pin,get_physical_card
tr_4096eee1a0,Do you charge a fee on currency exchange?,exchange_charge
tr_50141df4ea,I would like to cancel a transfer...is this possible?,cancel_transfer
tr_5273b2748a,Can you help me find the virtual card?,getting_virtual_card
tr_80ac6b7e90,I don't think my transfer wen through. Why?,failed_transfer
tr_1fd69412d7,I am having a problem proving who I am,unable_to_verify_identity
tr_1317b31eb5,Can I change my pin through the app?,change_pin
tr_1e5517f7e3,"Hi, I'm buying my son Bertie a starter home in London.  I'm just trying to send the 5% deposit over to the agent. It's only £200,000 but seems to be throwing an error.  What is going on?  If I wait any longer the house prices might rise, can you look in to it please?",failed_transfer
tr_edd1253b58,What do I do to get ahold of my own card?,order_physical_card
tr_a92e5d6c48,"I have received my statement but I do not see my refund, why is that?",Refund_not_showing_up
tr_ecbcac86bc,How do I turn on my new card?,activate_my_card
tr_94867845dc,Do you accept Visa or Mastercard?,visa_or_mastercard
tr_315f6631b5,It looks like my top up didn't work.  Why?,top_up_failed
tr_9fdaa39ffd,My top-up was declined,top_up_failed
tr_8f0751fcb6,I'm still waiting for the top-up!,pending_top_up
tr_710bc78128,How long does it take for a transfer to finish pending?,pending_transfer
tr_d5a12eb71e,How much are you going to charge me if I top up my US card?,top_up_by_card_charge
tr_fca41499dd,For what reason can I not transfer money to a beneficiary?,beneficiary_not_allowed
tr_d4235dcdd2,Where can I find the exchange rate for my transfer?,exchange_rate
tr_cc0df1cdef,How can I change my PIN without going to the bank?,change_pin
tr_9bf254c001,"Um, my top up didn't work",top_up_failed
tr_ab8269a4f0,Please tell me about disposable cards.,get_disposable_virtual_card
tr_cea694dd54,I wondered if multiple currencies is okay?,fiat_currency_support
tr_df94aa9bcd,I've got a repeated tranasaction on my card.,transaction_charged_twice
tr_34e3c4a52d,Please check the exchange rate for my payment last Saturday. I believe I have been overcharged.,card_payment_wrong_exchange_rate
tr_496b2c912a,Can I get a card in person?,order_physical_card
tr_a31495725f,I still do not see the cash deposit in my account from last week. Why?,balance_not_updated_after_cheque_or_cash_deposit
tr_d6a5ad4bbd,Why did I get charged for a withdrawal?,cash_withdrawal_charge
tr_3f301cb9ce,Why is my card payment pending?,pending_card_payment
tr_d928699fe3,My card is about to expire.  Are there any costs with a replacement card?  How quick do you mail it to me?,card_about_to_expire
tr_a3d17fb320,want to know how to get virtual card,getting_virtual_card
tr_9c4764da84,My card was refused,declined_card_payment
tr_a84fb596fa,I need a refund. This is not what i wanted.,request_refund
tr_cd53984d0e,"I cannot remember my passcode, is there a way to retrieve it?",passcode_forgotten
tr_c1af020a17,They said I would get a refund but I don't see it on my statement.,Refund_not_showing_up
tr_207f15acee,I did not get enough cash,wrong_amount_of_cash_received
tr_4721a0711f,"Hello, i just checked my statement and there seems to be a payment from my card that I have never seen before.",card_payment_not_recognised
tr_ae60e9622f,There is a single payment on my card which shows as pending.,pending_card_payment
tr_4fc06e9306,Visa or Mastercard?,visa_or_mastercard
tr_74019c1a39,How can I change my PIN?  Help.,change_pin
tr_94693b81b3,Can my account me accessed by a thief?  I was mugged.,lost_or_stolen_phone
tr_472e1398e0,What do I need to do for a refund?,request_refund
tr_a60f741eeb,"I do not understand why there is a pending 1£ charge on my statement, I do not recall making this transaction. Can you please tell me what this is about?",extra_charge_on_statement
tr_a3e2a02962,I have a direct debit I didn't set up,direct_debit_payment_not_recognised
tr_6d56a8aefe,Can I get a Visa or Mastercard?,visa_or_mastercard
tr_07c3572159,The rate of exchange for my cash withdrawal is wrong.,wrong_exchange_rate_for_cash_withdrawal
tr_2bb60211c8,I'm pretty sure my top up is still pending.,pending_top_up
tr_2a662c7c87,"My PIN is locked, how do I unlock it?",pin_blocked
tr_cdd72c0fbe,I have some transactions on my account I did not make. Can you cancel my card and prevent further use.,compromised_card
tr_de185494db,My latest payment was declined! What happened! I was told everything had been resolved and was back to working order again.,declined_card_payment
tr_433d9e7f62,Tell me why there is a fee for a card payment.,card_payment_fee_charged
tr_382ace44cf,"I tried using a foreign currency at an ATM, but the ATM provided me an incorrect rate. Why is that?",wrong_exchange_rate_for_cash_withdrawal
tr_e191df3c77,What are the steps for depositing cash into my account?,top_up_by_cash_or_cheque
tr_371a692ce9,Tell me why I need top-up to be verified?,verify_top_up
tr_9e6efcb239,How to I close my account?,terminate_account
tr_acefff4e9f,I payed with the card and there was an extra fee?,card_payment_fee_charged
tr_73817e5b22,How can I replace an expired card?,card_about_to_expire
tr_af52e1977a,Why was the exchange wrong for the item I purchased?,card_payment_wrong_exchange_rate
tr_fb0896fa7b,Why is my transaction taking so long to complete?,transfer_not_received_by_recipient
tr_c3513ed998,"On the card that is coming, what's the tracking info?",card_arrival
tr_d827902325,Will I be sent a new card before mine expires?,card_about_to_expire
tr_ca232e0e90,Where is my PIN located?,get_physical_card
tr_cadf9539bd,What do you charge for an exchange fee?,exchange_charge
tr_f5c4d95950,Is there a  way to  get around fees,card_payment_fee_charged
tr_38793166fe,"Hello, I made a payment with my card and it's not working. It's been a while and still says its pending. Can you tell when this will go through?",pending_card_payment
tr_6994694b83,I used this account a lot during the last month to manage my payments for my new place abroad. Seems that suddenly fees have increased? Shouldn't you instead reward your frequent customers instead of putting an additional fee suddenly?!,transfer_fee_charged
tr_92c6d64886,I'm having problems making a transfer to another account. I keep getting a declined message. I know that the information I'm putting in is accurate because I have checked it more than once.,declined_transfer
tr_b4f4c9df78,Can I top up with Google Pay?,apple_pay_or_google_pay
tr_22c9afffed,"I haven't received my card yet, how long does it normally take?",card_delivery_estimate
tr_7af1e93359,I have been waiting for my top-up to complete and it still hasn't gone through.,pending_top_up
tr_eebd13ecdb,I didn't withdraw the amount of cash that is showing up in the app.,cash_withdrawal_not_recognised
tr_a4fb4e23b3,I wanted to know why i got an additional fee when i use my card.,card_payment_fee_charged
tr_76fffddb05,My card no longer works.,card_not_working
tr_a67548a5ae,where exactly does money come from,verify_source_of_funds
tr_cefaf19c60,What documents do you need to verify my identity?,verify_my_identity
tr_1e7f6fbd65,How can I reset my PIN?,change_pin
tr_65811c32c0,I think I have an extra transfer charge.,transfer_fee_charged
tr_47835cc745,Do you guys accept cash? Because i deposited some this morning and I can't see it in my account.,balance_not_updated_after_cheque_or_cash_deposit
tr_3c72ebfda2,I was charged two times for the same thing.,transaction_charged_twice
tr_ccf66a170a,Do you accept US credit cards?,supported_cards_and_currencies
tr_7f23557c41,Why was I charged extra on my app?,extra_charge_on_statement
tr_54744e10e2,How do I know what the exchange rate will be when I make an exchange.,exchange_rate
tr_c70fc4d2e6,i cant seem to activate card,activate_my_card
tr_0266d1618d,Are extra cards free?,getting_spare_card
tr_d33acafefe,Been trying to transfer money this morning but keep getting rejected. I don't understand why this is happening.,failed_transfer
tr_3d4a89251b,Can I use this all over the world?,country_support
tr_5ff371ad11,Can cash be used in physical locations to top up?,top_up_by_cash_or_cheque
tr_cfef3a78c4,Is there a fee for paying by card?,card_payment_fee_charged
tr_3926526fa3,What is my password?,passcode_forgotten
tr_e68bcd9744,I can't remember what my password is,passcode_forgotten
tr_a3fc3048f8,My top-up was rejected by an app.,top_up_failed
tr_2095f1ef5f,what is the status of my refund,Refund_not_showing_up
tr_9fd9d20bf4,The transfer to my account was not allowed.,beneficiary_not_allowed
tr_d0e08b9928,I do not recongize a payment in my account.,card_payment_not_recognised
tr_348645cbab,I think I deserve a refunded on a certain item.,request_refund
tr_124397c630,Can you please tell me how long it takes for the transfer to be available.,transfer_timing
tr_48782c80bb,"
Where can I use my card?",card_acceptance
tr_932a1d66fa,"Hello I am unable to exchange the crypto currency through the app, i am very keen to buy. Please let me know the issue.    interested buying crypto currency but i am unable to purchase it through the application,i do want to do the exchange, Could you please let me know what is the problem?",beneficiary_not_allowed
tr_e648a86271,Why has my top-up been reverted?,top_up_reverted
tr_1370faa2b8,I have been charged two times for one transaction.,transaction_charged_twice
tr_a1371478eb,Can I change my name?  I am not married.,edit_personal_details
tr_d5945ddd9b,How dp i top up with a cheque ?,top_up_by_cash_or_cheque
tr_1a1c7a0a57,I wasn't charged the correct exchange rate for an item I purchased.,card_payment_wrong_exchange_rate
tr_bccf302b57,"I got my American Express in Apple Pay, why is top up not working in my country?",apple_pay_or_google_pay
tr_0d1d8a307c,"I might need to exchange between USD and GBP, is this possible with your app?",exchange_via_app
tr_665d4feaa4,Is it possible to top up with Google Pay?,apple_pay_or_google_pay
tr_e956938066,I'm travelling abroad but I've run into a situation where I need to change my PIN immediately. Can I do this from here?,change_pin
tr_8a8ae3596f,Why has my money been returned back to my card.,reverted_card_payment?
tr_ab5ee3053b,"i have used my card online before and wasn't charged, why am i charged now",card_payment_fee_charged
tr_9c5090aefe,Where is the transfer that I did?,balance_not_updated_after_bank_transfer
tr_30636c26d5,"I have moved to a new house and set up a rent payment to my landlord, it was supposed to be in her account a few days ago but it hasn't arrived.  I definitely sent it to the right place, can you confirm where the money is?",transfer_not_received_by_recipient
tr_199e91f1d2,Please help.  The card won't work.,card_not_working
tr_5d29e85feb,I can't get my Google Pay Top to work. Are there any issues on your end?,apple_pay_or_google_pay
tr_746eb1d1c2,Where's the money I transferred into my account?,balance_not_updated_after_bank_transfer
tr_71741e1e3a,Will this card work at any ATM?,atm_support
tr_15d8f41819,I messed up a transfer and need to reverse it.,cancel_transfer
tr_ef55c12b5f,My card has been compromised. I see a bunch of online shopping charges that I didn't make. I need to freeze it immediately.,compromised_card
tr_f6ec6d7d1e,My card has not come in the mail yet.,card_arrival
tr_4823bcc701,"I tried to get money out of an ATM in Notting Hill earlier, but it didn't work. Is my card actually working? It's the first time I tried using it",declined_cash_withdrawal
tr_0565792aba,Why have I been charged a fee for transferring money?,transfer_fee_charged
tr_8990062460,Can someone assist me with explaining how I can unblock my pin?,pin_blocked
tr_18edfcaa80,What fiat currencies do you allow exchange with?,fiat_currency_support
tr_2e892ae5c7,The ATM is messed up. It gave me less than I wanted.,wrong_amount_of_cash_received
tr_aae2ad8bed,Is there a reason my payments are pending?,pending_card_payment
tr_1fa3a24ecf,Please help me!  A payment I made had an error on the account number and I can't cancel on my side.  Can you cancel it?,cancel_transfer
tr_df8b181e96,Why is there a fee on my money transfer?,transfer_fee_charged
tr_157e500b79,Why is there a charged fee for debit or credit card payment?,card_payment_fee_charged
tr_a0bbe36144,How do I update my address?,edit_personal_details
tr_25af469f8c,there is a charge i dont recognize,card_payment_not_recognised
tr_90151e143e,"Hi, during online shopping payment is getting declined yesterday and today as well. Please check the issue.",declined_transfer
tr_507c576018,Hello I changed my mind and want a refund on one of things I bought recently. Can you please cancel the transaction and get me my money back. Please it's urgent.,request_refund
tr_2ca624d19a,Visa and Mastercard can both be received from you?,visa_or_mastercard
tr_6c2d66fa5f,need to verify source of funds,verify_source_of_funds
tr_5f8a840cdb,What currencies can be exchanged in the app?,exchange_via_app
tr_25c83834f4,I entered the pin incorrectly too many times and now it is blocked. Can you help?,pin_blocked
tr_5d90c44a79,what are the exchange rates for foreign currency ATMs,wrong_exchange_rate_for_cash_withdrawal
tr_62106c3625,How can I fill up my gas tank using a check?,top_up_by_cash_or_cheque
tr_f0e48b1027,virtual card won't work for me,virtual_card_not_working
tr_b9b37c8d2e,I had to pay a fee when buying items with my card.,card_payment_fee_charged
tr_741e48d466,I have withdrawn cash from the ATM but it is showing in my account as a pending transation. Why is this?,pending_cash_withdrawal
tr_161053c4b8,I am worried about fees for top up cards?,top_up_by_card_charge
tr_212f8e9216,Is there a way to lookup where funds came from?,verify_source_of_funds
tr_40ba2b26a0,Why did I get charged for a transfer?,transfer_fee_charged
tr_071dff17ba,are multiple currencies acceptable?,fiat_currency_support
tr_995588ff8f,How long do I wait for a transfer from the United States?,transfer_timing
tr_825d68418e,I transferred some funds but I don't see it,balance_not_updated_after_bank_transfer
tr_38fe7157ac,What kind of cards an currency do you support?,supported_cards_and_currencies
tr_69b6fbc17b,Does it cost much or take long to get a new card? Mine is about to expire.,card_about_to_expire
tr_778f61b5d9,"My PIN is unlocked, what do I do?",pin_blocked
tr_bde750f915,Help me terminate and close my account.,terminate_account
tr_40975e8bfc,Is there a top up fee for transfer?,top_up_by_bank_transfer_charge
tr_66e9745447,How long does a top-up take to go through?,pending_top_up
tr_65474932ca,my card was frozen due to putting in the wrong pin too much.  how many tries do i have,declined_cash_withdrawal
tr_3fa9fe47ee,Why was I charged this extra fee while doing a transfer?,transfer_fee_charged
tr_91bfd7dd7b,How do I top up with cash?,top_up_by_cash_or_cheque
tr_b1d22699b0,The app won't let me transfer money to a beneficiary,beneficiary_not_allowed
tr_46eb6d27b1,Why am I being charged fees on some transactions but not on others? What am I missing here? I cannot find where to see the fee structure on my account. Help!,card_payment_fee_charged
tr_1e1bdd21af,My password doesn't work.,passcode_forgotten
tr_eb35a2c080,When can I expect my card? I live in the US.,card_delivery_estimate
tr_422370e8d8,Do i have to top-up with my credit card before I can transfer?,topping_up_by_card
tr_6d27ee2c1f,What is the maximum number of transactions that I can put on a disposable card?,disposable_card_limits
tr_58a4af8967,I selected to withdrawal 30 pounds but only received 10. I'm still standing in front of the ATM. The app shows i took out 30 pounds also. How do i fix this?,wrong_amount_of_cash_received
tr_c4af73591c,I can't access my account.,passcode_forgotten
tr_2b01a3c4f5,where can I see who sent me funds,verify_source_of_funds
tr_47af2a8df9,What identification is required to activate my card?,activate_my_card
tr_247f87848e,Where do I find the verification code for the card I'm topping up?,verify_top_up
tr_288fe98c90,I don't have my card after 1 week. What are my next steps?,card_arrival
tr_64f76b783e,How much will it be in order to pay with a bank transfer using SEPA?,top_up_by_bank_transfer_charge
tr_d9c4387fb2,"I received my card, how do I get it to work in the app?",card_linking
tr_87003928fc,I don't recognize a purchase that was made with my card.,card_payment_not_recognised
tr_686d9ed9ac,How do I use a card to top up?,topping_up_by_card
tr_d2d0c19773,I have a cash withdrawal on my statement that I am unsure of.,cash_withdrawal_not_recognised
tr_7b106838a2,Can I make an account for my daughter?,age_limit
tr_e442ca5fe0,Why was my card declined in a shop?,declined_card_payment
tr_5aff477e86,How do your exchange rates factor in?,exchange_rate
tr_7a7b96ff4e,"If I see a payment in the app that I don't recognize, what should I do?",card_payment_not_recognised
tr_12196a2db2,The app isn't showing my transactions,transfer_not_received_by_recipient
tr_fb4df927e3,I don't know how to verify my identity.,verify_my_identity
tr_9db8d69ac9,Can I change my pin number at a cash machine?,change_pin
tr_34863071f2,What caused my top-up to be returned?,top_up_reverted
tr_55545bd841,Is there an age limit to when my child can use these services?,age_limit
tr_f1717f769a,You sent me a card and now I want to link it.,card_linking
tr_dd59ab6f9f,Will there be a fee to receive a physical card?,order_physical_card
tr_3724f9ca21,"How do I know what my account is set to, I am paid in GBP?",receiving_money
tr_9e34a8942d,I didn't get the correct amount of money from the ATM machine,wrong_amount_of_cash_received
tr_2035fff043,Verify my source of funds?,verify_source_of_funds
tr_35cf01c8a4,My card has been found. Is there any way for me to put it back into the app?,card_linking
tr_ed174ab176,I'm trying to use my Apple Watch to top up my google pay. Do I need a special app?,apple_pay_or_google_pay
tr_29a2d89902,What ATM machines allow this card?,atm_support
tr_872c8b406f,How do I transfer cash my into my account?,transfer_into_account
tr_63cad7c71a,Where in the app do I go to verify my identity?,verify_my_identity
tr_15ee50caef,I want to transfer money from another account into this one.,transfer_into_account
tr_39bd182ca0,Why is there a fee for my transfer?,transfer_fee_charged
tr_7bd51542e9,My card payment has been declined,declined_card_payment
tr_a1a65deaf6,Is there a way to use a cheque to top up my account?,top_up_by_cash_or_cheque
tr_ee9e98e015,I have made several unsuccessful attempts to make a transfer.  I'm getting frustrated at getting error messages and it not going through.,beneficiary_not_allowed
tr_1bbe928141,What are the charges if I exchange foreign currency?,exchange_charge
tr_76d08227fc,I made a mistake this morning when I did a transfer. How do I reverse it?,cancel_transfer
tr_2aec37ecbd,What is going on with my cash deposit. I'm looking at my account balance and it is not there. It has been almost a week. Someone better get back to me asap.,balance_not_updated_after_cheque_or_cash_deposit
tr_af754c678b,There is an extra small charge on my card! What do I do?,extra_charge_on_statement
tr_28c067a0bb,"If my funds are running low, will the app top up automatically?",automatic_top_up
tr_a9035fae84,What kind of security protects my money?,verify_source_of_funds
tr_1a723eae6a,What do I need to do to receive my payroll in the account?,receiving_money
tr_a09ca5bc58,How and where can I find the identity checks?,verify_my_identity
tr_9cc4eef917,"On my app I can see that a direct debit payment that I didn't do, appears.",direct_debit_payment_not_recognised
tr_116e91addc,It looks like a payment I've made hasn't made it through yet.,pending_card_payment
tr_e1b7f7605f,How do I get selected for a visa card?,visa_or_mastercard
tr_47f14ad1ab,What can you use the disposable cards for?,get_disposable_virtual_card
tr_4bb04fe873,What happens if I use my account and my identity verification hasn't finished?,why_verify_identity
tr_c831428945,I cannot try my PIN anymore.,pin_blocked
tr_93183ef7ec,"I have a Visa and Mastercard, can I use these?",visa_or_mastercard
tr_9734de1ad1,"I may no longer need GBP, but instead I will need AUD, how can I go about making this change?",exchange_via_app
tr_08c6daf5d8,"Where can I find out the fee structure for my account? I have been charged fees for some transactions, but not for other ones. I can't find a pattern in these fees.",card_payment_fee_charged
tr_4cf370078e,I see a charge of 1L I do not recognize on my statement,extra_charge_on_statement
tr_26757b24e6,"Hello, I'm having trouble with my card, I don't understand what's happening, I tried using the ATM machine earlier but it wasn't working but seems like the transactions is still in progress, can you cancel it for me?",pending_cash_withdrawal
tr_f00ef32f57,Where is my card PIN?,get_physical_card
tr_d7b152c1d2,Do you process SWIFT transfers?,top_up_by_bank_transfer_charge
tr_6d5c402720,How long does it take for a cash withdrawal to show?,pending_cash_withdrawal
tr_3f2079e5c6,What age do you have to be?,age_limit
tr_88bdab2160,"When I got cash, my exchange rate was off.",wrong_exchange_rate_for_cash_withdrawal
tr_ca18ce3867,"I tried to withdraw some funds from my card, but was declined. How can I get my money?",declined_cash_withdrawal
tr_e4d6b57684,Let me know what the steps for the identity checks are,verify_my_identity
tr_5e95d85465,Please explain your exchange rate policy.,exchange_rate
tr_4e3a84d921,Can I make transfers before my identity verification?,why_verify_identity
tr_095b00e195,Are cards available in the EU?,country_support
tr_f87c0b4d19,My balance is not what I thought it was following an ATM withdrawal,pending_cash_withdrawal
tr_d92dd56965,How long does a transfer from the United Kingdom take? I haven't seen it show up yet in my bank account and want to make sure I get the transfer.,balance_not_updated_after_bank_transfer
tr_b4873c3c17,What do I do after my card expires?,card_about_to_expire
tr_0f8545094b,"I bought something and received it, but the payment went back to my account. Is the seller okay?",reverted_card_payment?
tr_752bf6deea,How long does a bank transfer take to show up in available funds?,balance_not_updated_after_bank_transfer
tr_63e2fcd03b,How do I add my new card?,card_linking
tr_36a65ddc74,I want to use my American Express for adding money into my account.,supported_cards_and_currencies
tr_105887780f,I got married and need to change my name.,edit_personal_details
tr_701a23b382,How do I begin the process of a refund?,request_refund
tr_297e496155,I sent money to a person and they haven't received the payment yet.,transfer_not_received_by_recipient
tr_a70e4b3dce,I need to know which fiat currencies I can use with you.,fiat_currency_support
tr_ca437a4666,Where do your cards get delivered to?,order_physical_card
tr_a234a124da,What number of transactions can i do with one disposable card?,disposable_card_limits
tr_452605119d,Can I top up with cash,top_up_by_cash_or_cheque
tr_bf75a8ff30,When I'm traveling is it possible to add money automatically at certain time points?,automatic_top_up
tr_f919df0fae,Why did I get charged more than once?,transaction_charged_twice
tr_00f2e9da93,How do i set up my credit card to send transfers?,topping_up_by_card
tr_92c1e79a08,Do I need to use a limit on top-ups?,top_up_limits
tr_acfd2b2736,Is it possible to cancel my transfer?,cancel_transfer
tr_6e6274571c,What steps are taken to transfer money into my account?,transfer_into_account
tr_8f1290dfd5,I can't recall my password.,passcode_forgotten
tr_e5381fbd5e,What do I do if I completed a money transfer but the recipient hasn't received it?,transfer_not_received_by_recipient
tr_42466c63ab,I didn't cancel my card payment.,reverted_card_payment?
tr_a6cd64ad5e,Please help!  There was an extra fee when I got cash.,cash_withdrawal_charge
tr_81786c7d82,What currency is supported for exchanges and holding?,fiat_currency_support
tr_18ca024c59,Why has my new card still not come?,card_arrival
tr_338dfe326a,"I looked at my statement, and there is a charge for 1£ that I don't recognize.  Why is it on there?",extra_charge_on_statement
tr_c4a3628bbf,Where can I get a card in the EU?,country_support
tr_f6ec7b6abc,"How long does it take for transfers to be approved?  I sent funds to my girlfriend, and she says that she has not seen any approved funds in her account.",transfer_not_received_by_recipient
tr_5d373b1da9,"I'm expecting a large refund from a store I returned merchandise to recently.  They say they have sent the money but I don't see it in my account, can you help.",Refund_not_showing_up
tr_1eceb4587d,How long will it take for my cash withdrawal to stop pending,pending_cash_withdrawal
tr_3087785dc1,How do I get a virtual card on my device?,getting_virtual_card
tr_eb0134a8e0,I use this card all the time so why did it get declined at the store today?,declined_card_payment
tr_8a67a76d99,I sent a transfer and it has been pending for awhile. How long will it stay pending?,pending_transfer
tr_0d3ab5e28f,Will my card be here soon?,card_delivery_estimate
tr_dc9df444f9,"I tried to make a withdrawal from the ATM, but it was cancelled.",declined_cash_withdrawal
tr_676bdad3f3,Should my cash withdrawal still be pending?,pending_cash_withdrawal
tr_ffacb4e5ce,Are their certain cash machines where I can change my pin?,change_pin
tr_3d4922c692,the exchange rate for my withdrawal is wrong,wrong_exchange_rate_for_cash_withdrawal
tr_8742a30ee9,How do I add money to my card?,topping_up_by_card
tr_099df3f978,When will my transfer arrive from Europe?,transfer_timing
tr_7b15cfb3c7,My money hasn't been transferred yet.,balance_not_updated_after_bank_transfer
tr_f1a37af0bc,Which countries can I change my PIN in?,change_pin
tr_ddabd4e7cd,A transfer is pending.,pending_transfer
tr_0fb6d4e006,"Help me!  When I was abroad, the exchange rate was wrong.",wrong_exchange_rate_for_cash_withdrawal
tr_7dba3f964c,I don't need to transfer anymore and I want to cancel it.,cancel_transfer
tr_3b52b955ca,I would like to receive instructions showing the verification process for top up cards..,verify_top_up
tr_0017b0a310,My top-up never worked,top_up_failed
tr_186c468073,A receiver let me know that they didn't receive the full transfer I completed and that it was actually a bit less than what I sent. At this point I have to make another transfer to make up for the amount missing. Can you please follow up with what's going  on here?,transfer_fee_charged
tr_6feb386bea,I need to be made aware when I am being charged an extra amount for payments please. I looked over the app earlier and noticed an additional feel related to one of the payments. I was not warned about this before.,card_payment_fee_charged
tr_c836f6e7bf,passcode retrieval,passcode_forgotten
tr_6fb669df22,Do you accept Mastercard?,supported_cards_and_currencies
tr_9829f1a553,I was under the impression that transfers were going to be free and here I was charged for something I bought overseas!  I don't think this fee is right,transfer_fee_charged
tr_fc98ed101b,Where do my funds originate from?,verify_source_of_funds
tr_ec3dab30de,I tried to buy something online but my funds were transferred back to my account. What is happening?,reverted_card_payment?
tr_0db89722ab,I made a payment but it's still pending,pending_card_payment
tr_560c4ede98,I have a transaction that shows multiple times.,transaction_charged_twice
tr_6814941ff5,want to know where funds come from,verify_source_of_funds
tr_c479af7bf5,How do I activate my card so I can start using it?,activate_my_card
tr_2d77c3b92d,i didnt do this charge,card_payment_not_recognised
tr_00ba68a8fa,What do I need to do to cancel a transaction?,cancel_transfer
tr_779b88d8fe,There is a payment that I was charged two times for.,transaction_charged_twice
tr_4ff7026a6f,Can I activate my card with the app?,activate_my_card
tr_815938c191,Can someone explain why I'm getting a message on my screen saying my transfer isn't possible? I've done several in the past and haven't had a single problem until now. What's going on?,beneficiary_not_allowed
tr_1381a3d03e,I need to freeze my card. There are charges on there that i did not authorize. They've been coming out for a couple of days. Can i get this money back?,card_payment_not_recognised
tr_b11d6c8ee7,there is a debit i dont recognize,direct_debit_payment_not_recognised
tr_8931451518,Why did you charge me extra?,extra_charge_on_statement
tr_aff25a5e8c,What does it mean if my top-up has not gone through?,pending_top_up
tr_b973fcaa99,"I'm having issues with my card. You guys keep declining it for some reason. I haven't had any issues up until this point. What is going on? I've tried a handful of times with the same, unfortunate, result!",declined_transfer
tr_14de2c21b8,Why is a transfer to a beneficiary not possible?,beneficiary_not_allowed
tr_4fc2f3dffc,There's an unauthorized cash withdraw,cash_withdrawal_not_recognised
tr_6fc1865547,Are you okay with exchanges to EUR?,fiat_currency_support
tr_5f6e02a0ad,"I need to transfer money into my account, and I don't know how to do that.",transfer_into_account
tr_833fa6c7b9,Can I use my bank account to send me more money?,transfer_into_account
tr_62072995be,I have a new card. How do I activate it?,activate_my_card
tr_400bde7f66,The exchange rate looks wrong on a holiday purchase,card_payment_wrong_exchange_rate
tr_223ef31635,I need you to delete my account now.,terminate_account
tr_7a9b7dab26,A while ago i requested a refund from a seller. I keep checking my statement but I have not been refunded yet. I'm confused why i haven't gotten my money back yet but I need your help getting it please.,Refund_not_showing_up
tr_8619de837e,I have been trying unsuccessfully to top-up my card.  Is the system down or not working properly?,top_up_failed
tr_625bdfb97b,Is there a reason that my top-up is still pending?,pending_top_up
tr_5ad2aadc42,"How long does it typically take a transfer to go through?  I sent some money to a friend earlier today, and she really needs it.  It still is a pending transfer, even though I sent it a few hours ago.",transfer_not_received_by_recipient
tr_3d3b05058e,"Help! I'm missing money, I deposited a cheque but its not showing on my balance.",balance_not_updated_after_cheque_or_cash_deposit
tr_1466b7e7cd,What went wrong when I tried to do my transfer?,failed_transfer
tr_6be289736e,My top-up was reverted by the app.,top_up_reverted
tr_a90faab565,Why is the top-up I made still pending.,pending_top_up
tr_cd9d8e5a24,I believe my card payment has reverted,reverted_card_payment?
tr_5e07c1b86a,I am looking for my top-up verification code and cannot find it.,verify_top_up
tr_f897f085b3,Can I transfer money using a different currency?,receiving_money
tr_e12e9ceb80,Im not sure if a seller is giving me my money back! I asked them to refund my money for the item but It's been a week now and still nothing has been given back to me. Can you resolve this for me?,Refund_not_showing_up
tr_d12f3fc259,I have an unfamiliar direct debit in my statement.,direct_debit_payment_not_recognised
tr_5130224066,I think someone may be using my card.,compromised_card
tr_05db9e15c4,Why can't I topup my account?,top_up_failed
tr_4d94ce4ca0,Is there a limit on auto top-up?,automatic_top_up
tr_e6c9026470,"Hi, I was looking over my card receipts for the past week and I realize I had a charge put through two times for the same single restaurant visit. Can one of the charges be removed so that I can get the money back that was mistakenly taken from my account?",transaction_charged_twice
tr_38cff97ae0,Where did my deposit for my source of funds come from?,verify_source_of_funds
tr_4ee9c8e22f,I can't find the top-up card verification code.,verify_top_up
tr_abef885b06,I seem to be having trouble with my Google Pay Top. Can you please help?,apple_pay_or_google_pay
tr_b9e95ee7fc,How come I was charged an extra fee when paying with the card?,card_payment_fee_charged
tr_69d1fe64da,Can I choose from either Visa or Mastercard?,visa_or_mastercard
tr_b1bfa8cc6c,"The transfer keeps failing , I tried to transfer some money to friends this morning but it keeps getting rejected for some reason, Would you please check the issue?",failed_transfer
tr_94232c2170,Am I able to stop a transfer?,cancel_transfer
tr_92be790a4d,Can I change my PIN online?,change_pin
tr_c46e2eee91,Where is the top-up card verification code?,verify_top_up
tr_34b647e2dc,Can I change my PIN abroad?,change_pin
tr_0d0ba82f1b,Why was I charged an extra fee when paying with card?,card_payment_fee_charged
tr_559b41154c,I would like to have a physical card to carry around and use. How can I get one?,order_physical_card
tr_0fa2f9cbf5,I must make a transfer from China and it is urgent. How long before the transfer is complete?,transfer_timing
tr_043547db82,Is there any way to get another card on the same account?,getting_spare_card
tr_ebd4f9880d,What form of identification is accepted?,verify_my_identity
tr_31549e8ea7,It won't let me prove my identity.,unable_to_verify_identity
tr_76998d687f,What does it mean if my cash withdrawal does not show up properly?,pending_cash_withdrawal
tr_90c2d42690,Where do I get a disposable virtual card?,get_disposable_virtual_card
tr_6a3ea31b52,How long does it take for the money to show up in my account?,transfer_timing
tr_6db95ca97c,Can you help me? I have a duplicate transaction on my account and I don't understand why.,transaction_charged_twice
tr_32ed51a7c0,I've just got married and want to change my name.,edit_personal_details
tr_9b3b28077d,Can you tell me what i steps i should take since my card was stolen?,lost_or_stolen_phone
tr_723bbf7743,I need to reverse a transaction,cancel_transfer
tr_7195e940df,A payment I didn't do shows in my app,card_payment_not_recognised
tr_eb928a4fdf,The exchange rate applied was incorrect when I was traveling outside the country.,wrong_exchange_rate_for_cash_withdrawal
tr_1e2abe4d63,"My transfers keep on getting declined. My card was working fine up until now, however it has suddenly stopped working. Why is this?",declined_transfer
tr_deff9d5971,Cancel Transaction,cancel_transfer
tr_7ca0f34b42,why couldn't I use my card at a store?,declined_card_payment
tr_a0498b6282,"I am tired of getting charged fees, and I have no idea why, please let me know what/when you charge fees for.",card_payment_fee_charged
tr_754c44c4aa,The ATM sucked my card in.,card_swallowed
tr_e691dfa68d,Top-up is loaded into the card and no update.,pending_top_up
tr_7d9b5f72eb,How to verify my identity,why_verify_identity
tr_ca89d86a79,I purchased something abroad and the incorrect exchange rate was applied.,card_payment_wrong_exchange_rate
tr_fcdb2bb286,Why can't I transfer to another account?,beneficiary_not_allowed
tr_472f764731,"I just want to top-up, why do I need to verify anything?",verify_top_up
tr_a04389bbff,My balance didn't change after I transferred some money.,balance_not_updated_after_bank_transfer
tr_affd4c1678,How are your exchange rates calculated?,exchange_rate
tr_86517243c7,"I just saw the exchange rate you use, but it's so bad that I can't believe that it's the official interbank exchange rate! Is this truly the official interbank exchange rate?",card_payment_wrong_exchange_rate
tr_fd8ed3b1dc,Are top-ups unlimited?,top_up_limits
tr_773fa6492c,"Someone has a copy of my card !! I definitely still have it here but someone just made a 500£ cash withdrawal, HELP!",cash_withdrawal_not_recognised
tr_499d6da9dd,I deposited a cheque and its been days and I still haven't received the cash!!,balance_not_updated_after_cheque_or_cash_deposit
tr_b6385ae44b,The cash I deposited using the ATM is still pending,pending_cash_withdrawal
tr_1e8eb96204,"My card is stuck in an ATM machine, how do I get it back quickly?",card_swallowed
tr_d78b1c636a,Can I choose between Visa or MasterCard?,visa_or_mastercard
tr_2a40733003,I haven't received my pin,get_physical_card
tr_4075788395,do i need to wait for my card before i get pin,get_physical_card
tr_face6b505f,Which locations can I withdraw money from?,atm_support
tr_7a630c405c,How many days does it take for a transfer to go through?,transfer_timing
tr_c9d7dddab9,Why can I not do a  transfer,beneficiary_not_allowed
tr_00ff9715f3,Why was I charged a fee for debit or credit card payment?,card_payment_fee_charged
tr_f81e638ac5,Who can have access to top up my account?,topping_up_by_card
tr_4e277ccebd,Where do I go to terminate my account?,terminate_account
tr_f2654889a4,"On my last trip, I received the incorrect exchange rate.",wrong_exchange_rate_for_cash_withdrawal
tr_83e8bf28c3,"Can my daughter also have a card issued in her name, but linked to my account?",getting_spare_card
tr_80f0748bf6,"Hi! I'm a university student studying abroad and I noticed that when I was trying to cross-reference my budget for this month that there were extra fees I was not expecting. Why is that? I've had this account for years and I haven't had any trouble so far, it might not even be on your all's end since I'm still new to international travel and finance, but I wanted to double check in case a mistake was made!",transfer_fee_charged
tr_57b5e87741,I was charged a fee for a transfer. Where did it come from?,transfer_fee_charged
tr_8fb7e8d8b3,The ATM gave me less cash than requested,wrong_amount_of_cash_received
tr_adf01b8c22,is a transfer to a beneficiary allowed?,beneficiary_not_allowed
tr_8b17af1b78,How long is the transfer?,transfer_timing
tr_ef00c46184,How can I tell if my top-up has been cancelled?,top_up_reverted
tr_e9891c0568,What should I do?  My card has been stolen!,lost_or_stolen_card
tr_f522394878,Editing my personal details,edit_personal_details
tr_86a46fb89b,disposable virtual card can be ordered where?,get_disposable_virtual_card
tr_cb1ed1651f,The wrong account was used during a transaction.,cancel_transfer
tr_ba66ee08a9,Can you explain your exchange rates basis?,exchange_rate
tr_7f1f9e1680,Help my activate my card.,activate_my_card
tr_a93244d76c,I did a card payment but its status is still coming as pending. Please check and inform when it would complete.,pending_card_payment
tr_1a53ea2261,"My card will expire soon, do I need to order a new one?",card_about_to_expire
tr_6604aeccf8,top up cancellation,top_up_reverted
tr_db0f92cc93,How much are the fees for adding funds using an international card?,top_up_by_card_charge
tr_f8c657ae60,how can i add money from my amex card,supported_cards_and_currencies
tr_551148c040,"Hello. I looked at my account and see that a transaction I tried to do is pending, but I did not complete that transaction. When I was at the ATM, the machine declined my card. Can you make sure that transaction does not go through because I definitely did not receive the money.",pending_cash_withdrawal
tr_1ac6aaf921,Can I use SWIFT transfers?,top_up_by_bank_transfer_charge
tr_fefde01e42,How do you determine exchange rates?,exchange_rate
tr_03fcc818c6,How long does it take in Europe to do a transfer?,transfer_timing
tr_b63cb09e35,I deposited a cheque but I don't see the funds in my account.,balance_not_updated_after_cheque_or_cash_deposit
tr_08cb193e66,why hasn't my virtual card come yet?,getting_virtual_card
tr_6d676dc6a1,How do I go about changing my PIN?,change_pin
tr_ed7d16b763,Why does it say my transfer failed?,failed_transfer
tr_5613258d47,"Give me back my money, I'm not paying the sellers. It has been a long time ago that I made an order and it just isn't coming.",request_refund
tr_bcff3468c9,Hi! What documents can I use to verify my identity?,verify_my_identity
tr_655d2765df,How come I can't seem to verify my id?,unable_to_verify_identity
tr_3f0e29ffab,my friend has not got the money I sent last week.,transfer_not_received_by_recipient
tr_73c5e34ac8,How would I be able to make changes to my personal details?,edit_personal_details
tr_739220f684,"I want to deposit funds, what payments are accepted?",supported_cards_and_currencies
tr_7b3eea1d5c,my cash balance less than what I thought,wrong_amount_of_cash_received
tr_0bcaa7a9a2,"Hello. I tried doing a topup and I thought it worked, but now the money is no longer in my account. Can you explain?",top_up_reverted
tr_83e5353a05,"So earlier I went to an ATM and got cash. But when I checked the app, it states that the withdrawal is pending. How can that be when I have the cash on me?",pending_cash_withdrawal
tr_cd5f75dc50,Why are you asking so many questions about me?,why_verify_identity
tr_0fa1e9583b,What other credit cards can I use?,supported_cards_and_currencies
tr_3afb845d0c,Do you take both Visa and Mastercard?,visa_or_mastercard
tr_7a94e76345,I requested money from the ATM and it didn't give me as much as I requested.,wrong_amount_of_cash_received
tr_5d9033e664,Why do you keep declining my payment? I tried several times already with this card and it is just not working.,declined_card_payment
tr_b4752a73ef,Will I be able to top up by cheque?,top_up_by_cash_or_cheque
tr_a2940e838d,There was an extra charge when I used my card,card_payment_fee_charged
tr_a2154279bc,why was i charged a small amount,extra_charge_on_statement
tr_90da764397,Why isn't my pending transfer finished?,pending_transfer
tr_9ec7446785,There is a payment on my card that I do not recognize.  I've never seen the name on the transaction before.,card_payment_not_recognised
tr_ecfea871be,Will this app allow me to exchange currencies?,exchange_via_app
tr_0f2df6010b,The ATM keeps declining my card! I tried two different ATMs already can you please check if everything is alright with my account??,declined_cash_withdrawal
tr_8d10cadd35,"I deposited cash this morning, but it is not yet available.",balance_not_updated_after_cheque_or_cash_deposit
tr_4492c228df,My friend would like to send me money. What are the options available to them?,receiving_money
tr_427d2023e5,It can take between 10 minutes to an hour before you hear back from us about the verification result.  Please try again if your verification fails.  Make sure you double check that images are clear and all document photos are readable without blur or glare. You have to be 18 or older and live in the European Economic area or live in Switzerland to be able to open an account.,unable_to_verify_identity
tr_93a95f05eb,I have been charged a pound for something that appears on my statement,extra_charge_on_statement
tr_714cffb263,"If my top-up didn't transfer, what went wrong?",top_up_reverted
tr_243b110f1f,A Bank ATM did not give my card back. What do I do now?,card_swallowed
tr_ad889c1a42,Can I add a card to back into the app?,card_linking
tr_362f330e19,When will my money be in my account?,transfer_timing
tr_9119d40041,I made a payment with my card and it hasn't changed. How long do you think this will take?,pending_card_payment
tr_d117e596c8,Are you ripping people off with the exchange rate?  It can't be that atrocious between banks.,card_payment_wrong_exchange_rate
tr_9fe5d38e49,A direct debit payment I didn't do shows in my app,direct_debit_payment_not_recognised
tr_e775a55a99,"I would like to top up via credit card, which credit cards do you support?",supported_cards_and_currencies
tr_99e9a79aa6,Is USD free to top up with a US card?,top_up_by_card_charge
tr_ea0b52b959,How long until the card arrives?,card_delivery_estimate
tr_1b8a7029d1,Please tell me what this direct debit in my statement is,direct_debit_payment_not_recognised
tr_004cf56d28,My new card has not been delivered to my home yet. What is going on?,card_arrival
tr_54a3ac1975,Is there an alternative to a physical card?,getting_virtual_card
tr_eb2ce751c8,Why is the payment I made still pending?,pending_card_payment
tr_fa4ede0c6c,I don't have the means to prove my identity.,unable_to_verify_identity
tr_8fd0958e3c,I would like to purchase another card.,getting_spare_card
tr_f5252a8252,"I am having trouble doing a transfer. A ""Decline "" message appears after making the transfer.",declined_transfer
tr_f223aaf15b,I hope to get a Visa card,visa_or_mastercard
tr_decf3ae997,Where is the PIN number found?,get_physical_card
tr_2714126ff9,How do I receive a card?,order_physical_card
tr_7bff2bf326,I can't make purchases with my virtual card.,virtual_card_not_working
tr_cc58982b99,How will I get my card?,card_delivery_estimate
tr_92eb1dde2b,Seems like my top-up has not gone through,pending_top_up
tr_fc6759d6ef,I can't see my top up in my wallet!,topping_up_by_card
tr_a6003e3d5a,How many disposable cards am I allowed to have?,disposable_card_limits
tr_c831d1d1bd,Is it possible to cancel a transaction?,cancel_transfer
tr_e541512b54,Is it possible to refund an item?,request_refund
tr_a4f03fb516,"Hey, I ordered a thing but changed my mind and want a refund on it. Since I haven't received the thing, would you just go ahead and cancel the payment for me?",request_refund
tr_cd3292ef5e,Tell me how a top up would be reverted.,top_up_reverted
tr_bde05a43b2,"The exchange rate you're using is terrible - this can't be the official interbank exchange rate, can it?",card_payment_wrong_exchange_rate
tr_40aec5307e,One of my payments was doubled,transaction_charged_twice
tr_323529ed40,which identity details are required,why_verify_identity
tr_1583a1a063,I did a topup successfully but its not showing in balance. I think there is some problem in system.,top_up_reverted
tr_90443b5f16,I notice that I have a card payment that's been cancelled.,reverted_card_payment?
tr_d6025e05c9,I made a payment but it was returned.,reverted_card_payment?
tr_5947e31467,I bough an item and the exchange rate was incorrect.,card_payment_wrong_exchange_rate
tr_2fd3f2eec9,There's a possibility that my card was compromised.,compromised_card
tr_bcbd147dd6,Please could you give me a refund,request_refund
tr_2e2abe8d0c,"Please tell me, do you use Visa or Mastercard?",visa_or_mastercard
tr_95b527a2d9,Can you please check the exchange rate when I was getting cash?,wrong_exchange_rate_for_cash_withdrawal
tr_4ee02f6fa2,Can I use a check to get gas?,top_up_by_cash_or_cheque
tr_56594c4fcd,I think there has been a mistake on my exchange rate for this purchase.,card_payment_wrong_exchange_rate
tr_82a7b2eca6,Is there a reason why a recipient might not see my money transaction,transfer_not_received_by_recipient
tr_b95ce3a38f,What are these disposable cards meant for?,get_disposable_virtual_card
tr_ba4f22ebea,Can I open up an account for my child?,age_limit
tr_235aa65dfb,"When I look at my statement there is an extra fee, that is for what?",extra_charge_on_statement
tr_c04312e076,Can I get a Visa card?,visa_or_mastercard
tr_e2ce0e1ad9,Are physical card available?,order_physical_card
tr_e0a825d110,WHAT IS THE MAIN REASON OF THIS PROBLEM,card_not_working
tr_de5c54a8c3,"How long do EU transfers actually take? I recently bought something online a few days ago, sent the money immediately online but the seller says it's still not there yet.",pending_transfer
tr_bbeb6a1ab0,Has my top-up gone through?,top_up_reverted
tr_00b51d6466,My top-up didn't go through; it still says pending. What's up with that?,pending_top_up
tr_57ee83084b,I think someone is using my card without my permission!,compromised_card
tr_b4d9ca1226,Can my friend send me money if it is not in US dollars?,receiving_money
tr_215471c360,IS there anywhere that a card cannot be delivered?,order_physical_card
tr_af65b351cf,when will my transfer clear,pending_transfer
tr_ba61f4ace8,My transfer into my account isn't showing up.,balance_not_updated_after_bank_transfer
tr_3149aec1f0,How long should it take for a transfer to go through? I have been waiting a while.,transfer_not_received_by_recipient
tr_f3bca5d8a8,I can't get the ATM to give me any cash,declined_cash_withdrawal
tr_7d67b8d0ff,why wouldnt the atm give me money,declined_cash_withdrawal
tr_ad745cbbbd,What do I do if my disposable virtual card doesn't work?,virtual_card_not_working
tr_da3c300287,"I topped up recently and saw the money go through, but now it's just gone? What's going on",top_up_reverted
tr_b2236d0fca,The money is still in my account even though I already paid -- I don't understand what happened.,reverted_card_payment?
tr_f30cea7c49,"I have a question about ATM transactions. Can I take money out of an ATM when I'm traveling abroad? And, can I get the money in my home currancy?",wrong_exchange_rate_for_cash_withdrawal
tr_07f2aa11f2,Do you allow exchanges of EUR?,fiat_currency_support
tr_1e0f5b64b2,Why am I still not able to see the money I deposited a week ago? This is urgent!!,balance_not_updated_after_cheque_or_cash_deposit
tr_77f47e4527,Where is my recent refund in the my statement?,Refund_not_showing_up
tr_b528c3d1af,I am noticing that a refund of a large purchase still has not been credited to my account. I contacted the merchant a few days ago and he assured me that he would submit it right away. Is there a status update?,Refund_not_showing_up
tr_5c46586f96,How can I update my details since I moved?,edit_personal_details
tr_d0913b3b7f,What payment methods are used to top up?,supported_cards_and_currencies
tr_e181456f73,"I put money in my account a week ago but its still not there, what is happening?",balance_not_updated_after_cheque_or_cash_deposit
tr_3ed9ec9f2a,How do I change the details in my account?,edit_personal_details
tr_e0215fde20,Will I have to pay extra to exchange money?,exchange_charge
tr_089c509d6f,Can I top up using my cheque?,top_up_by_cash_or_cheque
tr_0bd06ced1c,How can my friend send money to me?,receiving_money
tr_a86358a2c0,I tried to do a transfer and it's saying it declined.,declined_transfer
tr_97cf8866f8,Do you have an option for auto top up?,automatic_top_up
tr_510aa0bc8d,I need to make my card PIN a different number,change_pin
tr_23e42338ca,Can you see my new balance yet?,balance_not_updated_after_bank_transfer
tr_c9f848e470,"I want to top up by using a credit card, which ones do you support?",supported_cards_and_currencies
tr_011e611175,I forgot my password to get into the app!,passcode_forgotten
tr_95b6647309,Do I pay extra for exchange?,exchange_charge
tr_8ff4429320,Estimated time arrival for transfers?,transfer_timing
tr_85afa19880,Can my salary be received here?,receiving_money
tr_226cbf1ffc,What is the charge for paying with my card?,card_payment_fee_charged
tr_7cf2793a2d,Since I just got married I need to change my name.,edit_personal_details
tr_199df89745,I tried doing an in country transfer earlier this week. I thought it would be there by now but I still don't see the money. Can you check the status on my transfer?,transfer_not_received_by_recipient
tr_be850bff09,My card was working but now it doesn't.,card_not_working
tr_1f5d6e5dfe,What happened to my Top-Up? It's not reflected.,pending_top_up
tr_2842e0db2c,I would like to get both a Visa and MasterCard?,visa_or_mastercard
tr_cc1b72e865,"When I tried to top up using my card, all of the money disappeared.",topping_up_by_card
tr_f97579a107,"When I withdrew my money, why was there an extra charge?",cash_withdrawal_charge
tr_3d7ee96421,What are the currency exchange fees?,exchange_charge
tr_ace6d220fd,Why does it cost more to pay with my card?,card_payment_fee_charged
tr_caf5e6779c,How can I obtain a disposable virtual card?,get_disposable_virtual_card
tr_06e86c41e6,When will my transfer be in my account?,transfer_timing
tr_bb8791d6a4,"Someone stole my account, there's a withdrawal but it wasn't me, can we put a stop to it please?",cash_withdrawal_not_recognised
tr_1c9a9ddb03,Why can I not do a transfer to a beneficiary?,beneficiary_not_allowed
tr_9ec11aae81,Is there a problem that makes my payments show pending?,pending_card_payment
tr_0902b5ddd9,I didn't set up the direct debit I have,direct_debit_payment_not_recognised
tr_6ebc8653ce,Is my card actually working? It's the first time I tried using it,declined_cash_withdrawal
tr_bd0fe0b2c4,"the balance has not changed, but I have deposited some money",balance_not_updated_after_cheque_or_cash_deposit
tr_aad5ea99f3,I would like to cancel my purchase.,request_refund
tr_4beb26d697,How can I convert currencies?,exchange_via_app
tr_9a4146c8d0,"Would you please check my Card. As Withdrawal was working fine so far, but this morning suddenly got declined. Can you please check the problem?",declined_cash_withdrawal
tr_9e82c51e70,My Google pay top up isn't working. Help.,apple_pay_or_google_pay
tr_64356454d6,Am I allowed to use different currencies?,receiving_money
tr_c78f4184bb,What does it mean if my payment was reverted?,reverted_card_payment?
tr_6e7e223706,There is a charge for 1£ on my statement.  I do not think that I bought anything that costed 1£.  What is going on?,extra_charge_on_statement
tr_254537c170,What fees to you have for top ups?,top_up_by_card_charge
tr_1b39ceb2a6,"Hi, I made a transfer from France two days ago and thought it would be here by now. Can you give me an update please?",balance_not_updated_after_bank_transfer
tr_dbb31e2a3c,When will I recieve my new card?,card_arrival
tr_ec7a61f2a5,I would love one of the virtual cards!,getting_virtual_card
tr_2e90fe8051,How old do you need to be to have an account?,age_limit
tr_70d2e07141,Why am I being charged a hidden fee?,card_payment_fee_charged
tr_0226e653de,How do you Top Up on the apple watch?,apple_pay_or_google_pay
tr_a9fd6c2a72,"I am blocked now because I entered the wrong pin, need help.",pin_blocked
tr_744b564de2,Can I see where my money came from?,verify_source_of_funds
tr_daa2fb5b37,Am I able to return an item for a refund?,request_refund
tr_794d2178ee,How long does it take for a top-up?,pending_top_up
tr_2ad8ae5c9e,Why haven't I received a refund yet?,Refund_not_showing_up
tr_a6ff0095f0,I am having problems with my contactless.,contactless_not_working
tr_a0cf23c62f,Can you tell me why my card isn't letting me make purchases online? It's been 2 weeks I've been trying.,reverted_card_payment?
tr_8c11d794a1,My transfer failed.  Help!,failed_transfer
tr_8a940a7934,Can top ups be done from an apple watch.,apple_pay_or_google_pay
tr_cc25ac398b,What should I do if my smart phone is lost or stolen?,lost_or_stolen_phone
tr_4766b59081,I have a charge for something I didn't buy.,card_payment_not_recognised
tr_7bba6cff1a,I need to know what's going on. I was under the impression you offered cryto top up which doesn't seem to be working and money has just vanished from my account.,top_up_reverted
tr_14387398bb,"With my new card, how may I activate it?",activate_my_card
tr_f3190451c8,"I can't make any transfers, they won't go through, the details are correct as I checked them.  Can you look in to this please?",declined_transfer
tr_43bbeae108,My card is about to expire. Do I have to go to a branch to order a new card?,card_about_to_expire
tr_5cdb1d9372,Will I have to wait much longer for my new card to arrive?,card_arrival
tr_9add66a5ca,ATM is broken. It did not give me the full amount (30 pounds.)  I'm standing here with only 10 pounds and it's telling me it gave me 30 pounds. I need assistance now!,wrong_amount_of_cash_received
tr_834a02fdce,I didnt get the correct exchange rate for getting cash,wrong_exchange_rate_for_cash_withdrawal
tr_11e4765373,Google Pay isn't working. What is wrong?,apple_pay_or_google_pay
tr_684cbea21e,why do I have to show my ID,verify_my_identity
tr_6bd2750978,Do you have a list of cards and currencies you support?,supported_cards_and_currencies
tr_71812e1f5b,"My pin needs unblocking, unblock it please?",pin_blocked
tr_c7b4ae0f0d,Which ATM's am i able to change my PIN?,change_pin
tr_9448125963,The cheque I deposited isn't showing in my account,balance_not_updated_after_cheque_or_cash_deposit
tr_a6ff71a69e,Will my transfer be done soon?,pending_transfer
tr_a7e520daee,I made a top up yesterday but it's still pending.,pending_top_up
tr_fc4d089f72,I noticed the exchange rate for cash withdrawal isn't right.,wrong_exchange_rate_for_cash_withdrawal
tr_61149e66e9,i do not know what this charge is for,direct_debit_payment_not_recognised
tr_52ddfac566,"I need a new card, my old card is expiring.",card_about_to_expire
tr_51f1a83c42,"I need to order a new virtual card, how do I do that?",getting_virtual_card
tr_8a035b0673,I tried to deposit a cheque into my account and it is not letting me.,top_up_by_cash_or_cheque
tr_27c1fe6100,my google pay seems to be acting up.,apple_pay_or_google_pay
tr_29e84e5c7d,What currencies are available for my use in holding and exchange?,fiat_currency_support
tr_3c07827b5a,Can you help me activate my card,activate_my_card
tr_eea67a2c4d,I need to actuate my card.,activate_my_card
tr_b3f3222f56,I made a payment with my card that was cancelled?,reverted_card_payment?
tr_cf08107491,I was charged an additional amount of money for making a purchase with my card,card_payment_fee_charged
tr_3c05450758,"I'm checking my statements and I saw a purchase from a couple weeks ago that I don't recall at all. Not only that, but I don't even know the business that charged it. I'm not sure if I did it or not, but can we check it and see if we can trace it back to make certain?",direct_debit_payment_not_recognised
tr_d676844fe2,Is there an automatic top up feature?,automatic_top_up
tr_029e930f8e,I hope you can help me. Someone has stolen my wallet and now I have noticed that they have been taking money from my account.,cash_withdrawal_not_recognised
tr_0cf0eadb3c,how long does delivery take?,card_delivery_estimate
tr_2ff105c3c1,An item I bought had the wrong exchange rate applied.,card_payment_wrong_exchange_rate
tr_52b031158c,Your exchange rates are coming from where?,exchange_rate
tr_acce4484a4,After transfering some money my balance hasn't changed.,balance_not_updated_after_bank_transfer
tr_6605215661,How much can I withdrawal in one month without incurring fees?,cash_withdrawal_charge
tr_ae0631e62a,Can you tell me why my credit card was declined while trying to top-up?,top_up_failed
tr_09c28267df,Why is my ATM cash withdrawal not working?,declined_cash_withdrawal
tr_c182f6621e,I would like to use this cheque to top up.  Can you tell me how to do that?,top_up_by_cash_or_cheque
tr_08920dcd57,I withdrew cash and was charged,cash_withdrawal_charge
tr_2178302614,Why haven't I gotten my new card?,card_arrival
tr_434fe218e6,I need to urgently transfer something from China. How long will it approximately take?,transfer_timing
tr_abc08f3315,Can you tell me what the cash withdrawal is in my statement?,cash_withdrawal_not_recognised
tr_2507711975,Are there any ATM's near me that accept this card?,atm_support
tr_f0724bd5ec,How would my friend be able to send me money?,receiving_money
tr_8ce9b25451,Will I be charged for receiving the money?,top_up_by_bank_transfer_charge
tr_68a25bc0fe,I want to top up my account. Can I do it with Google Pay?,apple_pay_or_google_pay
tr_38cbde41dc,There was a strange transaction made on my account a couple weeks ago by a seller I don't recognize. May you please check on this transaction for me.,direct_debit_payment_not_recognised
tr_53fd9a790d,I have a second credit card from the US. Will you take it?,supported_cards_and_currencies
tr_a7ee4c8200,How long before a check I send clears?,top_up_by_cash_or_cheque
tr_4717111ad8,I didn't cancel my top-up.,top_up_reverted
tr_8980eccceb,How much longer until I get my new card?,card_arrival
tr_1cb3d99eca,"Why do you keep declining my transfers? It's been working well so far, but when I just tried to buy something, the card got declined. I tried it a few times, but same thing happened every try.",declined_transfer
tr_fa987a372b,Can I use my virtual card to complete transactions for memberships?,virtual_card_not_working
tr_5af5b169a6,"My PIN can't access my card, can you help?.",pin_blocked
tr_4a98c12ee3,"I'm waiting for the ID verification to go through still, so is it too soon to use my account?",why_verify_identity
tr_6bc8a01e74,Is it possible to get a real card?,order_physical_card
tr_8b6422c3aa,can I choose delivery times to suite me?,card_delivery_estimate
tr_03dd446cd2,I'm expecting to see a cash withdrawal but I'm still waiting.,pending_cash_withdrawal
tr_fd51124582,Am I going to be charged for receiving  money?,top_up_by_bank_transfer_charge
tr_a5d0cf25eb,"In regards to my card payment, the exchange rate is incorrect.",card_payment_wrong_exchange_rate
tr_a8ee499695,My card payment has been on pending forever. What is the problem? It should have gone through at some time by now.,pending_card_payment
tr_4a4b7c4a9e,I have been charged twice this week for a couple of things on my card. Can you please check this out for me and return the double charged items back?,transaction_charged_twice
tr_a5467a8049,Can I add money to my account via bank transfer?,transfer_into_account
tr_b0ba3fd67a,"Even though I added money ey to the card, I couldn't use it",pending_top_up
tr_0e9989a622,What happened to my top-up? It was all done and now it's gone! Are you having problems with your system?,top_up_reverted
tr_a6302785b3,My transfer hasn't appeared yet,pending_transfer
tr_782493f3cb,I cannot seem to use my card.,card_not_working
tr_eedfd682c5,What do I do if my Google pay top up isn't working?,apple_pay_or_google_pay
tr_616417c2b8,At what cash machines can I change my PIN?,change_pin
tr_8edc1e507a,need to exchange currencies,exchange_via_app
tr_1ab4e7b27c,where can I find the auto-top up option?,automatic_top_up
tr_bc9827d30c,"I already paid to top-up but the funds aren't available yet, where are they?",pending_top_up
tr_101c8dd0a8,I think I am a victim of fraud.  I noticed there was a charge on my account that I didn't do because I haven't touched my card today.  Can you please reverse the charge and refund my money?,direct_debit_payment_not_recognised
tr_f4d43fdbbd,I would like to change my address.,edit_personal_details
tr_80cb4e8757,Is it possible to hold money in different currencies?,fiat_currency_support
tr_50c8899e14,"I made a card payment, but it has been declined?",declined_card_payment
tr_31b601e40a,I got a strange fee when I used the ATM.,cash_withdrawal_charge
tr_ca2215f822,Can I use the card at any cash machine?,atm_support
tr_bb292f5166,How long until transfers complete?,pending_transfer
tr_448629b537,Where do I find the auto top- up?,automatic_top_up
tr_0d0513bbe0,My card payment won't work.,declined_card_payment
tr_25ae3e5ee5,What factors effect the exchange rate?,exchange_rate
tr_0f8519d4b9,I did not get the right amount of cash from the ATM.,wrong_amount_of_cash_received
tr_9084f26c62,I'm happy with Mastercard and want to stick with just that credit card.,visa_or_mastercard
tr_3e6d49539c,"If you are waiting for verification, it can take 10 minutes to 60 minutes to get results.You will hear from us once we have it.  Please make sure your images are clear and photos of documents are readable. you have to be at least 18 years old and live withing the Economic Area of Europe or in Switzerland in order to open an account.",unable_to_verify_identity
tr_0af7c40f34,How do I get a card if I live in the US?,country_support
tr_0f4ff5f389,Do you accept cash?,top_up_by_cash_or_cheque
tr_483c36c33a,What do I need for the identity check?,verify_my_identity
tr_ac97e69ea9,When I exchanged currencies the value of my money changed.,wrong_exchange_rate_for_cash_withdrawal
tr_8062afaad9,Why would my payment still show as pending?,pending_card_payment
tr_e63135309e,How can I the person see my money transaction?,transfer_not_received_by_recipient
tr_7cd30e891b,Are there any restrictions on where I use this card?,card_acceptance
tr_2f6d545801,I had to pay money for paying with my card.,card_payment_fee_charged
tr_e91d41cefe,Will you charge an extra fee for top ups?,top_up_by_card_charge
tr_b7615908d4,What's my pin number?,get_physical_card
tr_b6a83287c2,Some cash was missing at ATM.,wrong_amount_of_cash_received
tr_c080b4eef6,What steps do I need to do to delete my account?,terminate_account
tr_f48ca3d322,Can I use Apple Pay to top-up?,apple_pay_or_google_pay
tr_91a747c878,I sent money to someone but they haven't gotten it yet,transfer_not_received_by_recipient
tr_59aced6167,"Hi, Please help me to request cash back. As i have been withdrawn money from ATM, but i got wrong amount. in Application its showing the amount i have been charged through.",wrong_amount_of_cash_received
tr_3b9633172f,can i deposit a check here?,top_up_by_cash_or_cheque
tr_e5074cfbf3,I want to get a refund.,request_refund
tr_5c6f9c5255,"Show me how to link the new card,",card_linking
tr_12755801bc,What do I do if my card gets broken?,card_not_working
tr_51a88f078d,"I have done a transfer within the country the day before yesterday, but it's still not there yet. Can you please check what's going on with that, the account number definitely is the right one, I've checked that several times already.",transfer_not_received_by_recipient
tr_8104b96bb1,How to access my virtual card,getting_virtual_card
tr_8684c13e5b,My card was declined at a restaurant today and I don't know what the problem is.,card_not_working
tr_5da8b75f2b,What does pending payment mean?,pending_card_payment
tr_fd0d2a21e5,Can my PIN changed remotely without visiting a bank?,change_pin
tr_07a8ac6590,I was charged twice for the same thing.,transaction_charged_twice
tr_a9e7336217,What steps should I take before my card expires?,card_about_to_expire
tr_cc17c17c3c,Help my prove my identity.,unable_to_verify_identity
tr_62f638689f,Is it possible to get a Visa and Mastercard from you?,visa_or_mastercard
tr_cc0357adc3,how do i find top up for cash deposit,top_up_by_cash_or_cheque
tr_8fa82976c2,In a recent withdrawal I received less cash than I expected to receive.  Did someone make an error with the exchange rate?,wrong_exchange_rate_for_cash_withdrawal
tr_e91d7afcf2,"I tempted to get some money out of the machine earlier and it did not work.Looking now, the transaction actually shows to still be in progress. I would certainly appreciate someone look into this and let me know what's going on. I definitely do not want to be charged for money I never received.",pending_cash_withdrawal
tr_1eb264dea5,Why does my transaction have an added fee?,extra_charge_on_statement
tr_9a1cca2398,"I transferred some money recently and saw a fee on my account, what's that for?",transfer_fee_charged
tr_4962480aaf,Is it possible to delete the account?,terminate_account
tr_805e052ef4,I need to know what your exchange rates are.,exchange_rate
tr_6845235f13,What are the restrictions of the disposable cards?,disposable_card_limits
tr_c333354cc3,I cannot activate my card.,activate_my_card
tr_4bf4e8cf0a,Why does my statement show an extra fee?,extra_charge_on_statement
tr_1ca3d23b2e,"I normally have no issues making transfers, so why am I suddenly being told it is not possible?",beneficiary_not_allowed
tr_34688ad133,is it just visa or can i also use mastercard?,visa_or_mastercard
tr_33623b6a8d,How are exchange rates calculated at this bank?,exchange_rate
tr_11cece966c,Would reinstalling the app solve the problem?,contactless_not_working
tr_55fa0f3359,Can I get a card if I don't reside in the UK?,country_support
tr_a3cd71fbcd,"My cash withdrawal was declined, why?",declined_cash_withdrawal
tr_c47bd93513,Why was there a fee on my cash withdrawal?,cash_withdrawal_charge
tr_c62ee39c9d,What does a pending cash withdrawal mean?,pending_cash_withdrawal
tr_eb70912b08,What can I do to verify my card?,verify_top_up
tr_7d0bd0f009,"After putting in the wrong PIN too many times, I was blocked. Can you assist me in changing it?",pin_blocked
tr_f6e19d9d64,I completed a transfer that isn't showing up on my account.,balance_not_updated_after_bank_transfer
tr_f5199c0b75,"I need you to stop the transfer I just started as soon as possible, I just realized it's not correct!",cancel_transfer
tr_7fb7489144,"Hi, In morning, i was trying to withdraw money from my card, but it got declined. So far it was working fine. Could you please check my card.",declined_cash_withdrawal
tr_6dbe1be7fc,I need to move money from another bank to this account.,transfer_into_account
tr_71f8963be8,I noticed my card was used in a small town that I have never been to. Can you stop the card from being used more?,compromised_card
tr_fd02aabc02,There is a direct debit transaction on my statement that I think is not mine. How do I remove?,direct_debit_payment_not_recognised
tr_55f8f6aef7,how long should i expect to wait when i add money,pending_top_up
tr_161feea535,Why hasn't my money transfer shown up yet?,balance_not_updated_after_bank_transfer
tr_e60f97339b,"I am using the app, and I see cash withdrawals that I did not authorize.",cash_withdrawal_not_recognised
tr_b79271a1de,I really need some help to understand why my transfer keeps failing. I'm trying to send money to a friend. Please help.,failed_transfer
tr_1ab01b4bf1,"Hi, Could you please help me as someone has stolen my wallet few hours ago. And a withdrawal is made, please help immediately. As i don't want to suffer more.",cash_withdrawal_not_recognised
tr_f0e8e32fd8,"I recently reported my card as missing/lost, and I just found it. Can I still use it?",card_linking
tr_996f80bd38,My ATM card isn't working for a withdrawl,declined_cash_withdrawal
tr_431614b640,How do I start auto top up?,automatic_top_up
tr_9eabc599b9,"When I tried to access my cash, I wasn't allowed!",declined_cash_withdrawal
tr_84e241ce97,Which fiat currencies are supported?,fiat_currency_support
tr_badd2da1a0,Will I be charged for a cash withdrawal?,cash_withdrawal_charge
tr_fad3557957,Is there any reason why my card didn't work when I tried to top up?,top_up_failed
tr_1b114f6482,Why aren't my payment funds available to me?,pending_card_payment
tr_9f8ba6da15,Why is the exchange rate on my card wrong?,card_payment_wrong_exchange_rate
tr_f1e63e1291,How can I move money from an account at another bank to this one?,transfer_into_account
tr_3d81475d05,My card has been lost! help!,lost_or_stolen_card
tr_10e4bbbd58,Can I use a different bank ATM than my own?,atm_support
tr_ac22b7bd06,Where do I pay with my card?,card_acceptance
tr_5527e678fe,Where are your cards delivered to?,order_physical_card
tr_4b1926d6bd,What documents are required for proof of identity?,verify_my_identity
tr_9e1d3958f5,My top up is giving me problems. What is wrong with it?,top_up_failed
tr_0a94d72e53,"I think a card payment I made was cancelled, can you check?",reverted_card_payment?
tr_33a1d18783,"My card payment is just showing up as pending since forever, what's going on with that, when should it be going through?",pending_card_payment
tr_8a61403575,"It says that my payment is pending, what does that mean?",pending_card_payment
tr_a70c5554cb,The amount of cash I requested to withdrawal did not match what I received when exchanged,wrong_exchange_rate_for_cash_withdrawal
tr_9f7c0d1256,I want to transfer money using my credit card.,topping_up_by_card
tr_3d8c2fb36b,"I was charged for a cash withdrawal, why?",cash_withdrawal_charge
tr_1d404cff5d,I have a problem with my account. I tried to transfer some funds and the message came back declined. Can you help me?,declined_transfer
tr_ce92216a01,Card refund is not showing up in my statement.,Refund_not_showing_up
tr_a40757ed7a,"my payment was rejected, do you know why?",declined_card_payment
tr_276fbfd6d4,Is verifying my identify important?,why_verify_identity
tr_4cfb19e145,There is a direct debit set up that I didn't create.,direct_debit_payment_not_recognised
tr_be1b5742cd,What is the top-up limit on my cards?,top_up_limits
tr_95c64abb15,What places accept my card?,card_acceptance
tr_fda674df6f,My automatic top-up was unsuccessful,top_up_reverted
tr_6ea6041e43,Can I get a new card with new expiration date in China?,card_about_to_expire
tr_fb539370ad,Why is my withdrawal from the ATM still showing as pending?,pending_cash_withdrawal
tr_322990920f,I need two cards. Is this possible?,getting_spare_card
tr_6eea728c34,How do I fix a transaction to the wrong account?,cancel_transfer
tr_e5f37e9bb6,What businesses accept my card?,card_acceptance
tr_d81767c30f,"On my statement, there is a strange 1£ charge that appears as pending. What's causing that? I haven't purchased anything that's just a pound.",extra_charge_on_statement
tr_5b95060c27,How do I delete an account?,terminate_account
tr_1fade34a2a,How can I exchange to EUR?,fiat_currency_support
tr_b264ddd536,Which countries are supported,country_support
tr_12891baed3,Is there a reason that my transfer failed?,failed_transfer
tr_7f1b1e8a2d,It's been a couple days how much longer do I have to wait for my transfer?,transfer_timing
tr_5368cfacd4,"I do not like this, I made a simple transfer but I have an additional charge for doing so.",transfer_fee_charged
tr_249044a694,I would like to transfer money into my account.,transfer_into_account
tr_c720e5114e,I can't see my Google Pay top up. Is it not working correctly?,apple_pay_or_google_pay
tr_eff5d57d27,I haven't seen the cash yet from the cheque I deposited.,balance_not_updated_after_cheque_or_cash_deposit
tr_b2a7fd3d04,My card don't work.,card_not_working
tr_595a922461,There is payment showing that I didn't do.,card_payment_not_recognised
tr_03a909efc4,Is there a maximum for top-ups?,top_up_limits
tr_aad2c98de0,"Your system is broken. My transfers keep failing, 5 times now.",failed_transfer
tr_ed514526dc,What is wrong with the exchange rate? This should have been a much higher amount of cash for that to apply.,wrong_exchange_rate_for_cash_withdrawal
tr_49d1fe4532,I made a cash withdrawl and there is a charge.  What is this?,cash_withdrawal_charge
tr_83532162f7,What was the cause for my card to be declined?,declined_cash_withdrawal
tr_67a3acb41d,"My husband and I went out for our weekly ""dinner and a movie,"" and it was my turn to pick up the check. Now I see that my card was charged twice. Who should I contact about negating the second charge and getting my card credited?",transaction_charged_twice
tr_ffd4a3562d,My plans may change so I may need to change from GBP to AUD.,exchange_via_app
tr_ef62af5fed,Someone else might be using my card without my permission.,compromised_card
tr_5a39cbb236,When I got cash the exchange rate was wrong,wrong_exchange_rate_for_cash_withdrawal
tr_15c84ff211,Help! When will the card arrive at my home?,card_delivery_estimate
tr_19872dae1f,Can you help me transfer funds from another bank account to this account?,transfer_into_account
tr_d9acae7de3,What should I do if my card payment was cancelled?,reverted_card_payment?
tr_c196ed2f15,Are there any hidden limit on the auto top-up?,automatic_top_up
tr_2f3a6a609f,The exchange rate is incorrect for my cash withdrawal transaction.,wrong_exchange_rate_for_cash_withdrawal
tr_feedd6480b,can i add funds  with a card from the united states,supported_cards_and_currencies
tr_9bcffc67c6,Please help me get a Visa card.,visa_or_mastercard
tr_b7a26e6d2c,I thought it was free to make a withdrawal. So how much does it cost now?,cash_withdrawal_charge
tr_4627ef49c8,"Although I transferred some money, it has not as of yet, arrived.",balance_not_updated_after_bank_transfer
tr_ed43ed422b,I was recently charged for withdrawing money from my bank ATM. How can that be possible when I haven't been charged for using it before?,cash_withdrawal_charge
tr_1fe8ad5d3c,How do I activate my new card,activate_my_card
tr_94c4197854,"What's go on, where is my new card?",card_arrival
tr_bcf692d02a,I did not do this payment,card_payment_not_recognised
tr_84539afd67,I am not able to prove my identity,unable_to_verify_identity
tr_c16db10fba,I think I was charged by mistake on my debit statement.,direct_debit_payment_not_recognised
tr_ebfcc85cdf,Why did you give me so little currency?,wrong_exchange_rate_for_cash_withdrawal
tr_f2f5f9f4e6,do i have to talk to someone to close an account or can i in the app,terminate_account
tr_8a5ea93aa4,What is the top-up limit for my card?,top_up_limits
tr_f5c80cda36,I'm still waiting for a money transfer to show.,pending_transfer
tr_8f26cdd7d6,HOW LONG TO TAKE THE TIME TO SOLVE,card_not_working
tr_2ad221538b,Why is there an additional fee showing on the statement I received?,extra_charge_on_statement
tr_a308706da0,I tried activating my card and it didn't work,activate_my_card
tr_9f6ae94f53,My money transfer hasn't appeared yet.,pending_transfer
tr_c4abf45854,Are there any charges for European bank card for top up?,top_up_by_card_charge
tr_d10edc6598,Will my pin number be sent with my card?,get_physical_card
tr_8439c36e5b,I looked at my statement and found a payment I and found a mistake.,card_payment_not_recognised
tr_1fa836ddbd,I'm looking to get an additional card.,getting_spare_card
tr_8108698239,I want some extra physical cards.,getting_spare_card
tr_885695ac36,"I need to transfer some money, can I use my credit card?",topping_up_by_card
tr_d8cc36e802,I was supposed to get a refund but I do not see it on my statement. When is it going to be updated?,Refund_not_showing_up
tr_760452f6a6,I think that somebody is utilizing my card without my authorization!,compromised_card
tr_f61cbb4ebb,wheres my money receipt,transfer_not_received_by_recipient
tr_6ce59a1103,how much does a card cost and why do you charge me,order_physical_card
tr_59bc6ccf1d,"If I exchange foreign currency, are there any other charges?",exchange_charge
tr_a1aef8f035,I just realized I made the wrong transaction yesterday. Would  you please make it correct?I need it by tomorrow Please.,cancel_transfer
tr_ba23ccd028,How does a bank transfer for topping my account work?,transfer_into_account
tr_a4b8b7b598,What is the first step that I should take after my card has been stolen?,lost_or_stolen_card
tr_6eb46a1aa8,"I can't be sure, but I think that someone may be using my card.",compromised_card
tr_ee85bba44a,Do I get charged if I top up with my European bank card?,top_up_by_card_charge
tr_db98701e1f,"I want to reactivate my card, I thought I had lost it but found it again in my jacket.",card_linking
tr_750b3e5c81,Can I pay for my gas using my Apple watch?,apple_pay_or_google_pay
tr_350a5f2332,How often am I able to top-up?,top_up_limits
tr_bb9443ede6,I have been waiting for my card payment to be moved from pending status for an unusually long time.  What is going on here and do you have an idea of when I can expect it to go through?,pending_card_payment
tr_c4b658757c,I need assistance activating my card?,activate_my_card
tr_0c6abbd4cb,Why am I charged a fee for withdrawing cash?,cash_withdrawal_charge
tr_ae1356a89f,I would like to get some extra cards?,getting_spare_card
tr_6c892c8b07,Why does my card continually get declined? I thought I had enough money in there but I've tried several times now and it still isn't working.,declined_transfer
tr_09a300cc2b,My statement has a payment that I do not recall making,card_payment_not_recognised
tr_d52f9a885f,I don't know my password,passcode_forgotten
tr_65882448db,"My card is stuck inside the ATM, what am I supposed to do?",card_swallowed
tr_65d8c847a6,Why did the ATM eat my card?,card_swallowed
tr_f4cbd0e968,My top up was denied,top_up_failed
tr_e1e370ad04,I need my refund,Refund_not_showing_up
tr_b9eaf0c025,I am interested in changing my personal details.,edit_personal_details
tr_4e4ae6028c,How do I order a replacement for stolen card?,compromised_card
tr_d46b9ec7f1,Please help me change my PIN.,change_pin
tr_922ec2e73a,What is the formula for your exchange rate?,exchange_rate
tr_ebd1d2e6c5,"I just saw some charges on my card from the past days that I dont recognize, I need to freeze the card asap! Will I be able to get my money back?",card_payment_not_recognised
tr_55bbf4afe1,How do I know where my funds come from?,verify_source_of_funds
tr_5b891aba89,"My account shows I have been charged twice for the same meal. How do I get the second payment voided and returned to me? I do not eat out much and my family is living paycheck to paycheck,  mostly. I cannot afford to spend more money than necessary, as is, so I must see to it that the cost be promptly credited back onto my card.",transaction_charged_twice
tr_8c900c4bcc,"I can't find my card, it is lost.",lost_or_stolen_card
tr_90ac35a2aa,What are my payment options for topping off my account?,top_up_by_cash_or_cheque
tr_8ebde64c70,"My friend wants to send me money, can she?",receiving_money
tr_c7407e5e2c,What currency can I use to pay for a top up?,supported_cards_and_currencies
tr_e5d49b7f99,I was making a purchase and it was declined and I wanted to know why.,declined_transfer
tr_f935ddfb9c,withdrawal pending meaning?,pending_cash_withdrawal
tr_abd67be8a9,What is this withdrawal as I do not remember making it.,cash_withdrawal_not_recognised
tr_5c1595a90d,Can you please tell me why I cant get money from the ATM?,declined_cash_withdrawal
tr_f0cd48baee,I've been waiting for a refund to show up and I don't see it on my statement yet.,Refund_not_showing_up
tr_ad98d3b53e,I want to know how to transfer money with my credit card,topping_up_by_card
tr_72666ddfd8,Why am I being charged for withdrawing cash but haven't in the past?,cash_withdrawal_charge
tr_b94363205d,I seem to of forgotten my passcode.,passcode_forgotten
tr_2a7cb7f7ca,"If I exchange currencies frequently, is there a discount?",exchange_charge
tr_9f4de7b7b2,Can I use a cheque to top up my account,top_up_by_cash_or_cheque
tr_25cc39b4bd,I need my payment in another currency,receiving_money
tr_c6fe2c553b,The transfer was accepted but now it's stuck on pending. When will it go through?,pending_transfer
tr_0926456b2c,The wrong exchange rate applied to my cash withdrawal.,wrong_exchange_rate_for_cash_withdrawal
tr_58ad5242db,"I need to delete my account, please.",terminate_account
tr_a213bdf174,I am interested in cancelling a purchase,request_refund
tr_b699a6e781,My account shows that I made a cash withdrawal but I cannot remember doing so!,cash_withdrawal_not_recognised
tr_7d9b4b28b1,What is the length of time for money to reach the account?,transfer_timing
tr_ae78afa9ab,Where is my cash deposit in my balance?,balance_not_updated_after_cheque_or_cash_deposit
tr_d80db8f7f2,Do I have a choice for a Mastercard?,visa_or_mastercard
tr_d438fea449,Why is my identity not being verified?,unable_to_verify_identity
tr_a08848e3c0,How can a payment be declined,declined_card_payment
tr_17fbd8477b,How can I exchange currencies using your app?,exchange_via_app
tr_de7964bcfc,My card hasn't arrived in the mail yet. I ordered it two weeks ago. What can I do?,card_arrival
tr_ca84d90647,It's not letting me transfer money to my beneficiery.,beneficiary_not_allowed
tr_7151dd05f2,A card payment on my account is shown as pending.,pending_card_payment
tr_e407196b58,I think someone else is using my card.,compromised_card
tr_891fee02ec,I haven't received the PIN yet.,get_physical_card
tr_19374e9811,can you top up your account automatically,automatic_top_up
tr_75f7994edf,Are there any restrictions for the disposable cards that I need to be aware of?,disposable_card_limits
tr_96a160d64f,There has been a payment  in the App that has not be done by me.,card_payment_not_recognised
tr_f8d87f337e,I don't recognise a Direct Debit payment,direct_debit_payment_not_recognised
tr_8f718e82b8,What do I do now my credit card has been swallowed by the ATM?,card_swallowed
tr_c19dd81e73,I have foreign currency i would like to change how much will it cost me?,exchange_charge
tr_bedd6c998b,I didn't receive the correct amount of cash when I exchanged it overseas.,wrong_exchange_rate_for_cash_withdrawal
tr_2bc5672bbb,"I want to get a Visa and Mastercard, is it possible to get both from you?",visa_or_mastercard
tr_6da64b4cca,Why can't I transfer money to a beneficiary,beneficiary_not_allowed
tr_c87b72101f,"How long does the ""pending"" period of a transfer take?",pending_transfer
tr_af4bc0a870,"Help me please, My Apple Pay American Express top up does not work.",apple_pay_or_google_pay
tr_dbfdcb6d0e,Can I cancel an order if I haven't received the item yet? And how can I get my money back? Please help. Thanks.,request_refund
tr_1602b2d00a,I want to change the wrong exchange rate.,card_payment_wrong_exchange_rate
tr_d7fc0eedeb,I would like to return my purchases,request_refund
tr_936c807561,where do you have locations at,country_support
tr_6e75ba2c38,Activate my card,activate_my_card
tr_d7da6b75f5,Why was I denied the option to transfer money to a selected beneficiary?,beneficiary_not_allowed
tr_a3fe187e41,When can I expect delivery?,card_delivery_estimate
tr_a1377d290f,Can I see the source of my available money?,verify_source_of_funds
tr_5f5d28d243,is there something blocking me from making transfers,beneficiary_not_allowed
tr_a078fe1554,why hasn't my cash arrived yet from my cheque?!,balance_not_updated_after_cheque_or_cash_deposit
tr_ef925cc180,What is the charge for exchanging currencies?,exchange_charge
tr_4644acfa72,How long will delivery to the US take?,card_delivery_estimate
tr_900c300648,What do I do if I cannot access the app?,lost_or_stolen_phone
tr_9823e3e4c7,For topping-up is there a charge?,top_up_by_bank_transfer_charge
tr_4ff13bccf0,Can this app take my salary?,receiving_money
tr_2e990f6433,How can I hold and exchange fiat currencies?,fiat_currency_support
tr_ec47734c22,My wallet was stolen and all my credit cards were in there.  HELP?!!?,compromised_card
tr_b6cf2330fa,How do I change my pin while traveling?,change_pin
tr_0c0978e79c,can I use my card before identity verification?,why_verify_identity
tr_691ea713d0,I don't have my mobile device and am unable to make the payment because I forgot my details.,lost_or_stolen_phone
tr_b800a7d1aa,I don't know where my phone is.,lost_or_stolen_phone
tr_533740000c,I want a backup second card. Is this possible?,getting_spare_card
tr_ad7ce0e294,Does this app have the same exchange rate as third parties?,exchange_rate
tr_72856e761e,Why has my transfer not arrived yet?,transfer_not_received_by_recipient
tr_a836d51e94,How do I active this card?,activate_my_card
tr_c53deec82c,I see money go out that I didn't withdraw.,cash_withdrawal_not_recognised
tr_72eabdc1e8,Where do I go to get my new card linked?,card_linking
tr_6826e3b7a3,Can someone please tell me how much I can top-up?,top_up_limits
tr_3b83ece8f9,What card types can I choose from?,visa_or_mastercard
tr_68de7a8e14,What do I do if my card was stolen.,lost_or_stolen_card
tr_6df41af6fd,My transfer hasn't arrived,transfer_not_received_by_recipient
tr_22305623c7,I was wondering if international transfers take longer than normal because I made a transfer from France a couple of days ago and nothing has happened yet?,balance_not_updated_after_bank_transfer
tr_f305459f9f,Why is my top-up showing as cancelled?,top_up_reverted
tr_63a36fe512,Why won't you accept my payment? I keep trying with this card and it's not working.,declined_card_payment
tr_9f122a342b,Will you help me unblock my pin after putting in the wrong pin too many times?,pin_blocked
tr_9cdb4dabd2,Is American Express supported for adding money into my account?,supported_cards_and_currencies
tr_1701c752f6,How long will it take for my transfer to arrive?,transfer_not_received_by_recipient
tr_b8ce03e5aa,Do you limit my top-offs?,top_up_limits
tr_5dc02feb4b,There is a direct debit patentp that I haven't authorized.,direct_debit_payment_not_recognised
tr_820e800bcf,I don't know what's going on but all of my transfers keep getting declined. I have checked over the recipient details twice. These details are all correct.,declined_transfer
tr_1e2d59668c,How is top-up verified?,verify_top_up
tr_81f9aed67a,A transfer could not be completed.,failed_transfer
tr_4c4ee34268,How old does my daughter have to be to open an account?,age_limit
tr_5e5f9d973d,I'm having difficulty verifying my identity.,unable_to_verify_identity
tr_9f8e9200ee,Can you tell me why the transfer isn't showing up on my account?,balance_not_updated_after_bank_transfer
tr_a55c5d08f0,Where can I find how to change my name?,edit_personal_details
tr_dae74452ab,Is there a way to revert a transaction?,cancel_transfer
tr_8a3edcc970,How can I periodically check the delivery of the card you sent?,card_arrival
tr_8c0702b990,How do I use the app to exchange currencies?,exchange_via_app
tr_d98712ee28,What ATMs can I use my card?,atm_support
tr_b430b2011f,Where can I get my currencies exchanged?,exchange_via_app
tr_a54ce461d2,What flat currencies do you support for holding and exchange?,fiat_currency_support
tr_2e590e4af4,My disposable virtual card wouldn't process my payment?,virtual_card_not_working
tr_1e48af3940,Why is there a payment showing twice?,transaction_charged_twice
tr_5ae87c7ceb,You advertise no fee when paying with a card then my statement shows a fee.,card_payment_fee_charged
tr_02c43c5050,I was just needing to know why my card got declined,declined_card_payment
tr_dc1689cca0,I would like to know where the funds are at.,verify_source_of_funds
tr_5621bba507,When did you send me my new card?,card_arrival
tr_532f9593c1,Where do I go to activate my card?,activate_my_card
tr_aef35d45aa,How do I change my last name?,edit_personal_details
tr_f8581b554d,Can I do a SWIFT transfer?,top_up_by_bank_transfer_charge
tr_c905f7e617,Where is the transfer to my account that I made?,balance_not_updated_after_bank_transfer
tr_d71918fc27,I received the wrong exchange rate for an item i bought.,card_payment_wrong_exchange_rate
tr_f89f066fe5,In what way can I use the disposable cards?,get_disposable_virtual_card
tr_f68d3fb7ca,Can I set the account to auto top-up?,automatic_top_up
tr_9872b602a0,When will my deposit post to my account?,balance_not_updated_after_cheque_or_cash_deposit
tr_e3e10baa83,At what ATM can I change my PIN?,change_pin
tr_f37bd05299,Where's the money from my transfer from Europe?,transfer_timing
tr_c7e87bb98f,"I just got a card, how can I add it to the app?",card_linking
tr_7736dfd9cd,What are my limits on disposable cards?,disposable_card_limits
tr_bf10d54657,top up by my card is that possible?,topping_up_by_card
tr_bd3101b748,With one disposable card how many transactions can i do?,disposable_card_limits
tr_a1815f50d8,Can I get an account for my daughter?,age_limit
tr_f24f018d2d,I need to know the process to transfer money into my account.,transfer_into_account
tr_29baa1a21b,I have transfered to my account before but it is being declined now?,declined_transfer
tr_988eae15ed,The app rejected my top up,top_up_failed
tr_e7b120ec9e,At what age can I open an account?,age_limit
tr_6b21205569,Do EU transfers happen quickly? I purchased something a few days ago and the seller hasn't received my money yet.,pending_transfer
tr_9b142c72e1,I want to get my hands on one of those virtual cards!,getting_virtual_card
tr_e05d8ad175,How do I find the refund on my statement?,Refund_not_showing_up
tr_217ac959fd,how do i get top up with cash deposit,top_up_by_cash_or_cheque
tr_84bb8830e3,When will my transfer post to my account?,transfer_timing
tr_d2e9d11f98,"If I can, I would like to get both Mastercard and Visa from you.",visa_or_mastercard
tr_6822be6142,I see a direct debit transaction in my history that I did not set up.,direct_debit_payment_not_recognised
tr_20c3ccbf68,The app reversed a top off I had.  What should I do?,top_up_reverted
tr_d498c3b199,I tried to make a purchase in the store but my card was declined.,declined_card_payment
tr_636b756fef,There's a $200 withdrawal on my statement that seems fishy to me.,cash_withdrawal_not_recognised
tr_22a2ea6ac5,limits on top ups,top_up_limits
tr_26dfc5b567,I haven't received my virtual card.,getting_virtual_card
tr_ab13da73f1,I just initiated a transfer but I'd like to cancel it.,cancel_transfer
tr_42d3b3ba25,"What stopped my transfer, from being accepted?",failed_transfer
tr_1ccee05779,Why am I getting declines when trying to make a purchase online?,declined_transfer
tr_fc2210bf9b,The transfer I made isn't reflected in my balance,balance_not_updated_after_bank_transfer
tr_cac5358bae,What cash stations take this card?,atm_support
tr_eb815008c9,Can I get information on topping up?,top_up_by_card_charge
tr_b467347b54,Why do I see an extra fee on my statement?,extra_charge_on_statement
tr_102f82ed2c,Recipient has not received the money,transfer_not_received_by_recipient
tr_88e9007df1,Can i have a virtual card?,getting_virtual_card
tr_6044e83c60,I am seeing in the App a some cash withdrawal that does not belong to me,cash_withdrawal_not_recognised
tr_920c586016,"So, the card PIN?",get_physical_card
tr_8d6f6d64ff,Why did the bank reject my transfer?,failed_transfer
tr_13bfb70bc1,"I tried to top off using the card, but the money just disappeared?",topping_up_by_card
tr_ca1d2482cd,I question today's exchange rate for rubles into pounds. I was hoping for a better return.,card_payment_wrong_exchange_rate
tr_afe3fd537e,Is there a fee for a cash withdrawal?,cash_withdrawal_charge
tr_ae88e3e0a5,I have been charged for one thing two times.,transaction_charged_twice
tr_a0735d0b0b,Why is checking my identity important?,why_verify_identity
tr_8d1377b4cc,"I got mugged yesterday and they took everything. I can't use the app, so I need some help.",lost_or_stolen_phone
tr_e73e47fe8e,Are there any discounts for frequent currency exchanges?,exchange_charge
tr_ced204f47e,Someone else used my card to withdraw cash from an ATM,cash_withdrawal_not_recognised
tr_56872b8f44,I want to shut down my account as soon as possible.,terminate_account
tr_9ac286543a,How long does a payment usually show as pending? Is it normal that mine is still pending?,pending_card_payment
tr_b82834533c,I would like to get both Mastercard and Visa card from you if that's possible.,visa_or_mastercard
tr_b35514b4f8,"I made a big purchase that I regretted and cancelled, the merchant said that my refund was submitted. Can you confirm to me that all of my money was truly returned to me?",Refund_not_showing_up
tr_a85a043653,"I made a rent payment from the wrong account yesterday. It absolutely has to go through tomorrow, so can you please reroute the payment to the right account?",cancel_transfer
tr_c2c3242130,How do I exchange USD to GBP?,exchange_via_app
tr_ebea08220a,Why didn't this transfer work?,failed_transfer
tr_705ecfb35b,I think my card is broke it's not working anymore,card_not_working
tr_2e9f006be9,I was recently mugged and would like to know if I have to have access to the app to use your services and how I would go about setting up your services on a new device belonging to a current user?,lost_or_stolen_phone
tr_e377b6af08,Why am I being asked to verify my identity?,why_verify_identity
tr_b1b54b6ff1,Help!  There is a cash withdrawl on the account that I didn't make!,cash_withdrawal_not_recognised
tr_58bb26a805,I am unable to use my top-up on the app. Could you explain this to me?,top_up_reverted
tr_f2f2ec26ba,Have you sent out my card yet?,card_arrival
tr_12b5c02c3f,What's the limit on total number of cards I can have?,getting_spare_card
tr_9762b79b6f,A seller is stating that they haven't received money yet when the money has already deducted from my account.,reverted_card_payment?
tr_49dedf3f9d,Do I get to have one of those virtual cards I've heard about?,getting_virtual_card
tr_78f438476a,is there a limit to top up,top_up_limits
tr_3c89459462,Why was I charged more than I should have been?,extra_charge_on_statement
tr_4ef8cc212d,Why didn;t my payment work,declined_card_payment
tr_55da389c23,I noticed additional charges when transferring?,transfer_fee_charged
tr_ce17b08814,I have an incorrect charge and would like a refund.,request_refund
tr_ba2cfb573c,When can I expect the transfer to arrive in my account?,transfer_timing
tr_eccde9fc36,Why doesn't the person I sent money to see that transfer yet?,transfer_not_received_by_recipient
tr_4795919ac9,If I want to can I set up a new PIN?,change_pin
tr_6ec5923135,I am asking to end my account.,terminate_account
tr_66b3273712,The wrong exchange rate was used for my cash withdrawal,wrong_exchange_rate_for_cash_withdrawal
tr_96eb1631b1,After my card expires what should I do?,card_about_to_expire
tr_b0e6b7ce90,How do I add cash to my account?,top_up_by_cash_or_cheque
tr_0522fe53c9,How can I get a refund for a purchase?,request_refund
tr_9392bb140c,What if there is an error on the exchange rate?,card_payment_wrong_exchange_rate
tr_9536e2e615,Where is the top-up verification code?,verify_top_up
tr_134ae4f6e3,I see a direct debit that isn't mine? How can I get my money back?,direct_debit_payment_not_recognised
tr_88d7b1fb30,"Can you tell me how long it would take, to make a transfer from France? I made one 2 days ago and its not there yet.",balance_not_updated_after_bank_transfer
tr_5aa683f729,Is my card valid everywhere?,card_acceptance
tr_b8148ea37d,Did you revert my top up?,top_up_reverted
tr_fc123409f0,What is the cost and time frame of getting a new card?,card_about_to_expire
tr_04ca87493e,Do I have an option between Visa and MasterCard?,visa_or_mastercard
tr_49f7955595,"My phone was stolen, what should I do?",lost_or_stolen_phone
tr_a431ed9380,Why was my PIN blocked?,pin_blocked
tr_8db0d93101,Why didn't I receive all the cash I requested?,wrong_amount_of_cash_received
tr_53566cf51f,Can I verify my identity?,verify_my_identity
tr_efdf0adeb7,"Hey, I tried to withdraw some cash earlier and it's saying it's pending? Will I be charged for this?",pending_cash_withdrawal
tr_a5d18593a0,I'd prefer Mastercard.,visa_or_mastercard
tr_5a36c30aa5,I couldnt get cash in an ATM,declined_cash_withdrawal
tr_57cf6ed9e6,"I was suppose to be getting a refund for something I purchased a while ago, but It still hasnt been applied to my account. When will I get my money back?",Refund_not_showing_up
tr_599e663151,How long does it take for a refund to appear?,Refund_not_showing_up
tr_ddb35c64ec,Why is my transfer stuck on pending?,pending_transfer
tr_ee3095fe77,How do I top up?,transfer_into_account
tr_e98dc24e33,Can I track history on funds?,verify_source_of_funds
tr_2b94f58b98,the transfer to an account wasn't allowed is there any other way for me to do it,beneficiary_not_allowed
tr_ad9e2d5008,Why do you need so much information about me,why_verify_identity
tr_a85f17c3f2,I am still waiting to find out the status of my refund. I have made previous attempts to find out what the status is to no avail. Will you please look into this for me?,Refund_not_showing_up
tr_4de63cd9f5,Why doesn't my passcode work?,passcode_forgotten
tr_dce6ac2456,"When I went to $100, all the machine would give me was $20.",wrong_amount_of_cash_received
tr_779f41e818,If my card was lost or stolen can I re-link it?,card_linking
tr_0aaf797bf7,Am I able to modify my account details?,edit_personal_details
tr_1d511e6892,Which fiat currencies can I use through this app?,fiat_currency_support
tr_080c16c0e5,How do I change my PIN abroad?,change_pin
tr_90f4625cfd,Top up did not work on the app.,top_up_failed
tr_e524e4d82d,"A card has been sent to me, how do I track it?",card_arrival
tr_1023845db2,I tired but an unable to activate my card.,activate_my_card
tr_10a8acdba1,"I want to transfer money into my account, what do I do?",transfer_into_account
tr_48461e8406,Why isn't my cheque deposit showing on my account?  I though it would be faster and would like to to look into it and help.,balance_not_updated_after_cheque_or_cash_deposit
tr_e09677447f,My card payment still pending,pending_card_payment
tr_caa3514f45,I need help with some transactions in my account that I dont recognize or remember purchasing. Im not sure if the name is just different or what. Should my card be put on hold while the issue gets figured out to be safe or is it ok?,card_payment_not_recognised
tr_daabc69f77,I am very dissatisfied with the services that you are providing.  I want to cancel my account.,terminate_account
tr_716a27bd3b,I think my top up was reversed.,top_up_reverted
tr_c0a0c2a9f8,My card is showing the same transaction over and over again.,transaction_charged_twice
tr_d475a20661,Can I receive my card anywhere?,order_physical_card
tr_bb35cf6309,Do you charge for sending out more cards?,getting_spare_card
tr_fa93982af5,Can you please explain why my transfer failed?,failed_transfer
tr_52c3f5f9eb,I need several disposable cards made per day.,disposable_card_limits
tr_c9af3c771f,can i go into my app to find my pin,get_physical_card
tr_d53751e094,What should I do if I can't use my card?,card_not_working
tr_870e51d66e,"It seems you keep declining my transfers. Before, it's always worked very well.Just now when I tried to buy something the card was declined. I tried more than once and it was the same thing each time.",declined_transfer
tr_76dd3354a9,I see an unauthorized withdraw.,cash_withdrawal_not_recognised
tr_2becfa9507,i didnt put that money in my account,cash_withdrawal_not_recognised
tr_35484e7351,What do you need for the identity verification,verify_my_identity
tr_be58804f21,When I received my cash; they had my exchange rate incorrect.,wrong_exchange_rate_for_cash_withdrawal
tr_f7019bc271,How can I prove who I am?,verify_my_identity
tr_0fc782ffb4,Why does my payment appear as pending?,pending_card_payment
tr_d2dfbee53e,I need several cards per day. And I need to be able to throw away all of the cards I make.,disposable_card_limits
tr_c485a88c4f,Can you tell me about why the account I have was charged an extra 1$,extra_charge_on_statement
tr_cc5f9e20db,I tried to do a transfer but it didn't go through.,failed_transfer
tr_f3ae0b3b7c,"Do any of your machines provide cash from my home country? I don't have any money on me and I'm on holiday so I'm concerned. Also, will I be charged anything to do this?",wrong_exchange_rate_for_cash_withdrawal
tr_2b0ec3b3b2,What can I do if my passcode won't work?,passcode_forgotten
tr_3530be6623,What if I type in the wrong PIN too many times?,pin_blocked
tr_19d36f22e9,Will I be charged a fee to top up using a debit or credit card?,top_up_by_card_charge
tr_cb13c0ce09,"How long does an international transfer take? I made the transfer from France 2 days ago, but it is not showing up in my bank yet.",balance_not_updated_after_bank_transfer
tr_17484edd7f,I think that the card is stolen.  What are my next steps?,lost_or_stolen_card
tr_7ec7b32b94,Is there a way to order a virtual card on the website?,getting_virtual_card
tr_b51f027464,Is topping up with cash allowed?,top_up_by_cash_or_cheque
tr_fb55e0e5c0,Is there a limit to the number of disposable cards I can have?,disposable_card_limits
tr_6ec43a5df5,Someone took my card without permission,lost_or_stolen_card
tr_f37f35c8a5,When will you be taking orders for disposable virtual cards?,get_disposable_virtual_card
tr_8b9811abf8,Is there any way to see my card in the app?,card_linking
tr_119d1c16a0,"I went to look at my top-up and it was canceled, can you tell me why this happend?",top_up_reverted
tr_41ca511973,How come I can see an extra charge for my transfer?,transfer_fee_charged
tr_9262ab926f,The ATM only gave me 10 pounds when I withdrew 30. What do I do?,wrong_amount_of_cash_received
tr_bfdeb4f41a,Why was I declined from getting cash?,declined_cash_withdrawal
tr_13379b58f9,Where can I find out where my funds came from?,verify_source_of_funds
tr_8c32370c19,Why is verification for my identity needed?,why_verify_identity
tr_57c21e1c8d,Why do I have duplicate transactions for one purchase?,transaction_charged_twice
tr_9bef394930,When will I get my new card?,card_arrival
tr_5e6b2e6b9a,Tell me what ATMs allow me to change my PIN.,change_pin
tr_6f10438ce0,I just got my card and cannot get it to work.,activate_my_card
tr_92e9f4f5fa,Can you tell me which cards and currencies are supported?,supported_cards_and_currencies
tr_423ef7bcd8,What will my exchange rate be?,exchange_rate
tr_4d019e8494,I have gone through my statements and noticed there is a large payment that I did not make. Can i still dispute the payment? its been a while,direct_debit_payment_not_recognised
tr_07cc32c653,I think that the exchange rate for the withdrawal of my cash is not right.,wrong_exchange_rate_for_cash_withdrawal
tr_48e75d49ab,I would like to change my personal details.,edit_personal_details
tr_f6f16974b3,"In the app, where do I find my card PIN?",get_physical_card
tr_ce6f81dd29,"I hate this ATM, it charged me an extra fee, Why did it charge?",cash_withdrawal_charge
tr_a59a2ada1e,Where would I find top up by cash deposit?,top_up_by_cash_or_cheque
tr_33da6e763e,What do I do if my card is not working?,card_not_working
tr_3a31188d20,"I made a transfer and according to the receiver ""they haven't received the right amount"" Its lesser than it should be.Now I have to transfer more money to make up for the missing amount . Can you please help me about this,what should be done",transfer_fee_charged
tr_88649e4ece,Who do I talk to about the ATM swallowing my card?,card_swallowed
tr_a09fe16816,"I was transferring some money to a friend, which I thought would be free, but I see there is a charge.  What's up with that?",transfer_fee_charged
tr_471d1dd351,why has a cash withdrawal charged me?,cash_withdrawal_charge
tr_db84fb5da6,"If my account is low in funds, can I set an auto top-up?",automatic_top_up
tr_ca70d7e9c8,I tried to buy something over the Internet yesterday and got a declined error. I tried again today and got the same message. What is the issue?,declined_transfer
tr_9ee0d75db3,Is there a Mastercard ATM nearby?,atm_support
tr_4ad8b33f6b,I have an unauthorized charge.,direct_debit_payment_not_recognised
tr_dc496faaef,You've incorrectly calculated the exchange rate for my cash withdrawal,wrong_exchange_rate_for_cash_withdrawal
tr_3dbe1cee63,How do I replace my card?,card_about_to_expire
tr_240c3ded84,Is there a fee for sending out more cards?,getting_spare_card
tr_3bb6c59cbd,"I transferred money from the US, How long does it take?",transfer_timing
tr_31dfe14cf7,Can you give me info about what to do when my card expires?,card_about_to_expire
tr_0d3f9d4edf,"My transfer failed, why?",failed_transfer
tr_05dc49f8cc,I tried to top up with my card but it was declined. I was able to a couple days ago and it worked. Is something wrong? Can you check it for me please?,top_up_failed
tr_baf58cfaa4,Do the disposable cards have any restrictions?,disposable_card_limits
tr_c51bbeb64f,Will money be added automatically when necessary?,automatic_top_up
tr_bc872844aa,"I have a transfer from the US, How long is the wait?",transfer_timing
tr_2a79d84e45,Can I open an account for my children?,age_limit
tr_301c522933,I can't figure out how to unblock my pin number. Can you help me?,pin_blocked
tr_0478ceaea7,Has my card been lost in delivery?,card_arrival
tr_ff97bd7430,Can you tell me how long it takes for a new card to come?,card_delivery_estimate
tr_cc0e5cb7a0,I can't get any money from my account.,declined_cash_withdrawal
tr_5eeb9a3269,I was charged the wrong exchange rate on a purchase,card_payment_wrong_exchange_rate
tr_1f2410ee8c,I need to add my new address now that I've moved.,edit_personal_details
tr_ef57fcd608,"I need to deposit my virtual card, how do i do that.",get_disposable_virtual_card
tr_b172609e79,Why would the ATM machine fail to give me the cash withdrawal I requested?,declined_cash_withdrawal
tr_e1763bef68,"I am seeing in the app, some cash witdhrawals that I did not authorize.",cash_withdrawal_not_recognised
tr_5abe2d9c86,When will my deposit be processed?,balance_not_updated_after_cheque_or_cash_deposit
tr_87d88d2d3b,how to get a new card in china,card_about_to_expire
tr_3ef842ab59,Where do I get a disposable card,get_disposable_virtual_card
tr_3760807e56,Why does top-up require verification?,verify_top_up
tr_5973b09b7f,In what places can I use my card?,card_acceptance
tr_6ef7c5eebc,My atm withdraw is stillpending,pending_cash_withdrawal
tr_1458b14ed7,"Hello, I was contacted by a seller who let me know my money didn't come through on their side. It most certainly came out of my account so I need this looked at immediately because now it has been returned to me!",reverted_card_payment?
tr_b5a0592199,I am unable to prove my identity,unable_to_verify_identity
tr_8579ceb4c0,how to exchange currencies,exchange_via_app
tr_34cb7b9db6,HELP. My account has been deducted already and the Seller says they haven't received the money yet? When can they expect it?,reverted_card_payment?
tr_ab83f59204,How can I get my money back for a payment i didnt make,direct_debit_payment_not_recognised
tr_a91cc13699,Where are you cards supported?,country_support
tr_1ed2827b61,I need to do a card activation.,activate_my_card
tr_644ffa3e26,How do I reset my password?,passcode_forgotten
tr_659a386dba,need to know if there is a maximum i can top up,top_up_limits
tr_dbf7f3c845,I was charged more than once for a card payment I made.,transaction_charged_twice
tr_bbe302dd2c,Is it possible to get a physical card?,order_physical_card
tr_dab63cf249,"I tried to add a topup to my account but the money isn't there, anymore. Did I do something wrong?",top_up_reverted
tr_0ea44c9809,I see an unfamiliar Direct Debit payment.,direct_debit_payment_not_recognised
tr_2f9fddfdca,The app is telling me that I am not me.,unable_to_verify_identity
tr_30bffb0470,Why wont the other bank take my money?? Is it not good enough?? There's sufficient funds but I keep getting denied a standard transfer. Ive tried 5 times!,failed_transfer
tr_594276a89e,There is a missing transfer on my account,balance_not_updated_after_bank_transfer
tr_e666faa5c0,Why did I only receive this much currency?,wrong_exchange_rate_for_cash_withdrawal
tr_add38020ba,"I need a refund and cancel a transaction on an item I purchased and i need it as soon as possible, please!",request_refund
tr_71aa690bb6,Are extra charges added for sending out additional cards?,getting_spare_card
tr_0c031c6730,"Not living in same place, need to change details",edit_personal_details
tr_1382154f88,the exchange rate I got for cash was wrong,wrong_exchange_rate_for_cash_withdrawal
tr_6340870580,"If I order a new card, how much will it be and how long will it take me to get it?",card_about_to_expire
tr_3a86ccfe91,"Something is wrong, my top-up is gone and I don't know what happened to my money.",top_up_reverted
tr_b88a011149,Someone mugged my and stole everything.  I can't use the app.  What should I do?,lost_or_stolen_phone
tr_814f8ad219,I wanted to top up my account and it doesn't look like it worked,top_up_failed
tr_37d0c2aef0,Explain the activation method for this card,activate_my_card
tr_63bb306c82,What's the tracking on the card you sent?,card_arrival
tr_9dd3f13baa,Why hasn't my top-up finished pending yet?,pending_top_up
tr_292e223d87,I made a payment that is not yet complete.,pending_card_payment
tr_d3f70654c3,"My transfer went through, but it seems to be caught up in a pending status.  This was very important that it got done quickly, can you give me a status update on how long it will take?",pending_transfer
tr_64dc737271,I am unable to use my card for some reason.,card_not_working
tr_4cdb5fd3af,Why hasn't the money I transferred into my account shown up yet?,balance_not_updated_after_bank_transfer
tr_970f69fbcb,I have a disposable virtual card. Is there a limit to how many times I can use it?,disposable_card_limits
tr_44027976ef,"Hi, I am currently in the process of buying a flat and I am waiting for the mortgage to go through but it keeps showing up as an error.  Do you know what could be causing this and can you help me get the money over.",failed_transfer
tr_087fa92ca9,Can I make a contactless payments?,contactless_not_working
tr_f6207a7241,Please sort your top up! My top up has been pending for an hour already. Can you please make it go through as soon as possible. I really need the money.,pending_top_up
tr_2ec3cbb63f,How does one send me money?,receiving_money
tr_3c810f24e2,Is the verification number on the top up card,verify_top_up
tr_5a8c7407cc,I ordered my card but it still isn't here,card_arrival
tr_f7b16097ce,What is the most efficient way to activate my new card?,activate_my_card
tr_29ab6fb60e,I need to get my card quickly,card_delivery_estimate
tr_54e272c3b9,"I heard that you support more than one type of fiat currency, would you tell me which ones please?",fiat_currency_support
tr_c5c45d4187,what is the limit for top-ups?,top_up_limits
tr_144adf2007,I had the wrong exchange rate applied to some cash I got abroad.,wrong_exchange_rate_for_cash_withdrawal
tr_dbf021c34b,How many physical cards am I allowed to have?,getting_spare_card
tr_9f52e51a83,I would like to change my name after marriage.,edit_personal_details
tr_6fd1bb21d6,Please cancel the transfer I just made.  I put in the wrong account number and can't seem to stop it on the app.,cancel_transfer
tr_4a1bc484bd,I'm being charged for using my card!,card_payment_fee_charged
tr_2ab93d54fd,Where are the cards transported to?,order_physical_card
tr_1d1e312c1e,I didn't enjoy my tutor session and want a refund back. How do I go about doing this?,request_refund
tr_1a12db1c7c,Help!  What should I do?  My phone was stolen yesterday.,lost_or_stolen_phone
tr_67be3150f1,Do I need to go to an office to change my pin?,change_pin
tr_71a0adad7e,Do you have the option for a disposable virtual card?,get_disposable_virtual_card
tr_920fffbedf,I need to cancel a transaction please!,cancel_transfer
tr_197db574a8,What do I owe for a new card?,order_physical_card
tr_a2ad81e497,I tried to use my card to withdrawal money from the ATM in Notting Hill but it didn't work. This is the first time I've tried using it. Is my card working?,declined_cash_withdrawal
tr_e85bcdfd0e,I did not get the cash that is showing up in my app.,cash_withdrawal_not_recognised
tr_15f18fc144,I have a transfer that was approved that I'm urgently waiting for. How long am I supposed to wait for it?,pending_transfer
tr_9ac803790c,I don't have my passcode to access the app.,passcode_forgotten
tr_d24f2b5512,You charged me more than once for the same transaction!,transaction_charged_twice
tr_146b96891b,I want to delete my account. How do I do this?,terminate_account
tr_47ed6e1245,Is there a pay structure for currency exchanges?,exchange_charge
tr_cd42aec65a,I keep trying to use my card to buy some things and you keep declining it. Why? I've tried multiple times to make it go through but it won't.,declined_card_payment
tr_fc70f6d58f,I did not ask for the amount of cash that I received.,wrong_amount_of_cash_received
tr_258fcf741f,"Hello, I believe there has been a mistake made on the exchange rate for my card. Could you please check the official interbank exchange rate for me?",card_payment_wrong_exchange_rate
tr_e620bef60e,I won't be pleased unless I get a Mastercard.,visa_or_mastercard
tr_a51bafc4ba,What do I do if I have forgotten my passcode?,passcode_forgotten
tr_419379f015,Is there something wrong with my ATM Card?  Tried using it earlier and it did not work.,declined_cash_withdrawal
tr_51b009adb8,I did a transfer and was charged a fee that I shouldn't have been!,transfer_fee_charged
tr_dfc08a1ef6,There is a transfer not showing on my account.,balance_not_updated_after_bank_transfer
tr_ddbfa3a638,Why do I get a fee every time I transfer?,transfer_fee_charged
tr_229a150e8c,My card was charged more than expected.,card_payment_fee_charged
tr_dc4090bada,What is the function of the disposable cards?,get_disposable_virtual_card
tr_8cd587b636,"I seem to have a problem here, I bought something about a 2 weeks ago and just now received the payment back into my account and I've already received the item. Can you tell me what is going on here?",reverted_card_payment?
tr_cba480c217,What are the countries you have offices in?,country_support
tr_2467e26d14,need to know places i can withdraw money,atm_support
tr_3dfe551925,What was the issue with my topping up?,top_up_failed
tr_65c72fb21c,I have a confusing payment appear on my statement and I don't recognise it!,card_payment_not_recognised
tr_a8197d0548,I have not received an item i ordered yet so i want to cancel it and get a refund. Can you please guide me on how to go about it?,request_refund
tr_50d646e293,Why is my card being declined when I try to do a top-up? How can this be immediately resolved?,top_up_failed
tr_aa6d9abf99,Is there a way to tell where the money came from?,verify_source_of_funds
tr_e40ab4c182,How long does it take for a purchase to go from pending to authorised?,pending_card_payment
tr_87ac9e39b1,"A WD was just made on my account, but it was not me and I still have my card.  What to do?",cash_withdrawal_not_recognised
tr_001c749794,Please explain how I use the disposable cards?,get_disposable_virtual_card
tr_e368df587a,I am having a huge problem with my card being declined and it's really important that I top-up today.  Would you please look into this further and let me know how I can get this fixed?,top_up_failed
tr_3b9a7f1585,I was charged and shouldn't have been charged when using my card!,card_payment_fee_charged
tr_f52eccf1e1,"This past holiday I made a withdraw at the ATM machine, and it seems I've been charged too much.",wrong_exchange_rate_for_cash_withdrawal
tr_f6e7b3e8db,I have no way to prove my identity.,unable_to_verify_identity
tr_c3eb04e136,"Is there a fee when I get cash from an ATM? Is there a limit I can take out? If there is a fee, what is it?",cash_withdrawal_charge
tr_1bad6c0ca7,What ID do I need to verify my identity?,verify_my_identity
tr_c02d85cc61,How do I order a disposable virtual card?,get_disposable_virtual_card
tr_361139ffb8,I bought an item at the wrong exchange rate.,card_payment_wrong_exchange_rate
tr_8b411bf0f9,"I tried to withdraw cash and got declined, why is that?",declined_cash_withdrawal
tr_b76abed6de,How can I exchange currencies in the app?,exchange_via_app
tr_d9cb640b6d,I got charged a service fee on my account. Can it be waived since I didn't know about it before?,card_payment_fee_charged
tr_246b4a371c,Is there a way for you to find out why my account was deducted from a seller when I didn't approve of it?,direct_debit_payment_not_recognised
tr_8e68b56ee8,Why are you charging me a transfer fee?,transfer_fee_charged
tr_d13cad189c,How much are the rates of exchange?,exchange_rate
tr_798ff3a102,Can you please disable my current account.,terminate_account
tr_dc1f9e2371,There's a cash withdrawal on my account that I didn't make,cash_withdrawal_not_recognised
tr_06187e581f,Why do you have the identity check,why_verify_identity
tr_f419ab44d6,"I just checked my statement and saw a $1 charge, why is it there?",extra_charge_on_statement
tr_3b266e4dea,"I haven't received my transfer funds yet, where are they?",pending_transfer
tr_f03b0f9ecf,For some reason my card payment hasn't worked. what can I do to look into that?,declined_card_payment
tr_6ae15d2d50,"What does it mean when a transfer is ""pending""?",pending_transfer
tr_da8730c443,I have to verify my source of funds.,verify_source_of_funds
tr_483e2bb6a2,What will I need to verify my identity,verify_my_identity
tr_175899cfd9,I thought transfers were free. Why was I charged to transfer?,transfer_fee_charged
tr_be7d14b074,How much does it cost to top up by transfer?,top_up_by_bank_transfer_charge
tr_2da4282c4a,You operate in which countries?,country_support
tr_bb6129632d,I want a refund for an item,request_refund
tr_d0a7e3ee2e,"Changed details is essential, what steps do I take to do so?",edit_personal_details
tr_9f2b983dbf,When the time is right will this automatically replenish my balance?,automatic_top_up
tr_cca955cb65,"Please cancel my most recent transfer, it was a mistake. This is an emergency. It needs to be canceled before it goes through.",cancel_transfer
tr_1975b20d9f,What US credit cards do you accept?,supported_cards_and_currencies
tr_16ff11990c,Is there a way to change my PIN without having to go to the bank?,change_pin
tr_1bc7ae1817,Give me a refund now!! I am still waiting.,Refund_not_showing_up
tr_0d3bebe671,"Hi, I checked my transactions and saw that I was charged twice during a restaurant visit. I would like to get my money back.",transaction_charged_twice
tr_f307953dff,My transaction from earlier needs to be reversed.,cancel_transfer
tr_e54532599a,I was just contacted by a seller that let me know they didn't get my money even though I'm very sure it was removed from my account. Now it's back in my account. Get this resolved quickly.,reverted_card_payment?
tr_2bfb95560c,"Please help me with the amount that i have withdrawn from the ATM today, the ATM has given me wrong sum of amount, and i could see that the app is displaying the greater amount than taken out.",wrong_amount_of_cash_received
tr_e1378a0e6f,Could I open an account for children?,age_limit
tr_0e3298207f,"I lost my card and need a new one, will it cost me?",getting_spare_card
tr_c60f763bc5,"I'm looking in the App and can't find my PIN, where should I look?",get_physical_card
tr_e2e332bd42,I would like an extra card.,getting_spare_card
tr_82470b585a,"My top-up does not seem to have worked, what  went wrong?",top_up_failed
tr_143a52539a,The recipient can not locate funds.,transfer_not_received_by_recipient
tr_a1a8024591,Why was my card payment reversed?,reverted_card_payment?
tr_10e278c526,How long will it take for the cash I deposited this morning to show up?,balance_not_updated_after_cheque_or_cash_deposit
tr_d64ed49097,I need to know where do my funds come from,verify_source_of_funds
tr_e6ebc047b6,Is there a limit on disposable cards?,disposable_card_limits
tr_c8058acb9a,Shopping on line I was declined when trying to buy something.,declined_transfer
tr_afe3031a22,Help! I made a transfer in error and need to cancel it before it's complete!,cancel_transfer
tr_630e5b8e3a,I wish to remove my account.,terminate_account
tr_7c5f3df259,I'm concerned because my cash withdrawal is pending.,pending_cash_withdrawal
tr_06b616b6e1,What kind of money can I hold?,fiat_currency_support
tr_2771f1f5df,One of my card payments looks like it's stuck but I have made the payment days ago. How long until the payment will be applied to my account?,pending_card_payment
tr_7ac0d2ea73,How does it work when I transfer money into my account?,transfer_into_account
tr_512f7bf58c,I'm cancelling this charge. I still have not received what I bought from these people a while ago.,request_refund
tr_7f7b68651d,I need to see where my money came from.,verify_source_of_funds
tr_46e697132f,I need to verify the source of funds.,verify_source_of_funds
tr_7bc5436f1b,I lost my card n need a new one.,lost_or_stolen_card
tr_c6806a819c,I want to get few more physical cards,getting_spare_card
tr_78f929bf9f,What are the steps that I need to take to activate a new card?,activate_my_card
tr_f57fc0448e,I found the exchange rate for my cash withdrawal is wrong,wrong_exchange_rate_for_cash_withdrawal
tr_d4d1ee22de,i asked for 100 only got 80,wrong_amount_of_cash_received
tr_aa7060d233,This exchange rate you use is awful! Please tell me this is a mistake and not the official interbank exchange rate!,card_payment_wrong_exchange_rate
tr_e6199bd909,Who charged me a fee for paying by card?,card_payment_fee_charged
tr_2fc2dde1d7,"Hello, I see that I have been charged an extra $1 on my app.  Could you please provide me with a reason for this charge?",extra_charge_on_statement
tr_8ae2afeb07,Help me to set up contactless payments.,contactless_not_working
tr_119f2100d9,Why isn't my refund showing up?,Refund_not_showing_up
tr_dc0fae5119,Is there anything to do because my phone was stolen?,lost_or_stolen_phone
tr_115cd52eeb,How do I make my transfer go through,declined_transfer
tr_e0f14a0230,I have to quickly transfer something to China. How long will it take to arrive there?,transfer_timing
tr_ec65de19c9,I would like to reactivate a card and wondered if that could be done?,card_linking
tr_6cdf828e32,I am wondering about a transfer from a different country that doesn't show up yet?,balance_not_updated_after_bank_transfer
tr_c0e3b30a3c,How do I edit the personal details on my account?,edit_personal_details
tr_375dd70c17,I made a transfer a couple hours ago but my balance has not been updated. Why is this? Shouldnt this be instant?,balance_not_updated_after_bank_transfer
tr_8526938e4e,There was a problem with the exchange rate on a purchase.,card_payment_wrong_exchange_rate
tr_921ec14eee,help me find where this money came from,verify_source_of_funds
tr_5ef8ca8fcd,Do you provide currency exchange to Euros?,fiat_currency_support
tr_b35cfccb21,Why did my card get charged twice for a transaction?,transaction_charged_twice
tr_c231a6d9d0,Why is my transfer pending when I already made it?,pending_transfer
tr_a8ba70b953,What are the cards and currencies that you support?,supported_cards_and_currencies
tr_08c979a846,what to do about stolen phone,lost_or_stolen_phone
tr_a7e6e67160,I CAN NOT FIND THE TOP-UP VERIFICATION CODE.,verify_top_up
tr_08d3ff6d0a,I have duplicate charges for the same transaction,transaction_charged_twice
tr_770b165e62,There is a cash withdrawal on my statement that I did not make,cash_withdrawal_not_recognised
tr_e62c75a909,My card payment has failed.,declined_card_payment
tr_a7c065b2b5,How long do transfers from Europe take?,transfer_timing
tr_0fba986448,How long will a transfer take from Europe?,transfer_timing
tr_76029f63af,Can I use my card no matter where I go?,card_acceptance
tr_b5db2dbaa0,Where did my money go? I'm not able to withdraw it from my ATM.,declined_cash_withdrawal
tr_4c5884de29,I have a direct debit on my records that is strange and I need help.,direct_debit_payment_not_recognised
tr_4be5b13e50,Help me verify the card used on a top-up.,verify_top_up
tr_a06425b287,Hoe do i use my credit card to transfer money?,topping_up_by_card
tr_4e362a532e,"If you to to account, hit activate, and follow the instructions, you can activate it in just a few seconds.",activate_my_card
tr_4932bb50fa,"My card expires soon, will you send me one automatically?",card_about_to_expire
tr_6553a06b9b,I have kids and I'm curious at what age could they start to use your service.,age_limit
tr_7e71e92876,Why did I only get $20 now the full amount I wanted?,wrong_amount_of_cash_received
tr_ed48291044,I tried the wrong PIN too many times.,pin_blocked
tr_8406e7b1aa,Why is it showing that my account has been charged a dollar that is showing as pending?,extra_charge_on_statement
tr_834c8017db,Why can't my ID be verified?,unable_to_verify_identity
tr_8d4d097e5e,How can I get my money that I didn't get from the ATM?,wrong_amount_of_cash_received
tr_5b800b1b76,I need to know what charges I will incur for using a European card for top up.,top_up_by_card_charge
tr_a714fa3e22,What should I do if my physical card isn't working?,card_not_working
tr_dc94375ab9,How can I request cash back? The ATM gave me the wrong amount that I've been charged though...,wrong_amount_of_cash_received
tr_72fa67734e,I think something went wrong with my exchange between Russian Ruble and UK pounds. I was overcharged during the swap.,card_payment_wrong_exchange_rate
tr_bbab8b3c6f,I still want to use my account but haven't verified is that OK?,why_verify_identity
tr_e01698d58c,I just made a transfer from France 2 days ago. It has not yet reached my bank. Is it possible it takes longer because it was an international transfer?,balance_not_updated_after_bank_transfer
tr_0180dd6034,"I tried to withdraw cash, but got declined!",declined_cash_withdrawal
tr_7245fde0f9,how to i go about getting my virtual card,getting_virtual_card
tr_068129e96a,I want to use a cheque to pay.,top_up_by_cash_or_cheque
tr_4c8ccdf6bd,Can you assist on apple watch top ups?,apple_pay_or_google_pay
tr_3f17e07a04,Can this convert money?,exchange_via_app
tr_e89b39ebe8,Why are my withdrawals suddenly being declined?,declined_cash_withdrawal
tr_aa5ee676a6,When I was transferring money I was charged extra why?,transfer_fee_charged
tr_4512a404b0,Why am I unable to withdraw my money through this card?,declined_cash_withdrawal
tr_56a379256b,Please explain the fee on a transfer I made.,transfer_fee_charged
tr_f0c1602675,I have been overcharged. I just changed over Russian Ruble to UK pounds and it was too much. It seems something was wrong with my exchange.,card_payment_wrong_exchange_rate
tr_d6f26950bf,Top up not available in my wallet.,topping_up_by_card
tr_858ff74614,Are there any limits to were my card is accepted?,card_acceptance
tr_aaf3cc87c4,I'm expecting a refund but it's no where to be seen,Refund_not_showing_up
tr_61170ca649,"Although I am not located in the UK area, may i still receive a card?",country_support
tr_0ae8fe1f31,Why would there be an extra charge on my app?,extra_charge_on_statement
tr_3824ed2355,How long will it take for my money to be deposited?,pending_top_up
tr_80bd986766,Please explain why the funds I added were returned to my account.,top_up_reverted
tr_f7b1e5b4ed,I think the exchange rate is wrong for my ATM withdrawal,wrong_exchange_rate_for_cash_withdrawal
tr_df5042a56f,The app reverted the payment I made.,reverted_card_payment?
tr_921edf189b,"Hae, I already completed my 3D secure authentication when I tried the crypto top up but it's still not working for me. I also don't understand what happened to the money in my account",top_up_reverted
tr_364197133f,Can I use visa or mastercard with your service,visa_or_mastercard
tr_3aeb212734,Why hasn't my cash been deposited yet?,balance_not_updated_after_cheque_or_cash_deposit
tr_0f58ffe03d,How can I cancel a transaction to a wrong account?,cancel_transfer
tr_d749b68541,I requested a refund directly from the seller but I still don't have it. I just want you to send me my money back. I did what you said to do and I still don't have it.,Refund_not_showing_up
tr_2369cd3ddc,How can I top up my account with a cheque?,top_up_by_cash_or_cheque
tr_183ef97c62,How much do I have to pay if I want to transfer money?,transfer_fee_charged
tr_8eea3cbc4a,Someone else accessed my account and made a payment.,card_payment_not_recognised
tr_c1a0901789,I need some help linking my new card.,card_linking
tr_d3e3d7b0d1,How do I verify the source of my funds?,verify_source_of_funds
tr_98c26aee57,What is the way to go about getting a virtual card?,getting_virtual_card
tr_c7ead6ef9e,is there a limit on top ups,top_up_limits
tr_c7d14d199f,I sent a payment but now it's not showing up.,reverted_card_payment?
tr_5ad6f0b526,what is the age limit for opening a new account,age_limit
tr_9c68633ecc,I thought crypto top up with something you offer. This is not working. The money has been deducted from my account. Can you find out what's going on?,top_up_reverted
tr_680da53bed,I want to use my card. How do I activate it?,activate_my_card
tr_0a3bd209a9,What do I do if my phone is stolen?,lost_or_stolen_phone
tr_37dad1942a,"I want to hold and exchange fiat currencies, what can I use to do so?",fiat_currency_support
tr_c5de0877ae,"I want to get rid of the account, and delete personal information .",terminate_account
tr_2a35af96ae,"I performed a transfer within the country the day before yesterday, but it has not gone through? Can you check on that? The account number is definitely correct, as I've checked.",transfer_not_received_by_recipient
tr_a184657801,Why was I charged when taking out money?,cash_withdrawal_charge
tr_aee21f254c,Why was my withdrawal requested cancelled by the ATM?,declined_cash_withdrawal
tr_b5bb071a83,I don't think I should have been charged a fee to use my card.,card_payment_fee_charged
tr_a4855dd577,"When exchanging, how much are the rates?",exchange_rate
tr_0726560a3b,Why have I been charged an extra pound?,extra_charge_on_statement
tr_87f39b1369,Why am I being charged to make cash withdrawals? I thought they were supposed to be free!,cash_withdrawal_charge
tr_615bb37294,Can I set up to my account to automatically top up?,automatic_top_up
tr_b2773e5a39,My payment didn't work and the money is in back in my account.,reverted_card_payment?
tr_55200743d6,Any chance of getting the card outside the UK?,country_support
tr_01a9ca2f6d,What fiduciary currencies are supported for tenure and exchange?,fiat_currency_support
tr_bddeeb5c52,How much will it cost me for a SEPA transfer?,top_up_by_bank_transfer_charge
tr_9139e07a99,I can't input my pin again.,pin_blocked
tr_ce0872b6ef,I want to know your exchange rates.,exchange_rate
tr_7107a57b75,"Hello, I just checked my card transactions and saw that I was charged twice for a restaurant visit I did earlier this week. Is it possible to remove one of them and get my false paid money pack?",transaction_charged_twice
tr_516633070d,What is the reason a transfer shows as pending?,pending_transfer
tr_ef79a456f8,I am seeing a direct debit I wasn't aware of.,direct_debit_payment_not_recognised
tr_7db782b961,Am I able to use my account if the identity verification is not complete?,why_verify_identity
tr_6c7318b1fa,Please help me regarding a direct debit in the app that I don't recognize.,direct_debit_payment_not_recognised
tr_5dc03e015c,"I don't see my refund money yet in my account. I asked the merchant a while ago for a refund, so I don't know what's taking so long.  Can you look into it and see if the money is there, just not in my account yet?",Refund_not_showing_up
tr_4e3800c085,Do I need to do something to get a new card once it expires?,card_about_to_expire
tr_43e4d8672b,Why am I charged a fee for using my card on some purchases?,card_payment_fee_charged
tr_1184e03d8e,I need to change my phone number.,edit_personal_details
tr_82d36a9a88,My card couldn't pay in a shop.,declined_card_payment
tr_56e08407b7,I need to cancel my recent transfer as soon as possible. I made an error there. Please help before it goes through.,cancel_transfer
tr_8bb4643696,"On a card top-up, where can I verify?",verify_top_up
tr_285dd30ad9,My account says a withdrawal is pending - why can't I take cash out of the ATM?,pending_cash_withdrawal
tr_a387e024f2,I can still see money in my account after making a payment,balance_not_updated_after_bank_transfer
tr_9aa2bd60bc,"I think someone saw my PIN and I am on vacation in Spain, can I change it locally at an ATM?",change_pin
tr_58d6ffa3cc,"After I got my cash, I found out my exchange rate was wrong.",wrong_exchange_rate_for_cash_withdrawal
tr_ee626fa7b7,Why hasn't my withdrawal shown on my statement?,pending_cash_withdrawal
tr_88337e1f91,"I need to make a transfer from Europe, how many days does this take?",transfer_timing
tr_662cce8116,i transfered and yet it is still pending,pending_transfer
tr_565fc9620f,Why haven't I gotten my payment yet?,pending_card_payment
tr_d4b5d66c87,Why are my transfers getting declined?  I havent had a problem in the past.,declined_transfer
tr_2ddac1a353,"I did not get my virtual card yet, Why?",getting_virtual_card
tr_d2ef38aae6,Where can I get money from my card?,atm_support
tr_f140c45c13,How can I verify my source of funds?,verify_source_of_funds
tr_9c2bd8b503,I want to activate the card.,activate_my_card
tr_6eced00c34,Is it free to send out more cards?,getting_spare_card
tr_9973c2f8d0,How long is the delivery to the US?,card_delivery_estimate
tr_7e50e66d68,Can I get money in my home currency at an ATM? I'm on vacation and don't have cash with me. This is cause for a bit of concern. Is it possible to withdraw here without additional cost?,wrong_exchange_rate_for_cash_withdrawal
tr_97b9c0b629,I withdrew cash and I think the exchange rate is wrong.,wrong_exchange_rate_for_cash_withdrawal
tr_8e2ceff7f1,When will I receive the card?,card_delivery_estimate
tr_9f81649767,"If I need to cash foreign transfers, how does that work?",exchange_rate
tr_b4cc17d333,Is it possible to get another card?,getting_spare_card
tr_d94bc7c7da,How long does it take for a new card to ship?,card_arrival
tr_0531260e37,They used the wrong rate when I made a purchase with foreign currency.,card_payment_wrong_exchange_rate
tr_a70713bcaf,Currently I can't get my card to work.,card_not_working
tr_1827b4ed2b,"Hello, Please look into this matter urgently. As i have lost my wallet and i can see one withdrawal, now i do not want to loose more money.",cash_withdrawal_not_recognised
tr_a7949ab89f,need my details changed,edit_personal_details
tr_c0b52f313d,"I want to reactivate my card, I thought I had lost it but I found it.",card_linking
tr_768edbbff8,"Bank transfer to account did not show up, please help?",balance_not_updated_after_bank_transfer
tr_e76cf56e6f,The amount of exchange was not correct for the item i bought.,card_payment_wrong_exchange_rate
tr_7cb645e801,I have used this account overseas recently. Has there been an increase in fees that I am unaware of?,transfer_fee_charged
tr_0d9b510e39,Can I get my friends to add money to my account?,topping_up_by_card
tr_b1ed7d97d2,What ATMs will allow me to change my PIN?,change_pin
tr_d8f33570bb,Can I exchange my money for EUR?,fiat_currency_support
tr_4d1f1e1f16,I tried to use my disposable virtual card to pay a subscription to the gym and it got rejected. Any ideas why?,virtual_card_not_working
tr_65d1292706,I need a new card because the ATM took mine.,card_swallowed
tr_e9ca6addad,Why was my top up cancelled?,top_up_reverted
tr_8b25719bb7,How do I get extra cards?,getting_spare_card
tr_c9900dc11e,Who should I talk to or go to resolve a duplicate charge on my statement?,transaction_charged_twice
tr_bebb411518,"I am unable to activate my card, it won't let me.",activate_my_card
tr_799f41ddca,My statement has a charge that shouldn't have been made.,request_refund
tr_2b84a05f94,"A strange card payment, I do not recognize it.",card_payment_not_recognised
tr_b9f30e74a3,"The cheque I sent a few days ago has not been deposited yet, what is the hold up?",balance_not_updated_after_cheque_or_cash_deposit
tr_ce979fb642,How would I top up with a cheque?,top_up_by_cash_or_cheque
tr_e0a76a3760,I am confused about your fee structure and was disappointed to see a fee for my transfer.,transfer_fee_charged
tr_48ffd6cad7,I have not received the completed transaction.,transfer_not_received_by_recipient
tr_60adea8eb0,Will I get charged for topping up with an international card?,top_up_by_card_charge
tr_79c8c21222,Where do I go to update details?,edit_personal_details
tr_61386d9bf7,I made a transfer from France two days ago now but there hasn't made it there yet. Do international transfers take longer?,balance_not_updated_after_bank_transfer
tr_1fc69f246f,Will you guys charge me for topping up by transfer?,top_up_by_bank_transfer_charge
tr_f3788d2f1b,I don't think that my top-up worked.,top_up_failed
tr_5a7642e06e,Can I top-up by cheque?,top_up_by_cash_or_cheque
tr_d753d3d474,I would like a physical card,order_physical_card
tr_bd6fc46e9f,"My cash withdrawal shows pending, why?",pending_cash_withdrawal
tr_63b168256f,Will I be charged for exchanging foreign currencies?,exchange_charge
tr_250e702964,"Hi. A couple hours ago I make a transfer from my UK bank account, but it hasn't shown up. Please, would you see what the delay is?",balance_not_updated_after_bank_transfer
tr_b0f8f8fcba,Please help! I need a refund on a transaction on something I bought and I need the refund right away!,request_refund
tr_db47f241a6,how do I find the code to verify the top up card?,verify_top_up
tr_6462eade75,How do I top-up automatically?,automatic_top_up
tr_3e910dcdde,Will you work with any fiat currencies?,fiat_currency_support
tr_662d3065eb,I have tried a couple of times to make a purchase and my card keeps getting declined. Why do you keep denying my transfers? I have already tried a couple of times and it's not working.,declined_transfer
tr_c6e14c94f5,is there a fee for swift transfer,top_up_by_bank_transfer_charge
tr_18d201a720,Can you tell me where my funds come from?,verify_source_of_funds
tr_bc75c1e4f8,How can I use my American Express to add money into my account?,supported_cards_and_currencies
tr_125c58ab6f,I took out money from the ATM and it's still showing as pending?,pending_cash_withdrawal
tr_e2b871ad5a,How long will my ATM withdrawal be pending?,pending_cash_withdrawal
tr_cfd7c11e69,What are these fees i am paying?,card_payment_fee_charged
tr_12768bcbbf,Am I going to see a charge for a SEPA transfer?,top_up_by_bank_transfer_charge
tr_b90f0db79d,Is it possible to transfer money to my credit card?,topping_up_by_card
tr_dd4e17269d,I accidentally left my phone at the hotel so now I'm not able to use the app.,lost_or_stolen_phone
tr_fbc8508806,I am still waiting for a transfer to show,pending_transfer
tr_350012a67b,Are cards from the US accepted?,supported_cards_and_currencies
tr_b6ed3a22f2,Where do I go to order my card?,order_physical_card
tr_36f30eaa8c,I think I was double charged,transaction_charged_twice
tr_c8a0276dc6,What are the top-up fees for my card?,top_up_by_card_charge
tr_a8fb9cde80,Someone might have access to my card!  There are some strange payments showing up on my account.  What do I do?,card_payment_not_recognised
tr_075b943851,I have questions about how to transfer money to my account.,transfer_into_account
tr_d9bbb341f6,Is there a limit on how many times I can use a disposable card?,disposable_card_limits
tr_c771c1a1c1,When will the cash that I put in the ATM be cleared from pending status?,pending_cash_withdrawal
tr_93dfa726e6,"I transferred money to another country several days ago, but my transaction is still pending. i have checked that the accounts are keyed in correctly. what sees to be the problem?",pending_transfer
tr_88af1f3bf4,"There's a weird payment showing in my app that I definitely haven't made myself, as I haven't used the card at all that day. Please cancel that and return my money.",direct_debit_payment_not_recognised
tr_12f3ff1c1a,My statement does not reflect that a refund has been issued,Refund_not_showing_up
tr_2f89645a64,"I just checked and my payment was cancelled, why?",reverted_card_payment?
tr_0152664601,How come my refund hasn't appeared on my statement?,Refund_not_showing_up
tr_680700c7ee,"I'm having money transferred from Europe, how long will this take?",transfer_timing
tr_53db1dd9c3,How long does it take for my top up to clear?,pending_top_up
tr_7322cd2308,Why is there a random payment in my statement?,card_payment_not_recognised
tr_6f521c3279,Why would the app revert my payment?,reverted_card_payment?
tr_2bb016b514,I do not recognise the card payment.,card_payment_not_recognised
tr_2e42b67f40,Could you please help me figure out why the seller has not received their money after I sent it.,pending_transfer
tr_f07def599a,Is it possible to top up using a cheque?,top_up_by_cash_or_cheque
tr_d702a28175,$20 came out instead of $100,wrong_amount_of_cash_received
tr_b91bfdec84,"I tried transferring money to a beneficiary, however, I was unsuccessful.",beneficiary_not_allowed
tr_61a9889adb,"I think my card is broken or something. I tried using it and it wouldn't go through, please help.",card_not_working
tr_142cc5e4f4,How much does it cost to exchange my balance into a foreign currency?,exchange_charge
tr_0a5f7c5831,why was my payment reverted on the app,reverted_card_payment?
tr_13f67ebc87,When will my cash withdrawal show/,pending_cash_withdrawal
tr_133b2791a4,Where can I located the auto-top up option?,automatic_top_up
tr_a26cad3a00,What do I do if I see a transaction on my card that I don't recall making?,card_payment_not_recognised
tr_8bc8493e07,Tell me why my balance did not change when I tranferred cash.,balance_not_updated_after_bank_transfer
tr_317b300394,Why has my top up not gone through yet?,pending_top_up
tr_901b0754f2,"After my checque or cash deposit, my balance didn't update.",balance_not_updated_after_cheque_or_cash_deposit
tr_eda2c3f957,Does your app allow currency exchanges between USD and GBP?,exchange_via_app
tr_0aa0c0e60d,My top-up seems to be pending for a long time?,pending_top_up
tr_f028ae2f22,I don't remember my passcode?,passcode_forgotten
tr_cca0ad1af6,My account is depleted. Can I transfer funds from another bank?,transfer_into_account
tr_39b60e70de,What will happen after my card expires?,card_about_to_expire
tr_b1def64391,"My transfer is quite urgent, and finally worked out, but I've been waiting for it for quite some time. Can you tell me how long to expect to wait for it?",pending_transfer
tr_8e54971b2e,"Hello, I tried to take out some money out of the ATM, but it's still showing that it's pending? I really don't want to be charged for this.",pending_cash_withdrawal
tr_ad76c18bca,how do i get a new card,order_physical_card
tr_dbf40bf934,what is the fee for a transfer into my account,top_up_by_bank_transfer_charge
tr_519effd3c3,I had a dollar charged to my account that's still pending and wanted to know what the charge is for?,extra_charge_on_statement
tr_62e247a848,Which documents do I need for this identity check?,verify_my_identity
tr_de5472addf,I was made to pay an additional pound!,extra_charge_on_statement
tr_6c50f62943,Why hasn't my refund appeared on my statement?,Refund_not_showing_up
tr_2c345bdc16,"Someone is making transactions on my account, I think they took my card information.",compromised_card
tr_9cc3d14fd7,I am not able to see the card PIN anywhere?,get_physical_card
tr_6129854c2f,My top-up hasn't happened yet.,pending_top_up
tr_b3f624f03e,I'm having a hard time proving my identity.,unable_to_verify_identity
tr_99af1f1217,"I received my card, how do I get it to show in the app?",card_linking
tr_58ee597a9d,I added money through a bank transfer and it is not showing in my balance.,balance_not_updated_after_bank_transfer
tr_99436078f0,How much does it cost to get more cards?,getting_spare_card
tr_adc07aad11,Where can I do a cash withdrawal?,atm_support
tr_caef1c37e1,The exchange rate for me was wrong when I was abroad.,wrong_exchange_rate_for_cash_withdrawal
tr_98cbfb451c,Would I be able to use SWIFT transfers?,top_up_by_bank_transfer_charge
tr_10ed00b755,Why did my card payment not work?,declined_card_payment
tr_0eca46f9f3,Is a SWIFT transfer acceptable?,top_up_by_bank_transfer_charge
tr_25205bd1c7,The app is saying I made a withdrawl but I didn't.,cash_withdrawal_not_recognised
tr_c6b357fddb,How would I change my details?,edit_personal_details
tr_428cb01402,Where's my top up code?,verify_top_up
tr_b23651ca26,I ordered my card and it isn't here yet. I need it ASAP. When can I expect to get it?,card_delivery_estimate
tr_beaccb29c5,Can I make an account for my kids?,age_limit
tr_782007c6eb,what are the reasons I have to proof my identity to you?,why_verify_identity
tr_220264289d,unsupported transfer declined,declined_transfer
tr_8f8dc53372,Card payment has be declined.,reverted_card_payment?
tr_911d544616,Is there a fee to top up by bank transfers?,top_up_by_bank_transfer_charge
tr_2c6a3e56cf,What is the average pending time for a transaction?,pending_transfer
tr_562293394b,My account says I have a pending transfer.,pending_transfer
tr_3a9804723c,Why do you have an identity check?,why_verify_identity
tr_77220e623e,When are cards shipped?,card_delivery_estimate
tr_2210cfb9e6,"May monthly payment to Apple has been declined but I don't know why, they are going to re-try the payment and it must go through, can you tell me what is going on please?",declined_card_payment
tr_34980587d8,What currencies can I have?,fiat_currency_support
tr_232bb83732,who charged my card,transfer_fee_charged
tr_350c0f0b0b,how long does it take for a transfer to arrive,transfer_not_received_by_recipient
tr_861c96a17c,There is a Direct Debit that looks suspicious.,direct_debit_payment_not_recognised
tr_0c68f350a0,I'm trying to use a cheque to top up,top_up_by_cash_or_cheque
tr_e8d4a8e784,How do I get my card back quickly from a bank machine that it?,card_swallowed
tr_80ea82f364,What is this extra €1 fee about?,extra_charge_on_statement
tr_71ec2db2c3,I tried using my card at multiple vendors and now it's not working.,card_not_working
tr_5136d2dc46,"When will I see my cash, since I already deposited my check?",balance_not_updated_after_cheque_or_cash_deposit
tr_35a4a10430,How long does a check take to show up in the account balance?,balance_not_updated_after_cheque_or_cash_deposit
tr_c21b5903cc,"I'm not happy, I want to close my account.",terminate_account
tr_53b7dad54e,Money was transferred to me and I am unable to see it,pending_transfer
tr_0634e33525,Is there a way to reset my PIN?,pin_blocked
tr_f2e703cf8f,My top up isn't in my wallet.,topping_up_by_card
tr_a6ed0b5ee5,I checked on google and the exchange rate you are using is really bad. Can you update it?,card_payment_wrong_exchange_rate
tr_8cdf550790,"If I bought something I didn't like, can I get a refund?",request_refund
tr_6966fada2a,Are you aware of any charges for receiving money?,top_up_by_bank_transfer_charge
tr_f70826deb2,"I can't see if the transfer I did a couple days ago is in my account yet. I double checked my info before sending, too. Can you check this?",transfer_not_received_by_recipient
tr_5480432264,"Hey I double checked that I have the correct account details already, they're right for sure. Transfer is still pending since forever. It's not that difficult to transfer money to another country in 2018 is it?",pending_transfer
tr_6254648e7b,How long will my payment be pending?,pending_card_payment
tr_86c7f1907b,How long does it actually take for a card payment to go through? There's one stuck since a couple of days already that doesn't seem to move,pending_card_payment
tr_645f149eac,My credit card got declined for top up! What's going on? Can you check on why it didn't go through?,top_up_failed
tr_93021b7f6e,How long does transfers take?,balance_not_updated_after_bank_transfer
tr_b4f7a5ee75,What is the current exchange rate?,exchange_rate
tr_2688f15b27,My phone was left behind.  Can I still use my card?,lost_or_stolen_phone
tr_7331ec3e45,I got some cash in the ATM but its still pending,pending_cash_withdrawal
tr_f3bdfa9ba1,For what reason did my top-up get cancelled?,top_up_reverted
tr_ebcd482329,"My payment was put back, I think.",reverted_card_payment?
tr_11baa04b7b,What proof do you need for my identification?,unable_to_verify_identity
tr_7703860c27,The cash abroad exchange rate is applied wrong.,wrong_exchange_rate_for_cash_withdrawal
tr_0af1d10a47,Why is there a $1 charge on my statement?,extra_charge_on_statement
tr_f92f564fdb,How do you decide what your exchange rates are?,exchange_rate
tr_8cb341dc0d,Are you Visa or Mastercard?,visa_or_mastercard
tr_5af9505f69,"I asked for a certain amount of money from the ATM, but it gave me a different amount. Less than what I asked for.",wrong_amount_of_cash_received
tr_f9a8e920a5,What apps can I use to top up my account?,top_up_by_cash_or_cheque
tr_381a33d984,"When I received my money, it was not in the correct amount. The exchange rate was not what it should have been.",wrong_exchange_rate_for_cash_withdrawal
tr_8164023547,Help me!  I don't know what my password is.,passcode_forgotten
tr_08336f9c80,The recipient doesn't see the money transaction I made,transfer_not_received_by_recipient
tr_cb8ec21043,My card hasn't been working for even small transactions today.,card_not_working
tr_63059c1cb8,What is the maximum top up?,top_up_limits
tr_08c6db9c5c,Is there always a charge when withdrawing money?,cash_withdrawal_charge
tr_bebde8d101,What are the charges for recieving SEPA transfers?,top_up_by_bank_transfer_charge
tr_378ba4e13f,I was charge a fee that I wasn't told about,transfer_fee_charged
tr_aebbb363cc,I swear that there are 2 payments on the app that I didn't make.  Could my card me stolen?  Please advise what I should do.,card_payment_not_recognised
tr_e102bf4074,i tried to withdraw money but was told i didn't have funds,declined_cash_withdrawal
tr_0453a677b2,Problem with my top up going through,pending_top_up
tr_cae9232e9c,How do I know which countries you provide service in?,country_support
tr_f2361b1efc,I live in the EU.  Can I order one of your cards?,country_support
tr_6a9bdfea7e,How do I add an existing card to the app?,card_linking
tr_ed4caec1c7,I believe that the rate of exchange for my cash withdrawl is incorrect.,wrong_exchange_rate_for_cash_withdrawal
tr_f6784e53e7,Will you send me a new card in China?,card_about_to_expire
tr_12e70cf874,Whats the minimum age to have an account,age_limit
tr_9e5c899669,I sees some suspicious spending on my credit card that I don't recall I had made. What should I do?,compromised_card
tr_4a00d6727a,Can I use a disposable virtual card for any purchase?,get_disposable_virtual_card
tr_f48c24de62,Do the disposable cards have any restrictions on them?,disposable_card_limits
tr_40b0a9c5c8,I have an account that is empty of funds. Can I transfer some from another bank?,transfer_into_account
tr_c7ad88b9bf,There is a duplicate charge on my account.,transaction_charged_twice
tr_1d2c02bf1a,Why is it taking so long to update my balance transfer?,balance_not_updated_after_bank_transfer
tr_80d064c693,How long do cheques take to post to your account?,balance_not_updated_after_cheque_or_cash_deposit
tr_6ead8a6251,There was an unexpected fee for my cash withdrawal!,cash_withdrawal_charge
tr_0c9df194a4,My card payment was cancelled it seems.,reverted_card_payment?
tr_49e2ff1f1a,I have another card from the U.S. Will you be able to accept that one?,supported_cards_and_currencies
tr_3db0831952,can i top up from a usa credit card,supported_cards_and_currencies
tr_39781645d8,I didn't know I was going to get charged to use my card.,card_payment_fee_charged
tr_29a8489ee4,I believe my top up has failed,top_up_failed
tr_46b8c2d06c,There are some card payments that I haven't done myself. What is going on with my card and does somebody else have access to my card?,card_payment_not_recognised
tr_5798875f2b,I can't see a refund for a return I completed recently.,Refund_not_showing_up
tr_e80b66879a,where is the code for verifying the top up card?,verify_top_up
tr_1b0ee6f89b,How do i change my identity?,verify_my_identity
tr_8286c340a3,What sort of restrictions are there for the disposable cards?,disposable_card_limits
tr_a3c51374ea,Tell me how to renew my new card?,activate_my_card
tr_d46c1dd0f1,I wish to use my American Express to put funds into my account.,supported_cards_and_currencies
tr_f005b0cd9e,Can you tell me the restrictions for the disposable cards?,disposable_card_limits
tr_e439c29518,Why is there a fee for doing a transfer?,transfer_fee_charged
tr_bf9c724225,Which cards are accepted for topping up?,supported_cards_and_currencies
tr_678955698b,Can an apple watch be used to tup-up?,apple_pay_or_google_pay
tr_f0a7cbed82,When will my transfer move out of pending stage?,pending_transfer
tr_1beced295e,There is a payment with my card which i definitely did not make by me .Never seen that it before.,card_payment_not_recognised
tr_2cbbb42aef,"I notice a transaction a couple of weeks ago in my account, from a seller that I don't recognize. Is there a way we can trace back the information to make sure it was truly something I did?",direct_debit_payment_not_recognised
tr_cc9cf243b7,My order needs to be canceled.,request_refund
tr_4c596507e6,Why did my exchange rate change?,wrong_exchange_rate_for_cash_withdrawal
tr_a5825cbcb1,Can you help me track my card?,card_arrival
tr_0ab09b1238,Why can't I transfer to an account?,beneficiary_not_allowed
tr_0858fcf960,Where can I get a new passcode?,passcode_forgotten
tr_0710dc10c2,Yesterday I had my phone stolen.  Please advise what I should do.,lost_or_stolen_phone
tr_3b7451e655,"I want to use my card, how would I activate it?",activate_my_card
tr_233af88907,"My details need to be changed, how can I do so?",edit_personal_details
tr_78c64a6fef,Can I order a disposable virtual card?,get_disposable_virtual_card
tr_47327edd12,Which currencies do you accept for adding money?,supported_cards_and_currencies
tr_412161aeff,Why couldn't I make a withdrawal from the ATM?,declined_cash_withdrawal
tr_034fad42ce,When I was drunk I got my card stuck in your machine because i mis-typed my PIN. What do I need to do to get it restored?,pin_blocked
tr_697b18c1b9,How can I get a card sent to China?,card_about_to_expire
tr_06a72b0421,Can you show me where to link the new card?,card_linking
tr_e0080adbbf,I requested a refund from Next because the dress I purchased had three arm holes. They said they sent the refund last Wednesday which is nearly a week ago and I still don't have it.  Why not?,Refund_not_showing_up
tr_c5d2040d61,Can I have it delivered on the date I need it delivered?,card_delivery_estimate
tr_c02b9c0a88,Can it be delivered on a certain date?,card_delivery_estimate
tr_20a7339a48,my phone has been stolen by someone,lost_or_stolen_phone
tr_09b63fda74,When will my top up be applied?,pending_top_up
tr_8f65fc42ff,I don't know if I made this payment on my card.,card_payment_not_recognised
tr_658c1158c0,What is the meaning of a pending payment?,pending_card_payment
tr_e519c22410,An extra fee of €1 was in my statement,extra_charge_on_statement
tr_7f4122fe08,"My card has been declined by two separate ATM, and I'm worried something is wrong with my account. Would you please see if my account is okay?",declined_cash_withdrawal
tr_cf1ad3decc,I wasn't allowed to transfer to my account,beneficiary_not_allowed
tr_c22b2bf51f,Do I have a say when it's delivered?,card_delivery_estimate
tr_4e25883e5f,"Hello there, I tried using crypto top up today but it's not working for me, might it be due to the kind of bank I'm using or the country that I'm from?Money is also missing from my account",top_up_reverted
tr_e49d037a74,I need to make a transfer but it keeps getting declined I need Help!,declined_transfer
tr_10f6f46aac,What does it mean if my payment is pending?,pending_card_payment
tr_6531a0b0d6,How do I reset my passcode?,passcode_forgotten
tr_763091e0ae,Why wouldn't the ATM give me cash?,declined_cash_withdrawal
tr_c758f0cd58,What is the reason for the identity check,why_verify_identity
tr_1e1e4eec81,I lost my wallet and I think someone is withdrawing cash with my card. Please help. It is urgent.,cash_withdrawal_not_recognised
tr_91a601cc47,I think I lost my phone.  Is there a way to prevent anyone from getting into my account on it?,lost_or_stolen_phone
tr_3415dffa41,I was supposed to get a refund but I do not see it.,Refund_not_showing_up
tr_c9c9f95bba,I have exceeded the number of PIN attempts,pin_blocked
tr_cc2e1fd0ee,how do the cards work?,get_disposable_virtual_card
tr_851cb8c14a,Am I getting charged for making a payment?,card_payment_fee_charged
tr_9668591276,How much longer is it going to take to get my new card?,card_arrival
tr_d6857a4b09,I have not received my pin yet,get_physical_card
tr_4f8d0bace8,I need a number of disposable cards everyday.,disposable_card_limits
tr_e01d4f87f2,In my account I noticed my ATM withdrawal is still pending,pending_cash_withdrawal
tr_d5b51d25d1,I am seeing in the App a diret debit that its not mine,direct_debit_payment_not_recognised
tr_14b7bf8f7f,Do I get a real card?,order_physical_card
tr_56706cf525,"I need to add a serious amount of cash to my card, how do I do that?",top_up_limits
tr_11260d4500,Is there a limit to the top-ups someone can do?,top_up_limits
tr_cfa1de98af,Where is the cash I deposited?,balance_not_updated_after_cheque_or_cash_deposit
tr_bc851500c0,"I sent a cheque to you a few days ago and the deposit has yet to appear in my account. I need this money, what is the problem?",balance_not_updated_after_cheque_or_cash_deposit
tr_2b3f15ba34,Do you deal with EUR?,fiat_currency_support
tr_65a413f4e0,Why would the app show a withdrawal that I did not make?,cash_withdrawal_not_recognised
tr_50332227a9,Is there any amount in which I would get cut off from topping up?,top_up_limits
tr_7ed01695f2,Do I need to pay more for exchanging currencies?,exchange_charge
tr_c93ab46195,I tried to purchase airline tickets online this morning and my card information isn't working. Is there something going on with my account?,card_not_working
tr_2290b15c16,Do you give refunds?,request_refund
tr_93cf932eab,I was charged a fee for a transfer.,transfer_fee_charged
tr_2f70854bef,What should I do to top up using my Apple Watch?,apple_pay_or_google_pay
tr_e54e4586c8,The app is not able to realize that it is me.,unable_to_verify_identity
tr_6f3079e017,I'd like to know what the foreign exchange rate will be.,exchange_rate
tr_9b3c21bbd9,Do you accept cheques for top ups?,top_up_by_cash_or_cheque
tr_535a607852,Will you assess me more fees if I top up with an international card?,top_up_by_card_charge
tr_2f421abf57,Is it possible to change from AUD to GBP?,exchange_via_app
tr_d1a31f8263,I lost my phone and need help protecting it.,lost_or_stolen_phone
tr_58e6adeed7,How can you transfer my salary to my correct currency?,receiving_money
tr_816a8cd695,What is the top up code for?,verify_top_up
tr_c97dfe8076,My account statements show a debit payment that I didn't make it's from some time ago I need to know if it is disputable.,direct_debit_payment_not_recognised
tr_b46849dfe8,I need to update my address.,edit_personal_details
tr_4a2dcfe7ba,What do I do if I believe to be a victim of credit card fraud?,compromised_card
tr_60021f9440,I thought I would have received my new card at this point.,card_arrival
tr_45521d0ed0,Can I trace where my funds came from?,verify_source_of_funds
tr_a63ad4f6f1,Is there an exchange rate?,exchange_rate
tr_f40b78780e,Would I be able to top up as much as I can?,top_up_limits
tr_e0c8e2e20a,"How do I know if I will get my card, or if it is lost?",card_arrival
tr_eba63ecfca,"I just got a new card, and I want to know how to activate.",activate_my_card
tr_b5dd08d2a2,I need to cancel my recent transfer. I made a mistake. Please help quickly before the transfer goes through.,cancel_transfer
tr_cc5b1429f1,I tried to make a transfer but it failed. will you tell me why?,failed_transfer
tr_9b87bc0b73,What is the number of transactions I get with a disposable card?,disposable_card_limits
tr_1148bea03d,Why is there an uknown charge showing on my account?,card_payment_not_recognised
tr_14d027d34f,"My son has just turned 13, is he old enough for an account?",age_limit
tr_588f265a7f,"Card payment was declined, do you know why?",declined_card_payment
tr_52cc93dcf4,Show me the source of my money.,verify_source_of_funds
tr_d918c97470,There is a strange charge on my debit statement,direct_debit_payment_not_recognised
tr_2b54e61cee,"I got some cash at an ATM earlier, but now app is showing that I withdrew more than I did.  Help!",wrong_amount_of_cash_received
tr_74a07cace8,I lost track of my card,lost_or_stolen_card
tr_c0d87da71c,My card activation is failing.,activate_my_card
tr_08b56b4dfc,Still waiting for transfer to be completed.,transfer_not_received_by_recipient
tr_20bc8b7f05,I have a card payment that I don't recognize. What should I do?,card_payment_not_recognised
tr_8f00dc8126,"I went to the store and tried to make a purchase.  The first time, it was declined, but the second one went through.  But my App shows me that I've already been charged once and the second charge is still pending.  Can you make sure that I'm not charged twice?",transaction_charged_twice
tr_c32bfcbbf7,I found my lost card in my jacket pocket this morning so I'd like to reactivate it please.,card_linking
tr_6f430136b0,Tell me why there is a charge on my cash withdrawl.,cash_withdrawal_charge
tr_33e4b68473,How can I find out where the funds are flow?,verify_source_of_funds
tr_65ed6d759c,I want to add money automatically when I travel.,automatic_top_up
tr_2e19368194,I made a transaction at an atm and was charged extra for it.,cash_withdrawal_charge
tr_117cc38c16,"Hello, Just now i got to know withdrawal of money from of my account. As someone used my card to withdraw amount in any odd remote area. Since i have not been in that area, please freeze my card immediately.",cash_withdrawal_not_recognised
tr_c9e7ae3e97,What do I do if I forgot my passcode?,passcode_forgotten
tr_9865b553ae,Why was I unable to finish this transfer?,failed_transfer
tr_03730f56d7,Who accepts the card?,card_acceptance
tr_340a4341c6,How do I change my card PIN?,change_pin
tr_f73076e168,The exchange rate was wrong in the foreign country I got cash in.,wrong_exchange_rate_for_cash_withdrawal
tr_42ee77a4cb,My card didn't work at the ATM in Notting Hill.  Is my card working?,declined_cash_withdrawal
tr_2ed0292306,This card is accepted by what businesses?,card_acceptance
tr_4b588d4fb4,What do I do if my card expires soon?,card_about_to_expire
tr_25b4cbc8fc,"I got a message saying I made a withdrawal from the bank machine, but I did not.",cash_withdrawal_not_recognised
tr_8ed5f1f8b3,I am not happy with your company. Please delete my account asap.,terminate_account
tr_77e0096c05,What happens when my card expires?,card_about_to_expire
tr_4bdbb9a3d7,"My card was supposed to arrive, but hasn't?",card_arrival
tr_6e7779df18,I made an ATM withdrawal over the holiday and then later realized I was charged an exorbitant fee!  I never would've made this withdrawal if I'd known I'd be charged so much.,wrong_exchange_rate_for_cash_withdrawal
tr_452d35eb18,"I am having a slight problem with my American express in apple play, can you help me fix the problem with top up?",apple_pay_or_google_pay
tr_9c1396b18c,How do I verify my source of funds?,verify_source_of_funds
tr_44256b1210,Tell me why my transfer is pending.,pending_transfer
tr_32da35423e,"I made a transfer and the receiver did not get the right amount its lesser than what it should be,Now I have to transfer more money to make up for the missing amount . Can you please help me about this, what should be done",transfer_fee_charged
tr_55dc4b9398,Are there a certain amount of transactions i can do with one disposable card?,disposable_card_limits
tr_77b312b15a,Why was my top-up declined?,top_up_reverted
tr_49468a18e8,My cash withdrawal was not entirely complete,wrong_amount_of_cash_received
tr_24a2c8ba78,Could you send me and up date on the arrival of my card?,card_arrival
tr_ad129d9664,Does Google Pay offer a top up option?,apple_pay_or_google_pay
tr_765ac4dd4f,I would like to change currency,exchange_via_app
tr_a6a1f8310f,Where can i find my top-up verification code?,verify_top_up
tr_9e8838ba3a,I believe that my card has been stolen!,lost_or_stolen_card
tr_59417bd90b,How do I replace my card before it expires?,card_about_to_expire
tr_61a99cbd5a,Can I get a card? I live in the US.,country_support
tr_891f47b19e,The date my card expires is coming up,card_about_to_expire
tr_800362c283,My top up did not complete.,pending_top_up
tr_ffb1fd9d6d,It seems that something went wrong with my exchange. I changed Russian Ruble into UK pounds but have been charged entirely too much!,card_payment_wrong_exchange_rate
tr_6a1671ccf3,What is the cost for physical cards?,order_physical_card
tr_33664f89a1,When I was abroad the exchange rate for me was wrong.,wrong_exchange_rate_for_cash_withdrawal
tr_bc57cc17c6,How can I lookup the source for my available money?,verify_source_of_funds
tr_3cb234db13,How do I order my card?,order_physical_card
tr_d6c262f957,I've been waiting for over an hour for a top up to go through.  How long is this supposed to take?  I really need this money.,pending_top_up
tr_10830e46de,What countries are you supporting?,country_support
tr_2da5f53e6d,I made a purchase and was charged at the wrong foreign exchange rate.,card_payment_wrong_exchange_rate
tr_55bb11b8fb,How can I tell what foreign exchange rate I will get?,exchange_rate
tr_05556a17f5,I got less cash than what I specified for through the ATM.,wrong_amount_of_cash_received
tr_7ff2ede24f,My card is lost!  Please help me!,lost_or_stolen_card
tr_fc218385b7,How long does a transfer transaction take?,transfer_timing
tr_23f3126625,I want to get a Visa,visa_or_mastercard
tr_ca1ba8dee2,Why hasn't payment gone through yet?,pending_card_payment
tr_cc56f060c6,Somebody used my card without my knowledge!,compromised_card
tr_ed7504b19e,Do I get charged if I am receiving money?,top_up_by_bank_transfer_charge
tr_ffa27d8f5b,Can I use my account although the identity verification has not been accepted yet?,why_verify_identity
tr_ff3dc6e90e,why top up is not working even if I got my American Express in Apple Bay?,apple_pay_or_google_pay
tr_c66028b70a,I need to report a stolen card,lost_or_stolen_card
tr_5a3755f182,Why is there a pending time on my transfer?,pending_transfer
tr_2de2059e36,I do not see the card PIN anywhere?,get_physical_card
tr_4ee05cf157,I am confused why there is cash I did not accept in my account,cash_withdrawal_not_recognised
tr_45349e73eb,"I tried to withdraw money, but was unable to. Still says that the transaction is pending? Will this money disappear??",pending_cash_withdrawal
tr_8be7b6d278,I must verify the source of my funds,verify_source_of_funds
tr_de94c97a4a,What should I do if someone stole my phone?,lost_or_stolen_phone
tr_1762c93ad8,There is random cash in my account.,cash_withdrawal_not_recognised
tr_57392a4e8c,Why isn't my google top-up pay working?,apple_pay_or_google_pay
tr_62dca98e7a,How long do money transfers take? My friend really needs the money i sent a couple of hours ago but it's not there yet.,transfer_not_received_by_recipient
tr_899be04d9d,Do you charge extra for exchanging currencies?,exchange_charge
tr_e2aefbff6a,I was so embarrassed. Why didn't my payment clear?,declined_card_payment
tr_637c73cf02,I transferred money from one account to another account and I charged a fee for it. Why is that?,transfer_fee_charged
tr_dbc45d0609,Is a bank transfer acceptable for topping up my account?,transfer_into_account
tr_afdfa2d1af,"I was just shopping and my payment was declined in a store!  It was very embarrassing, what is going on and when will it be fixed?",declined_card_payment
tr_49bc11b506,You shorted me money when I tried to make a withdrawal.,wrong_amount_of_cash_received
tr_a983a7aa1e,I didn't make the direct debit payment on my account.,direct_debit_payment_not_recognised
tr_a98457332b,What happens when a payment is reverted?,reverted_card_payment?
tr_04bef45534,how come my withdrawal rate is wrong for my cash withdrawal,wrong_exchange_rate_for_cash_withdrawal
tr_48e12ec23b,How long does it take for a payment to change from pending?,pending_card_payment
tr_138e238bb3,How can I transfer money between accounts?,transfer_into_account
tr_5d34d5c011,How far is the closest ATM from me?,atm_support
tr_f54153b455,Why hasn't my transaction arrived to my friend yet?,transfer_not_received_by_recipient
tr_0b6385918b,what is the cost for exchanging currencies?,exchange_charge
tr_67944d45be,I don't live in the UK. Can I still get a card?,country_support
tr_299e74d039,Can my job deposit my wages directly into the account.,receiving_money
tr_5333c64928,"I might be paranoid, but someone may be using my card.",compromised_card
tr_8b6445da31,Who do I talk to for transactions debited twice?,transaction_charged_twice
tr_12e48d20db,"My wallet isn't showing my top-up, did I do something wrong?",topping_up_by_card
tr_cc83e0d8ba,Tell me what the steps for the identity checks are,verify_my_identity
tr_f58f3679ea,My new card needs activating.,activate_my_card
tr_39a6fe2afd,It won't let me verify my identity.,unable_to_verify_identity
tr_01f208576b,I would like a virtual card...how do I get one?,getting_virtual_card
tr_bf5cb42118,"I was out today looking forward to paying with my new card, turns out the payment kept getting declined. This is really sad, what's going on?",declined_card_payment
tr_68a6944e16,Can I order a card?,order_physical_card
tr_bd5d4f871b,"It seems I've suddenly been charged for my recent ATM cash withdrawal. What's up with that? I though withdrawals are free, you never charged me so far!",cash_withdrawal_charge
tr_617e5df6c1,Can you tell me why I can't make any transactions?,card_not_working
tr_1b3c694348,I would like to know why so much identity information is required?,why_verify_identity
tr_1f94412023,Is the fee with my cash withdrawal a mistake?,cash_withdrawal_charge
tr_3048c95d8e,"I received a refund, however I cannot see it in my account",Refund_not_showing_up
tr_843ea4722a,Why would my transfer result in a decline message?,declined_transfer
